relpath,label,pred,conf,p_apple_scab,p_black_rot,p_cedar_apple_rust,p_healthy
fgvc8_by_class/apple_scab/da93c213cecc30fc.jpg,0,1,0.7905,0.2074,0.7905,0.0002,0.0018
fgvc8_by_class/apple_scab/c9e1a9f5d5d41702.jpg,0,0,0.9645,0.9645,0.0000,0.0000,0.0355
fgvc8_by_class/apple_scab/d0a630d66786e51f.jpg,0,0,0.9892,0.9892,0.0069,0.0017,0.0021
fgvc8_by_class/apple_scab/a380d784cbdd09ed.jpg,0,0,0.5725,0.5725,0.3482,0.0021,0.0772
fgvc8_by_class/apple_scab/845d964d9f69b149.jpg,0,0,0.9864,0.9864,0.0001,0.0001,0.0135
fgvc8_by_class/apple_scab/aded180ce7fd4418.jpg,0,0,0.7581,0.7581,0.2239,0.0026,0.0154
fgvc8_by_class/apple_scab/e112d42b1fe2eab4.jpg,0,0,0.9312,0.9312,0.0403,0.0000,0.0285
fgvc8_by_class/apple_scab/96806be4dfba20ad.jpg,0,0,0.9709,0.9709,0.0026,0.0005,0.0260
fgvc8_by_class/apple_scab/85f16dde871c9a21.jpg,0,0,0.9924,0.9924,0.0001,0.0000,0.0075
fgvc8_by_class/apple_scab/9f9300c3fcd9d740.jpg,0,0,0.8848,0.8848,0.0073,0.0004,0.1075
fgvc8_by_class/apple_scab/a88117cbf978e82d.jpg,0,0,0.9616,0.9616,0.0004,0.0001,0.0379
fgvc8_by_class/apple_scab/80b3a893ed3a2f3c.jpg,0,0,0.7283,0.7283,0.1286,0.0001,0.1430
fgvc8_by_class/apple_scab/fde49181de95891a.jpg,0,0,0.9965,0.9965,0.0000,0.0000,0.0035
fgvc8_by_class/apple_scab/c1b585dd9cb4b838.jpg,0,0,0.9327,0.9327,0.0000,0.0000,0.0673
fgvc8_by_class/apple_scab/92d86add35aa8b19.jpg,0,0,0.6816,0.6816,0.0026,0.0000,0.3158
fgvc8_by_class/apple_scab/d8e06ae3a507fe50.jpg,0,0,0.9510,0.9510,0.0034,0.0001,0.0455
fgvc8_by_class/apple_scab/94a873d2895adda5.jpg,0,1,0.9906,0.0024,0.9906,0.0067,0.0004
fgvc8_by_class/apple_scab/fef4d0928b8d6d04.jpg,0,0,0.9838,0.9838,0.0000,0.0000,0.0162
fgvc8_by_class/apple_scab/83b32ea384bf9634.jpg,0,3,0.9158,0.0837,0.0004,0.0001,0.9158
fgvc8_by_class/apple_scab/ca40775cfb40e175.jpg,0,0,0.9515,0.9515,0.0393,0.0010,0.0083
fgvc8_by_class/apple_scab/d1da6378e5c3cc05.jpg,0,0,0.9446,0.9446,0.0130,0.0002,0.0422
fgvc8_by_class/apple_scab/d4eccc89612723b7.jpg,0,0,0.9958,0.9958,0.0002,0.0016,0.0024
fgvc8_by_class/apple_scab/802969daaddbbc8c.jpg,0,3,0.3738,0.2860,0.3400,0.0002,0.3738
fgvc8_by_class/apple_scab/80bf683dd70c3fa0.jpg,0,0,0.9783,0.9783,0.0163,0.0022,0.0033
fgvc8_by_class/apple_scab/fbd4c16a425fa8a8.jpg,0,0,0.9937,0.9937,0.0034,0.0000,0.0028
fgvc8_by_class/apple_scab/80230a9a3f7a9f6b.jpg,0,0,0.8199,0.8199,0.0000,0.0000,0.1801
fgvc8_by_class/apple_scab/c8841f4c7e7a31ba.jpg,0,1,0.9751,0.0215,0.9751,0.0006,0.0028
fgvc8_by_class/apple_scab/d5d672928393f885.jpg,0,0,0.6510,0.6510,0.0418,0.0003,0.3069
fgvc8_by_class/apple_scab/dee870b57ae22492.jpg,0,0,0.9947,0.9947,0.0041,0.0006,0.0006
fgvc8_by_class/apple_scab/adc46dcf928ac259.jpg,0,1,0.7346,0.2564,0.7346,0.0056,0.0034
fgvc8_by_class/apple_scab/e7857fea4a5480b8.jpg,0,1,0.7944,0.2028,0.7944,0.0013,0.0015
fgvc8_by_class/apple_scab/f9c44e2d40b792b6.jpg,0,0,0.5049,0.5049,0.0253,0.0000,0.4697
fgvc8_by_class/apple_scab/ddd8d0c20f073c73.jpg,0,0,0.5062,0.5062,0.3985,0.0018,0.0936
fgvc8_by_class/apple_scab/9f003f02fffef000.jpg,0,0,0.9942,0.9942,0.0000,0.0000,0.0058
fgvc8_by_class/apple_scab/a1d2956746e5e938.jpg,0,0,0.9884,0.9884,0.0078,0.0001,0.0037
fgvc8_by_class/apple_scab/f4ccca47a4174f32.jpg,0,0,0.9276,0.9276,0.0651,0.0003,0.0071
fgvc8_by_class/apple_scab/c0feb19f5595d204.jpg,0,0,0.6056,0.6056,0.0011,0.0001,0.3933
fgvc8_by_class/apple_scab/9ebe7010caaabd07.jpg,0,0,0.9581,0.9581,0.0305,0.0055,0.0060
fgvc8_by_class/apple_scab/df0492cfb4c2317c.jpg,0,0,0.9909,0.9909,0.0005,0.0000,0.0086
fgvc8_by_class/apple_scab/bf3f407b6442d682.jpg,0,1,0.9831,0.0159,0.9831,0.0004,0.0005
fgvc8_by_class/apple_scab/8ab625a1b6acb396.jpg,0,0,0.5178,0.5178,0.1014,0.0424,0.3384
fgvc8_by_class/apple_scab/8a27d495855e55da.jpg,0,0,0.7241,0.7241,0.0000,0.0000,0.2759
fgvc8_by_class/apple_scab/d1d36a635e46165c.jpg,0,0,0.9902,0.9902,0.0031,0.0000,0.0067
fgvc8_by_class/apple_scab/a5dabac2ed553130.jpg,0,0,0.8499,0.8499,0.1491,0.0001,0.0009
fgvc8_by_class/apple_scab/acb494e23b6f2626.jpg,0,1,0.9322,0.0611,0.9322,0.0026,0.0041
fgvc8_by_class/apple_scab/c68f549a0abc7db0.jpg,0,0,0.9904,0.9904,0.0000,0.0000,0.0096
fgvc8_by_class/apple_scab/e911d01bda87d86e.jpg,0,0,0.9789,0.9789,0.0015,0.0000,0.0196
fgvc8_by_class/apple_scab/a03e9255de4d64ad.jpg,0,1,0.7646,0.2291,0.7646,0.0058,0.0005
fgvc8_by_class/apple_scab/ff7a80c082edc6d4.jpg,0,0,0.8675,0.8675,0.0169,0.0005,0.1151
fgvc8_by_class/apple_scab/f11b9bc059ef4c48.jpg,0,0,0.5502,0.5502,0.3834,0.0000,0.0664
fgvc8_by_class/apple_scab/cdd1859c163a7ea1.jpg,0,1,0.9764,0.0225,0.9764,0.0000,0.0010
fgvc8_by_class/apple_scab/baf181839e6a4a6d.jpg,0,3,0.9956,0.0039,0.0003,0.0002,0.9956
fgvc8_by_class/apple_scab/8a956ab79447896e.jpg,0,0,0.9227,0.9227,0.0000,0.0000,0.0772
fgvc8_by_class/apple_scab/dfd32a5a09cec5c0.jpg,0,0,0.9976,0.9976,0.0007,0.0015,0.0002
fgvc8_by_class/apple_scab/8ba18172cf6a7a74.jpg,0,0,0.9963,0.9963,0.0000,0.0000,0.0037
fgvc8_by_class/apple_scab/e5f02fd3a051a05f.jpg,0,0,0.9237,0.9237,0.0171,0.0004,0.0588
fgvc8_by_class/apple_scab/c3da73c2c3030bbb.jpg,0,0,0.9917,0.9917,0.0000,0.0000,0.0083
fgvc8_by_class/apple_scab/c0c73d4ea046bf6c.jpg,0,1,0.9316,0.0624,0.9316,0.0040,0.0019
fgvc8_by_class/apple_scab/b57dc03e015cbd85.jpg,0,1,0.9957,0.0036,0.9957,0.0000,0.0007
fgvc8_by_class/apple_scab/d5f22af236257225.jpg,0,0,0.9742,0.9742,0.0009,0.0029,0.0220
fgvc8_by_class/apple_scab/8b2537f3a4cccaa4.jpg,0,1,0.9934,0.0050,0.9934,0.0006,0.0010
fgvc8_by_class/apple_scab/af78c28a0afbfd00.jpg,0,0,0.9900,0.9900,0.0010,0.0000,0.0089
fgvc8_by_class/apple_scab/e83f9fa0cc63809d.jpg,0,1,0.9167,0.0073,0.9167,0.0000,0.0760
fgvc8_by_class/apple_scab/e825b3609ba0d9bb.jpg,0,0,0.9803,0.9803,0.0000,0.0000,0.0197
fgvc8_by_class/apple_scab/ad029437daf61dc2.jpg,0,3,0.6769,0.3216,0.0015,0.0000,0.6769
fgvc8_by_class/apple_scab/b4dec60f123c5555.jpg,0,0,0.9956,0.9956,0.0020,0.0003,0.0021
fgvc8_by_class/apple_scab/fed19163686661b4.jpg,0,1,0.9988,0.0008,0.9988,0.0002,0.0002
fgvc8_by_class/apple_scab/9d126715741c56fa.jpg,0,1,0.7964,0.1817,0.7964,0.0160,0.0059
fgvc8_by_class/apple_scab/ebe9f0f081c42ec5.jpg,0,0,0.7356,0.7356,0.0001,0.0000,0.2643
fgvc8_by_class/apple_scab/dd8603d967a3d506.jpg,0,0,0.9824,0.9824,0.0090,0.0016,0.0070
fgvc8_by_class/apple_scab/ab28c0fd86d14fd8.jpg,0,3,0.9702,0.0298,0.0000,0.0000,0.9702
fgvc8_by_class/apple_scab/8ed644869ee5d14b.jpg,0,0,0.7902,0.7902,0.2021,0.0016,0.0061
fgvc8_by_class/apple_scab/d0f45e8c6c4b4c8f.jpg,0,0,0.9066,0.9066,0.0739,0.0000,0.0195
fgvc8_by_class/apple_scab/dc761f4ff008e0e1.jpg,0,0,0.9983,0.9983,0.0006,0.0000,0.0011
fgvc8_by_class/apple_scab/f26ec92b29d19784.jpg,0,0,0.8490,0.8490,0.0279,0.0006,0.1225
fgvc8_by_class/apple_scab/a54dc86fe63289d1.jpg,0,0,0.7737,0.7737,0.2153,0.0002,0.0107
fgvc8_by_class/apple_scab/8d8d9c3ba6c96658.jpg,0,1,0.9997,0.0002,0.9997,0.0000,0.0000
fgvc8_by_class/apple_scab/98810a3d6d3bbe5a.jpg,0,0,0.6016,0.6016,0.3884,0.0004,0.0096
fgvc8_by_class/apple_scab/8e8e96c59a6a01fd.jpg,0,0,0.9735,0.9735,0.0206,0.0005,0.0054
fgvc8_by_class/apple_scab/819e2f789d61e1cc.jpg,0,0,0.6095,0.6095,0.0000,0.0000,0.3905
fgvc8_by_class/apple_scab/ad63c85545ad722e.jpg,0,0,0.9946,0.9946,0.0001,0.0000,0.0053
fgvc8_by_class/apple_scab/ea0055abe7d2127d.jpg,0,1,0.9227,0.0214,0.9227,0.0011,0.0549
fgvc8_by_class/apple_scab/90c8697a931dd61f.jpg,0,1,0.5027,0.4649,0.5027,0.0095,0.0229
fgvc8_by_class/apple_scab/81405ffffafcc020.jpg,0,0,0.9907,0.9907,0.0000,0.0000,0.0093
fgvc8_by_class/apple_scab/da3ed88c749b618c.jpg,0,1,0.7764,0.2164,0.7764,0.0004,0.0068
fgvc8_by_class/apple_scab/d53667c0acab2e89.jpg,0,0,0.8977,0.8977,0.0000,0.0000,0.1023
fgvc8_by_class/apple_scab/d1b1b3a336e3044f.jpg,0,0,1.0000,1.0000,0.0000,0.0000,0.0000
fgvc8_by_class/apple_scab/940be03e833e1f76.jpg,0,0,0.9563,0.9563,0.0324,0.0043,0.0070
fgvc8_by_class/apple_scab/cd8885d87d141e9f.jpg,0,0,0.7269,0.7269,0.2459,0.0001,0.0271
fgvc8_by_class/apple_scab/eb4661555a3daa45.jpg,0,0,0.9993,0.9993,0.0001,0.0000,0.0006
fgvc8_by_class/apple_scab/c0c23993c177abd5.jpg,0,0,0.9752,0.9752,0.0117,0.0003,0.0128
fgvc8_by_class/apple_scab/85613ea3387e9696.jpg,0,0,0.8986,0.8986,0.0872,0.0006,0.0136
fgvc8_by_class/apple_scab/9aaf6327879458a5.jpg,0,0,0.9412,0.9412,0.0154,0.0001,0.0433
fgvc8_by_class/apple_scab/a8e02cf4970ebf0d.jpg,0,1,0.8260,0.1665,0.8260,0.0006,0.0069
fgvc8_by_class/apple_scab/effed020db1462a1.jpg,0,0,0.9247,0.9247,0.0012,0.0000,0.0740
fgvc8_by_class/apple_scab/ad9af021c07f8d5a.jpg,0,0,0.5540,0.5540,0.0228,0.0001,0.4231
fgvc8_by_class/apple_scab/85e8ffe5fea50004.jpg,0,0,0.5022,0.5022,0.4737,0.0002,0.0239
fgvc8_by_class/apple_scab/939a9352466bca5e.jpg,0,1,0.6133,0.3830,0.6133,0.0025,0.0013
fgvc8_by_class/apple_scab/83ad25b4f04178bf.jpg,0,0,0.9826,0.9826,0.0011,0.0000,0.0163
fgvc8_by_class/apple_scab/95b67eca9af82061.jpg,0,0,0.9970,0.9970,0.0005,0.0000,0.0025
fgvc8_by_class/apple_scab/edd892298e87c1a7.jpg,0,0,0.9762,0.9762,0.0000,0.0000,0.0238
fgvc8_by_class/apple_scab/bc40c5f48f169cd9.jpg,0,0,0.9539,0.9539,0.0092,0.0006,0.0363
fgvc8_by_class/apple_scab/f25884c7cf0c9e74.jpg,0,0,0.8242,0.8242,0.0006,0.0000,0.1751
fgvc8_by_class/apple_scab/f0839a3c2d4d762d.jpg,0,1,0.8774,0.0988,0.8774,0.0004,0.0233
fgvc8_by_class/apple_scab/8df4e5e0d08585cf.jpg,0,0,0.9672,0.9672,0.0034,0.0000,0.0294
fgvc8_by_class/apple_scab/85b92fb08e72da0b.jpg,0,0,0.9845,0.9845,0.0112,0.0032,0.0011
fgvc8_by_class/apple_scab/b09b99d999d900ee.jpg,0,0,0.9971,0.9971,0.0008,0.0000,0.0020
fgvc8_by_class/apple_scab/c698897c1ecd68b6.jpg,0,0,0.9849,0.9849,0.0101,0.0025,0.0026
fgvc8_by_class/apple_scab/dfe13414f8e508dc.jpg,0,0,0.9210,0.9210,0.0003,0.0000,0.0788
fgvc8_by_class/apple_scab/cb18c829fdc633c9.jpg,0,0,0.9934,0.9934,0.0033,0.0004,0.0029
fgvc8_by_class/apple_scab/f88f7f648108479d.jpg,0,0,0.8257,0.8257,0.0001,0.0001,0.1741
fgvc8_by_class/apple_scab/c07721c1fa36e333.jpg,0,0,0.9997,0.9997,0.0001,0.0000,0.0001
fgvc8_by_class/apple_scab/e0ad17c4f2a302bf.jpg,0,0,0.7090,0.7090,0.2755,0.0013,0.0141
fgvc8_by_class/apple_scab/f7919678e60dc06c.jpg,0,0,0.8081,0.8081,0.1597,0.0164,0.0158
fgvc8_by_class/apple_scab/a041c7a0c5daf47f.jpg,0,1,0.8839,0.0912,0.8839,0.0003,0.0246
fgvc8_by_class/apple_scab/cdec64c09e0ee497.jpg,0,1,0.8193,0.1782,0.8193,0.0009,0.0015
fgvc8_by_class/apple_scab/d3a57b6966113613.jpg,0,0,0.9666,0.9666,0.0028,0.0000,0.0306
fgvc8_by_class/apple_scab/fdb41bc2c8235596.jpg,0,0,0.9992,0.9992,0.0000,0.0000,0.0007
fgvc8_by_class/apple_scab/febb54da241910e9.jpg,0,3,0.3775,0.2886,0.3334,0.0005,0.3775
fgvc8_by_class/apple_scab/c439cab682df990d.jpg,0,1,0.9833,0.0160,0.9833,0.0003,0.0003
fgvc8_by_class/apple_scab/888a7f71cd0e6cb2.jpg,0,1,0.6190,0.3653,0.6190,0.0003,0.0153
fgvc8_by_class/apple_scab/af2789823f9a630d.jpg,0,1,0.9336,0.0596,0.9336,0.0004,0.0064
fgvc8_by_class/apple_scab/c0823b900feef49f.jpg,0,1,0.8219,0.1625,0.8219,0.0117,0.0040
fgvc8_by_class/apple_scab/ca25c4f05f58a75a.jpg,0,0,0.8351,0.8351,0.0033,0.0004,0.1613
fgvc8_by_class/apple_scab/dec12fdf00b07718.jpg,0,0,0.9331,0.9331,0.0061,0.0000,0.0607
fgvc8_by_class/apple_scab/b1d203e96f4838bd.jpg,0,0,0.8395,0.8395,0.1466,0.0007,0.0132
fgvc8_by_class/apple_scab/8ef07007a0f8efd8.jpg,0,3,0.5532,0.4309,0.0159,0.0000,0.5532
fgvc8_by_class/apple_scab/b83608aad323ad5f.jpg,0,0,0.9680,0.9680,0.0007,0.0000,0.0314
fgvc8_by_class/apple_scab/8bfa2552751e70c9.jpg,0,0,0.8244,0.8244,0.0000,0.0000,0.1755
fgvc8_by_class/apple_scab/fb67944e03093d17.jpg,0,0,0.9974,0.9974,0.0009,0.0001,0.0016
fgvc8_by_class/apple_scab/f9e1c7da964990e0.jpg,0,0,0.9793,0.9793,0.0025,0.0000,0.0182
fgvc8_by_class/apple_scab/8534c6d01eed7ca3.jpg,0,0,0.7525,0.7525,0.0102,0.0001,0.2372
fgvc8_by_class/apple_scab/a7f642858e4ada47.jpg,0,0,0.5485,0.5485,0.3218,0.0000,0.1296
fgvc8_by_class/apple_scab/eaf485908ebad8aa.jpg,0,0,0.9919,0.9919,0.0001,0.0000,0.0079
fgvc8_by_class/apple_scab/9f99256166c89dd1.jpg,0,1,0.9929,0.0062,0.9929,0.0001,0.0008
fgvc8_by_class/apple_scab/b706d912c9dd29a9.jpg,0,1,0.9966,0.0031,0.9966,0.0002,0.0001
fgvc8_by_class/apple_scab/f8c31a3d1871256f.jpg,0,0,0.9415,0.9415,0.0005,0.0000,0.0580
fgvc8_by_class/apple_scab/f0180f0b3dde16b6.jpg,0,0,0.9726,0.9726,0.0006,0.0001,0.0267
fgvc8_by_class/apple_scab/c1e5c8019e9f2fd8.jpg,0,1,0.8752,0.0177,0.8752,0.0027,0.1044
fgvc8_by_class/apple_scab/b99fc8cc04e097b5.jpg,0,1,0.9892,0.0105,0.9892,0.0002,0.0001
fgvc8_by_class/apple_scab/a92b4474cb39972e.jpg,0,0,0.8719,0.8719,0.0953,0.0001,0.0327
fgvc8_by_class/apple_scab/b8e9d2b44f0b0e35.jpg,0,0,0.9866,0.9866,0.0122,0.0003,0.0009
fgvc8_by_class/apple_scab/b38aa9e091776d25.jpg,0,0,0.9955,0.9955,0.0026,0.0001,0.0018
fgvc8_by_class/apple_scab/88afb82595415eeb.jpg,0,0,0.6929,0.6929,0.2070,0.0016,0.0985
fgvc8_by_class/apple_scab/a8f4d2c0cbcba15d.jpg,0,0,0.6237,0.6237,0.0090,0.0000,0.3674
fgvc8_by_class/apple_scab/a2e39a7829156f8e.jpg,0,0,0.9873,0.9873,0.0044,0.0000,0.0084
fgvc8_by_class/apple_scab/b5c82897853acd3e.jpg,0,3,0.9225,0.0694,0.0081,0.0000,0.9225
fgvc8_by_class/apple_scab/8e972ab564c4c39b.jpg,0,0,0.9880,0.9880,0.0002,0.0000,0.0117
fgvc8_by_class/apple_scab/b0a5cb24d7d7b881.jpg,0,0,0.8297,0.8297,0.1186,0.0000,0.0517
fgvc8_by_class/apple_scab/a23cc396c68b6f68.jpg,0,1,0.8263,0.1684,0.8263,0.0005,0.0048
fgvc8_by_class/apple_scab/f0e2c477b82fdb00.jpg,0,1,0.7879,0.2117,0.7879,0.0003,0.0002
fgvc8_by_class/apple_scab/d28962d6caf65495.jpg,0,0,0.8727,0.8727,0.1081,0.0007,0.0185
fgvc8_by_class/apple_scab/e8a68e32832b4ef9.jpg,0,0,0.9957,0.9957,0.0004,0.0000,0.0039
fgvc8_by_class/apple_scab/ea1d47f8ca0bdc03.jpg,0,0,0.9019,0.9019,0.0510,0.0064,0.0407
fgvc8_by_class/apple_scab/abba23dc85d4f302.jpg,0,0,0.9959,0.9959,0.0000,0.0000,0.0041
fgvc8_by_class/apple_scab/ad815e2fcc295c2e.jpg,0,3,0.9760,0.0240,0.0000,0.0000,0.9760
fgvc8_by_class/apple_scab/8f381b679cb0d0d9.jpg,0,1,0.7660,0.2240,0.7660,0.0009,0.0091
fgvc8_by_class/apple_scab/e09e9e96a72aa21b.jpg,0,1,0.7774,0.0755,0.7774,0.0001,0.1469
fgvc8_by_class/apple_scab/95964822033e7ff9.jpg,0,0,0.9982,0.9982,0.0006,0.0000,0.0011
fgvc8_by_class/apple_scab/ee02ec788e58efc0.jpg,0,0,0.8820,0.8820,0.0988,0.0123,0.0069
fgvc8_by_class/apple_scab/dcdf322003256f79.jpg,0,0,0.9970,0.9970,0.0004,0.0026,0.0000
fgvc8_by_class/apple_scab/afa1636082c6de6e.jpg,0,0,0.8679,0.8679,0.1025,0.0002,0.0294
fgvc8_by_class/apple_scab/a0929ed71f1b843e.jpg,0,1,0.7879,0.1639,0.7879,0.0005,0.0478
fgvc8_by_class/apple_scab/ec3cb092c2c2f59d.jpg,0,0,0.9995,0.9995,0.0003,0.0000,0.0002
fgvc8_by_class/apple_scab/bb2bd707a7805585.jpg,0,0,0.9531,0.9531,0.0359,0.0001,0.0109
fgvc8_by_class/apple_scab/8aa285f60fb2ee19.jpg,0,0,0.6289,0.6289,0.3480,0.0002,0.0229
fgvc8_by_class/apple_scab/b57cf3b488c20ccb.jpg,0,0,0.9258,0.9258,0.0000,0.0000,0.0742
fgvc8_by_class/apple_scab/d2aa665f0442bd6b.jpg,0,0,0.6332,0.6332,0.3517,0.0002,0.0149
fgvc8_by_class/apple_scab/809795d79fc0991d.jpg,0,0,0.9952,0.9952,0.0001,0.0000,0.0047
fgvc8_by_class/apple_scab/81b52bcb5295bb68.jpg,0,0,0.9099,0.9099,0.0311,0.0541,0.0049
fgvc8_by_class/apple_scab/a53bd1a7c9aa0d8a.jpg,0,1,0.8060,0.1922,0.8060,0.0013,0.0005
fgvc8_by_class/apple_scab/ab0e6906856a7eb3.jpg,0,0,0.9846,0.9846,0.0147,0.0002,0.0005
fgvc8_by_class/apple_scab/acd0b475aaea5925.jpg,0,0,0.9901,0.9901,0.0014,0.0000,0.0085
fgvc8_by_class/apple_scab/dfdf8881d4e0e416.jpg,0,0,0.9993,0.9993,0.0001,0.0001,0.0005
fgvc8_by_class/apple_scab/88fc95831a1b6db9.jpg,0,0,0.5067,0.5067,0.0675,0.0008,0.4250
fgvc8_by_class/apple_scab/aa9713df8941cd64.jpg,0,0,0.7625,0.7625,0.0847,0.1525,0.0003
fgvc8_by_class/apple_scab/82ff47b955d07490.jpg,0,0,0.7703,0.7703,0.1814,0.0024,0.0459
fgvc8_by_class/apple_scab/e4d4c58c177a5ab2.jpg,0,0,0.7101,0.7101,0.0069,0.0000,0.2830
fgvc8_by_class/apple_scab/cdf698e8803857f1.jpg,0,3,0.8396,0.1520,0.0083,0.0001,0.8396
fgvc8_by_class/apple_scab/d2ac655d85b72487.jpg,0,0,0.9361,0.9361,0.0592,0.0032,0.0015
fgvc8_by_class/apple_scab/fdb780c19f091f09.jpg,0,1,0.9914,0.0085,0.9914,0.0001,0.0000
fgvc8_by_class/apple_scab/91e5bf3a2a8abb01.jpg,0,0,0.7407,0.7407,0.2447,0.0005,0.0142
fgvc8_by_class/apple_scab/b66592d5c8cd816d.jpg,0,0,0.9982,0.9982,0.0008,0.0001,0.0009
fgvc8_by_class/apple_scab/e99417383b35e1e2.jpg,0,0,0.9438,0.9438,0.0560,0.0000,0.0001
fgvc8_by_class/apple_scab/b1c69f4b18051bb7.jpg,0,0,0.7973,0.7973,0.1036,0.0000,0.0991
fgvc8_by_class/apple_scab/bd6aa615d80fc0cb.jpg,0,0,0.8236,0.8236,0.1628,0.0052,0.0084
fgvc8_by_class/apple_scab/9eeb52454b27cd0c.jpg,0,0,0.7180,0.7180,0.0014,0.0001,0.2806
fgvc8_by_class/apple_scab/c5f2b5c295aad544.jpg,0,0,0.6883,0.6883,0.0003,0.0000,0.3114
fgvc8_by_class/apple_scab/98998b9d5c54b536.jpg,0,1,0.6199,0.3760,0.6199,0.0001,0.0039
fgvc8_by_class/apple_scab/f4430bf49c0f0ef8.jpg,0,1,0.8455,0.1025,0.8455,0.0130,0.0390
fgvc8_by_class/apple_scab/85cabe9456f1ea11.jpg,0,0,0.9054,0.9054,0.0128,0.0022,0.0797
fgvc8_by_class/apple_scab/adb6b584819ed8e8.jpg,0,0,0.9981,0.9981,0.0000,0.0000,0.0019
fgvc8_by_class/apple_scab/834d32adb95cd89a.jpg,0,2,0.4755,0.4627,0.0550,0.4755,0.0068
fgvc8_by_class/apple_scab/f498c8ee0bf3311a.jpg,0,0,0.9869,0.9869,0.0001,0.0000,0.0130
fgvc8_by_class/apple_scab/972cc9929ad6a5b2.jpg,0,1,0.9688,0.0259,0.9688,0.0010,0.0043
fgvc8_by_class/apple_scab/d2921353f5683c3e.jpg,0,1,0.8226,0.1590,0.8226,0.0001,0.0183
fgvc8_by_class/apple_scab/cad4aef68af20652.jpg,0,0,0.9641,0.9641,0.0012,0.0000,0.0347
fgvc8_by_class/apple_scab/95f931d079155a65.jpg,0,0,0.9150,0.9150,0.0001,0.0000,0.0849
fgvc8_by_class/apple_scab/9eeb6d99f0f000d4.jpg,0,0,0.8041,0.8041,0.0012,0.0000,0.1948
fgvc8_by_class/apple_scab/c82321c5cddd1d7c.jpg,0,0,0.9960,0.9960,0.0019,0.0002,0.0019
fgvc8_by_class/apple_scab/89896e4e5b99d07c.jpg,0,0,0.9021,0.9021,0.0481,0.0490,0.0007
fgvc8_by_class/apple_scab/a1be7297137a190b.jpg,0,0,0.9970,0.9970,0.0014,0.0004,0.0013
fgvc8_by_class/apple_scab/e80c94f0df03da2f.jpg,0,1,0.9185,0.0046,0.9185,0.0001,0.0767
fgvc8_by_class/apple_scab/828397cdda6d5e24.jpg,0,3,0.9129,0.0869,0.0002,0.0000,0.9129
fgvc8_by_class/apple_scab/a1bdc7e09ec1cc86.jpg,0,0,0.8981,0.8981,0.0008,0.0001,0.1010
fgvc8_by_class/apple_scab/f467b837e948520d.jpg,0,1,0.9534,0.0416,0.9534,0.0030,0.0020
fgvc8_by_class/apple_scab/9a754e9d3aec9142.jpg,0,0,0.9982,0.9982,0.0001,0.0000,0.0016
fgvc8_by_class/apple_scab/f04f8dd499c303b9.jpg,0,0,0.9797,0.9797,0.0105,0.0001,0.0097
fgvc8_by_class/apple_scab/9dde348da2707b12.jpg,0,3,0.7392,0.2605,0.0002,0.0000,0.7392
fgvc8_by_class/apple_scab/c0b4778ba7de3e00.jpg,0,0,0.6208,0.6208,0.0504,0.0016,0.3271
fgvc8_by_class/apple_scab/aa351f32ed721531.jpg,0,0,0.9485,0.9485,0.0131,0.0071,0.0314
fgvc8_by_class/apple_scab/fff071e0e4761601.jpg,0,0,0.9293,0.9293,0.0247,0.0001,0.0458
fgvc8_by_class/apple_scab/eb868247857a7c69.jpg,0,1,0.5623,0.4146,0.5623,0.0001,0.0231
fgvc8_by_class/apple_scab/d291a3ce393d4cb1.jpg,0,1,0.9842,0.0134,0.9842,0.0013,0.0010
fgvc8_by_class/apple_scab/abb4927d5b098527.jpg,0,0,0.9950,0.9950,0.0004,0.0028,0.0017
fgvc8_by_class/apple_scab/9bfac2d0c2ab40be.jpg,0,0,0.8018,0.8018,0.1901,0.0075,0.0006
fgvc8_by_class/apple_scab/80ba65f7c2bc17d0.jpg,0,0,0.9976,0.9976,0.0008,0.0001,0.0014
fgvc8_by_class/apple_scab/95909bd8a93d349b.jpg,0,0,0.9894,0.9894,0.0040,0.0000,0.0066
fgvc8_by_class/apple_scab/ea990f81f06cc567.jpg,0,1,0.5731,0.4104,0.5731,0.0029,0.0136
fgvc8_by_class/apple_scab/a726ca4ac666ada3.jpg,0,0,0.9838,0.9838,0.0055,0.0000,0.0107
fgvc8_by_class/apple_scab/c0b26d813aa7f94e.jpg,0,0,0.9469,0.9469,0.0245,0.0000,0.0286
fgvc8_by_class/apple_scab/b56ac2d18d97da24.jpg,0,0,0.9161,0.9161,0.0000,0.0000,0.0839
fgvc8_by_class/apple_scab/aa2bd5fd40cc289e.jpg,0,0,0.9488,0.9488,0.0029,0.0016,0.0466
fgvc8_by_class/apple_scab/dff73876e200c065.jpg,0,1,0.9133,0.0804,0.9133,0.0002,0.0061
fgvc8_by_class/apple_scab/97c8f0ae24677626.jpg,0,0,0.5332,0.5332,0.4508,0.0013,0.0147
fgvc8_by_class/apple_scab/a4a03eb595877af0.jpg,0,1,0.9974,0.0017,0.9974,0.0003,0.0006
fgvc8_by_class/apple_scab/ff8310f8aff240c4.jpg,0,0,0.9958,0.9958,0.0003,0.0000,0.0039
fgvc8_by_class/apple_scab/8b852f9d801f3c3b.jpg,0,0,0.7219,0.7219,0.0698,0.0001,0.2082
fgvc8_by_class/apple_scab/bda092cf01775f28.jpg,0,0,0.9256,0.9256,0.0569,0.0174,0.0001
fgvc8_by_class/apple_scab/d23d60927f11fa0d.jpg,0,1,0.9692,0.0177,0.9692,0.0000,0.0131
fgvc8_by_class/apple_scab/813fcb087e9b32e2.jpg,0,0,0.8550,0.8550,0.1179,0.0004,0.0268
fgvc8_by_class/apple_scab/87ecfa8da7338824.jpg,0,1,0.8969,0.0977,0.8969,0.0023,0.0031
fgvc8_by_class/apple_scab/dd3b36c56897211a.jpg,0,0,0.7571,0.7571,0.0192,0.0012,0.2225
fgvc8_by_class/apple_scab/9a1462ce99fa117e.jpg,0,0,0.9984,0.9984,0.0000,0.0000,0.0016
fgvc8_by_class/apple_scab/ec9bd7f19c411268.jpg,0,0,0.8758,0.8758,0.0000,0.0000,0.1242
fgvc8_by_class/apple_scab/879168da70595775.jpg,0,0,0.9999,0.9999,0.0000,0.0000,0.0001
fgvc8_by_class/apple_scab/9ae094aff48315ea.jpg,0,1,0.8609,0.1373,0.8609,0.0004,0.0014
fgvc8_by_class/apple_scab/c2e1bada516dcc51.jpg,0,0,0.9616,0.9616,0.0006,0.0000,0.0377
fgvc8_by_class/apple_scab/88ece1f0ccfa1d07.jpg,0,0,0.9797,0.9797,0.0025,0.0001,0.0176
fgvc8_by_class/apple_scab/f5ce946d4bb02916.jpg,0,1,0.5137,0.4751,0.5137,0.0006,0.0105
fgvc8_by_class/apple_scab/d2890735fd04cb3b.jpg,0,1,0.9994,0.0000,0.9994,0.0001,0.0005
fgvc8_by_class/apple_scab/ff87c4e01c13307e.jpg,0,0,0.9657,0.9657,0.0198,0.0001,0.0144
fgvc8_by_class/apple_scab/c3f8672138f3b861.jpg,0,0,0.9999,0.9999,0.0000,0.0000,0.0001
fgvc8_by_class/apple_scab/fc900b4d8bbd9551.jpg,0,0,0.4964,0.4964,0.3885,0.0022,0.1128
fgvc8_by_class/apple_scab/95a269c69715c43f.jpg,0,0,0.9891,0.9891,0.0038,0.0000,0.0071
fgvc8_by_class/apple_scab/f2f6d15e406961e1.jpg,0,0,0.5705,0.5705,0.4232,0.0001,0.0062
fgvc8_by_class/apple_scab/967b665d854b078c.jpg,0,1,0.8727,0.1092,0.8727,0.0138,0.0043
fgvc8_by_class/apple_scab/a035bcca8fb65aa8.jpg,0,3,0.9777,0.0212,0.0011,0.0000,0.9777
fgvc8_by_class/apple_scab/d3496356815ea1de.jpg,0,0,0.9608,0.9608,0.0009,0.0000,0.0383
fgvc8_by_class/apple_scab/b79284874fae29a9.jpg,0,1,0.9947,0.0043,0.9947,0.0001,0.0009
fgvc8_by_class/apple_scab/a13f87e591dfa108.jpg,0,0,0.7655,0.7655,0.0001,0.0000,0.2344
fgvc8_by_class/apple_scab/da0ff22d550d5523.jpg,0,0,0.7757,0.7757,0.0085,0.0000,0.2158
fgvc8_by_class/apple_scab/9d7be083970272ce.jpg,0,0,0.5525,0.5525,0.0000,0.0000,0.4475
fgvc8_by_class/apple_scab/e895f530c2a9d72a.jpg,0,3,0.4962,0.4754,0.0282,0.0002,0.4962
fgvc8_by_class/apple_scab/f8cdc888fd1cf122.jpg,0,0,0.9695,0.9695,0.0090,0.0005,0.0209
fgvc8_by_class/apple_scab/d5e74368830ff115.jpg,0,1,0.8639,0.1187,0.8639,0.0022,0.0152
fgvc8_by_class/apple_scab/c5b6e2d70e213f24.jpg,0,0,0.9716,0.9716,0.0273,0.0002,0.0009
fgvc8_by_class/apple_scab/f8e1bcc64c1cc353.jpg,0,0,0.9837,0.9837,0.0046,0.0000,0.0116
fgvc8_by_class/apple_scab/999d4dc03a47cd1b.jpg,0,0,0.9324,0.9324,0.0668,0.0002,0.0006
fgvc8_by_class/apple_scab/c28494f53b67685e.jpg,0,1,0.5619,0.3614,0.5619,0.0001,0.0765
fgvc8_by_class/apple_scab/bcd69ee03a352d14.jpg,0,0,0.9446,0.9446,0.0549,0.0000,0.0005
fgvc8_by_class/apple_scab/c763dad259952135.jpg,0,0,0.9867,0.9867,0.0003,0.0001,0.0129
fgvc8_by_class/apple_scab/c0aa3bad7d929e50.jpg,0,0,0.9637,0.9637,0.0001,0.0000,0.0361
fgvc8_by_class/apple_scab/bee9d0c2839bce05.jpg,0,0,0.9967,0.9967,0.0030,0.0000,0.0003
fgvc8_by_class/apple_scab/b6e8cb9444f6a21e.jpg,0,0,0.9581,0.9581,0.0358,0.0002,0.0060
fgvc8_by_class/apple_scab/d5f0c2feb3942590.jpg,0,0,0.5468,0.5468,0.4489,0.0005,0.0037
fgvc8_by_class/apple_scab/b8be26f097c1602f.jpg,0,0,0.9656,0.9656,0.0277,0.0000,0.0067
fgvc8_by_class/apple_scab/bff3509380da3b90.jpg,0,0,0.8606,0.8606,0.0328,0.0002,0.1065
fgvc8_by_class/apple_scab/fc8dc0c1179f545a.jpg,0,0,0.9707,0.9707,0.0147,0.0000,0.0146
fgvc8_by_class/apple_scab/d0606085a7ca3ffd.jpg,0,1,0.9730,0.0144,0.9730,0.0124,0.0001
fgvc8_by_class/apple_scab/96a58082cd2f6d7d.jpg,0,0,0.9312,0.9312,0.0001,0.0001,0.0686
fgvc8_by_class/apple_scab/ed1c415fa300a1ff.jpg,0,1,0.6526,0.3459,0.6526,0.0006,0.0008
fgvc8_by_class/apple_scab/a5f6d234ca05d98d.jpg,0,0,0.9912,0.9912,0.0002,0.0000,0.0086
fgvc8_by_class/apple_scab/b625c78ac9af6582.jpg,0,1,0.9806,0.0178,0.9806,0.0000,0.0016
fgvc8_by_class/apple_scab/f9d0a903bd71ac62.jpg,0,0,0.9640,0.9640,0.0330,0.0013,0.0017
fgvc8_by_class/apple_scab/a881c057b534fafa.jpg,0,1,0.9684,0.0308,0.9684,0.0006,0.0002
fgvc8_by_class/apple_scab/ce739170d434db64.jpg,0,1,0.9909,0.0088,0.9909,0.0001,0.0002
fgvc8_by_class/apple_scab/c6d037f5c4c5650b.jpg,0,0,0.8363,0.8363,0.0010,0.0000,0.1628
fgvc8_by_class/apple_scab/dcb46ac7010af5f4.jpg,0,3,0.5847,0.3783,0.0322,0.0048,0.5847
fgvc8_by_class/apple_scab/d70680ad17fc33f0.jpg,0,1,0.5592,0.2784,0.5592,0.0084,0.1540
fgvc8_by_class/apple_scab/b8239b11b74b253e.jpg,0,0,0.9681,0.9681,0.0000,0.0000,0.0319
fgvc8_by_class/apple_scab/c9c78124f9f6c172.jpg,0,0,0.8035,0.8035,0.1588,0.0002,0.0374
fgvc8_by_class/apple_scab/90d1d0cdf52c16ed.jpg,0,0,0.6342,0.6342,0.3592,0.0001,0.0065
fgvc8_by_class/apple_scab/aaf46850f0f0bbe8.jpg,0,3,0.6369,0.3629,0.0000,0.0002,0.6369
fgvc8_by_class/apple_scab/be95969a8a491c6d.jpg,0,3,0.9953,0.0047,0.0000,0.0000,0.9953
fgvc8_by_class/apple_scab/cf19cb13877226e4.jpg,0,3,0.4588,0.2557,0.2804,0.0051,0.4588
fgvc8_by_class/apple_scab/c5fcd58eac84bcc0.jpg,0,1,0.6729,0.3148,0.6729,0.0007,0.0117
fgvc8_by_class/apple_scab/e9abd6598a33a8a8.jpg,0,0,0.9959,0.9959,0.0004,0.0024,0.0014
fgvc8_by_class/apple_scab/feaec2d6c4d41458.jpg,0,0,0.9820,0.9820,0.0017,0.0000,0.0162
fgvc8_by_class/apple_scab/c7f37a984e62832c.jpg,0,0,0.9900,0.9900,0.0091,0.0003,0.0007
fgvc8_by_class/apple_scab/c0e0b1e3d6606e7b.jpg,0,1,0.7187,0.2744,0.7187,0.0006,0.0062
fgvc8_by_class/apple_scab/a5f886a4f70f02b9.jpg,0,0,0.8963,0.8963,0.0030,0.0001,0.1006
fgvc8_by_class/apple_scab/f0f85bd3017d052d.jpg,0,0,0.9442,0.9442,0.0498,0.0057,0.0002
fgvc8_by_class/apple_scab/cac737494f60950f.jpg,0,1,0.7351,0.2470,0.7351,0.0147,0.0033
fgvc8_by_class/apple_scab/b5aecbe07d182619.jpg,0,1,0.7094,0.2287,0.7094,0.0001,0.0618
fgvc8_by_class/apple_scab/c5df72cc6805694e.jpg,0,0,0.9997,0.9997,0.0000,0.0000,0.0003
fgvc8_by_class/apple_scab/e5aa7055ad08e6f1.jpg,0,1,0.8409,0.1537,0.8409,0.0046,0.0008
fgvc8_by_class/apple_scab/f28a19d665e1391b.jpg,0,0,0.8919,0.8919,0.0235,0.0009,0.0837
fgvc8_by_class/apple_scab/fa99019da22ee167.jpg,0,0,0.9984,0.9984,0.0003,0.0000,0.0013
fgvc8_by_class/apple_scab/ddaa399eca78c221.jpg,0,0,0.9665,0.9665,0.0000,0.0000,0.0335
fgvc8_by_class/apple_scab/d5ca68b740f85a8d.jpg,0,0,0.9987,0.9987,0.0001,0.0000,0.0012
fgvc8_by_class/apple_scab/a09a8bd89dc57ae4.jpg,0,1,0.5741,0.4217,0.5741,0.0010,0.0033
fgvc8_by_class/apple_scab/bcc1c2f009237d3f.jpg,0,0,0.4712,0.4712,0.4630,0.0000,0.0657
fgvc8_by_class/apple_scab/c4210dde792d53b5.jpg,0,0,0.9912,0.9912,0.0001,0.0000,0.0087
fgvc8_by_class/apple_scab/b7b4fa52d128a0ae.jpg,0,0,0.9692,0.9692,0.0281,0.0006,0.0021
fgvc8_by_class/apple_scab/c0e8309cbd876b97.jpg,0,1,0.9942,0.0039,0.9942,0.0017,0.0002
fgvc8_by_class/apple_scab/ef0bb580d07978e1.jpg,0,0,0.5390,0.5390,0.0000,0.0000,0.4610
fgvc8_by_class/apple_scab/c13c536a5de1a0db.jpg,0,0,0.9329,0.9329,0.0000,0.0000,0.0671
fgvc8_by_class/apple_scab/cf85005ff56198f2.jpg,0,1,0.9999,0.0000,0.9999,0.0000,0.0001
fgvc8_by_class/apple_scab/fd609c964ada7264.jpg,0,1,0.9261,0.0720,0.9261,0.0000,0.0019
fgvc8_by_class/apple_scab/82debbead50ab814.jpg,0,0,0.9950,0.9950,0.0016,0.0001,0.0033
fgvc8_by_class/apple_scab/c0bea0ddec8a6595.jpg,0,0,0.9636,0.9636,0.0000,0.0000,0.0364
fgvc8_by_class/apple_scab/923c39b5b8c1cba3.jpg,0,3,0.7473,0.2523,0.0004,0.0000,0.7473
fgvc8_by_class/apple_scab/caa93e8be4f4a470.jpg,0,0,0.9977,0.9977,0.0001,0.0000,0.0022
fgvc8_by_class/apple_scab/ffd181130f0f383c.jpg,0,3,0.8349,0.1650,0.0001,0.0000,0.8349
fgvc8_by_class/apple_scab/e80f18f81b19bfe0.jpg,0,0,0.8392,0.8392,0.1574,0.0020,0.0015
fgvc8_by_class/apple_scab/afb75ba4d068a096.jpg,0,0,0.9614,0.9614,0.0368,0.0001,0.0017
fgvc8_by_class/apple_scab/a1bfd2558e78608d.jpg,0,0,0.9897,0.9897,0.0061,0.0002,0.0040
fgvc8_by_class/apple_scab/c9f5217c4562af34.jpg,0,0,0.6569,0.6569,0.1380,0.0013,0.2039
fgvc8_by_class/apple_scab/a875c39ed830e599.jpg,0,3,0.9675,0.0325,0.0000,0.0000,0.9675
fgvc8_by_class/apple_scab/e43c82e61d86e97a.jpg,0,1,0.5902,0.3932,0.5902,0.0160,0.0006
fgvc8_by_class/apple_scab/f0c217e200fe8f73.jpg,0,0,0.8645,0.8645,0.1243,0.0109,0.0003
fgvc8_by_class/apple_scab/a6eb96cb8e082cbc.jpg,0,0,0.8135,0.8135,0.1836,0.0002,0.0027
fgvc8_by_class/apple_scab/fa7eaa508162952f.jpg,0,3,0.8972,0.1026,0.0001,0.0000,0.8972
fgvc8_by_class/apple_scab/fe82c29b82d49cf8.jpg,0,0,0.6187,0.6187,0.0001,0.0000,0.3812
fgvc8_by_class/apple_scab/a59cd268c9e14fc3.jpg,0,0,0.9218,0.9218,0.0009,0.0000,0.0773
fgvc8_by_class/apple_scab/ff60c1b106523cbb.jpg,0,0,0.9504,0.9504,0.0267,0.0058,0.0171
fgvc8_by_class/apple_scab/b14e976d9a5508ea.jpg,0,0,0.8625,0.8625,0.1240,0.0050,0.0085
fgvc8_by_class/apple_scab/b5f0b489a583c1eb.jpg,0,0,0.9891,0.9891,0.0020,0.0080,0.0009
fgvc8_by_class/apple_scab/c3d0e29e4e0e7a69.jpg,0,0,0.9053,0.9053,0.0153,0.0000,0.0793
fgvc8_by_class/apple_scab/c0013f5e37e37538.jpg,0,0,0.9093,0.9093,0.0597,0.0082,0.0228
fgvc8_by_class/apple_scab/dce394618ea4f80f.jpg,0,3,0.7487,0.2508,0.0005,0.0001,0.7487
fgvc8_by_class/apple_scab/8f3bc0f76281e662.jpg,0,1,0.9103,0.0645,0.9103,0.0011,0.0241
fgvc8_by_class/apple_scab/a4c9da2582aad76b.jpg,0,0,0.9967,0.9967,0.0008,0.0009,0.0016
fgvc8_by_class/apple_scab/9975650dc2ce83b9.jpg,0,0,0.9849,0.9849,0.0023,0.0000,0.0128
fgvc8_by_class/apple_scab/e5319c4b1ce90d5e.jpg,0,0,0.9703,0.9703,0.0276,0.0016,0.0005
fgvc8_by_class/apple_scab/8fbf20c50c443ede.jpg,0,0,0.9723,0.9723,0.0002,0.0000,0.0275
fgvc8_by_class/apple_scab/bffbf27a8000aa8a.jpg,0,0,0.9990,0.9990,0.0001,0.0000,0.0009
fgvc8_by_class/apple_scab/80acd65fd76ac8a4.jpg,0,0,0.5139,0.5139,0.0033,0.0000,0.4828
fgvc8_by_class/apple_scab/f784e0f2cb708f0a.jpg,0,0,0.8911,0.8911,0.0716,0.0012,0.0362
fgvc8_by_class/apple_scab/93d3c78e47933321.jpg,0,0,0.9998,0.9998,0.0001,0.0000,0.0000
fgvc8_by_class/apple_scab/d743c127828edcf4.jpg,0,1,0.9838,0.0050,0.9838,0.0004,0.0109
fgvc8_by_class/apple_scab/e7ecd6ccc0ad2834.jpg,0,0,0.9808,0.9808,0.0052,0.0004,0.0135
fgvc8_by_class/apple_scab/9587708423af6b3e.jpg,0,0,0.9992,0.9992,0.0001,0.0000,0.0006
fgvc8_by_class/apple_scab/e9c1c3dafc05150f.jpg,0,1,0.8568,0.1429,0.8568,0.0000,0.0002
fgvc8_by_class/apple_scab/89b16870f68786be.jpg,0,1,0.9952,0.0047,0.9952,0.0000,0.0000
fgvc8_by_class/apple_scab/ffb0a55e925ec041.jpg,0,0,0.8701,0.8701,0.0244,0.0026,0.1029
fgvc8_by_class/apple_scab/c29d2d337c0ed2e4.jpg,0,0,0.9413,0.9413,0.0514,0.0003,0.0070
fgvc8_by_class/apple_scab/f5b0e3c0af8c4b1a.jpg,0,0,0.7580,0.7580,0.1733,0.0018,0.0670
fgvc8_by_class/apple_scab/fd12c72b4e597806.jpg,0,0,0.9229,0.9229,0.0724,0.0033,0.0014
fgvc8_by_class/apple_scab/cc93a288e78de563.jpg,0,1,0.9799,0.0191,0.9799,0.0007,0.0003
fgvc8_by_class/apple_scab/d59c29d981bd04ed.jpg,0,1,0.5220,0.3380,0.5220,0.0021,0.1378
fgvc8_by_class/apple_scab/cad4d0dada8aca2b.jpg,0,0,0.7584,0.7584,0.0015,0.0000,0.2401
fgvc8_by_class/apple_scab/ad98cae06d6a25ba.jpg,0,0,0.8752,0.8752,0.0274,0.0001,0.0973
fgvc8_by_class/apple_scab/e718855f98c99e0d.jpg,0,0,0.9567,0.9567,0.0378,0.0012,0.0043
fgvc8_by_class/apple_scab/b151e925333a1dcb.jpg,0,0,0.9701,0.9701,0.0239,0.0001,0.0059
fgvc8_by_class/apple_scab/df95639e30cc91c4.jpg,0,0,0.9995,0.9995,0.0000,0.0000,0.0005
fgvc8_by_class/apple_scab/97e5029339d7704e.jpg,0,3,0.6757,0.2041,0.1186,0.0016,0.6757
fgvc8_by_class/apple_scab/bb92c39a8bf01d51.jpg,0,0,0.9308,0.9308,0.0527,0.0161,0.0005
fgvc8_by_class/apple_scab/ae56545b6981ae5a.jpg,0,0,0.9959,0.9959,0.0020,0.0020,0.0001
fgvc8_by_class/apple_scab/f6d2cee80de42638.jpg,0,1,0.7816,0.2171,0.7816,0.0001,0.0013
fgvc8_by_class/apple_scab/850742dfea4df42a.jpg,0,1,0.9836,0.0150,0.9836,0.0008,0.0007
fgvc8_by_class/apple_scab/c0cbc723e253d5d2.jpg,0,0,0.9926,0.9926,0.0041,0.0003,0.0030
fgvc8_by_class/apple_scab/f02883d609affb8a.jpg,0,0,0.8175,0.8175,0.1645,0.0001,0.0179
fgvc8_by_class/apple_scab/c482355ccded6d1c.jpg,0,3,0.5175,0.4505,0.0320,0.0000,0.5175
fgvc8_by_class/apple_scab/de9f2428345d705e.jpg,0,0,0.9918,0.9918,0.0001,0.0000,0.0080
fgvc8_by_class/apple_scab/c7803afffa4093e0.jpg,0,1,0.8594,0.1381,0.8594,0.0020,0.0005
fgvc8_by_class/apple_scab/85b505b2aa976ada.jpg,0,0,0.9988,0.9988,0.0000,0.0000,0.0012
fgvc8_by_class/apple_scab/a663c3f61f02237c.jpg,0,0,0.9947,0.9947,0.0006,0.0000,0.0046
fgvc8_by_class/apple_scab/9cffe38a92589219.jpg,0,0,0.9747,0.9747,0.0006,0.0000,0.0246
fgvc8_by_class/apple_scab/b830730f17c5739c.jpg,0,1,0.9274,0.0716,0.9274,0.0004,0.0006
fgvc8_by_class/apple_scab/c4718641cf9b34dd.jpg,0,0,0.9293,0.9293,0.0668,0.0003,0.0036
fgvc8_by_class/apple_scab/9bb0c062e31fb69c.jpg,0,3,0.7899,0.2101,0.0000,0.0000,0.7899
fgvc8_by_class/apple_scab/97c17f86612e0f8c.jpg,0,0,0.9965,0.9965,0.0004,0.0000,0.0031
fgvc8_by_class/apple_scab/b496940a7adb9995.jpg,0,1,0.6507,0.2979,0.6507,0.0016,0.0497
fgvc8_by_class/apple_scab/f590c0fdc378c570.jpg,0,1,0.9545,0.0420,0.9545,0.0001,0.0034
fgvc8_by_class/apple_scab/a98c395e1d7492bc.jpg,0,1,0.4821,0.4036,0.4821,0.0003,0.1141
fgvc8_by_class/apple_scab/86fc580d66c66bd4.jpg,0,0,0.9999,0.9999,0.0000,0.0000,0.0001
fgvc8_by_class/apple_scab/aa92505bbd55fa41.jpg,0,0,0.9889,0.9889,0.0000,0.0110,0.0001
fgvc8_by_class/apple_scab/b99881dc73c69933.jpg,0,0,0.9449,0.9449,0.0248,0.0002,0.0300
fgvc8_by_class/apple_scab/959ed2cbc12da730.jpg,0,3,0.5220,0.3209,0.1569,0.0002,0.5220
fgvc8_by_class/apple_scab/e9c295cf9d328833.jpg,0,0,0.9957,0.9957,0.0000,0.0000,0.0043
fgvc8_by_class/apple_scab/901d5d6c94aeb32e.jpg,0,0,0.9302,0.9302,0.0250,0.0002,0.0446
fgvc8_by_class/apple_scab/82aa784781369ff5.jpg,0,0,0.8634,0.8634,0.0694,0.0667,0.0004
fgvc8_by_class/apple_scab/915837c02b5f61bd.jpg,0,0,0.9050,0.9050,0.0000,0.0000,0.0950
fgvc8_by_class/apple_scab/cda27e91867ac0f8.jpg,0,0,0.9945,0.9945,0.0029,0.0002,0.0023
fgvc8_by_class/apple_scab/b9e062d346f4c0f5.jpg,0,0,0.9999,0.9999,0.0000,0.0000,0.0001
fgvc8_by_class/apple_scab/fcfe04807ca0c6fc.jpg,0,1,0.9964,0.0031,0.9964,0.0001,0.0003
fgvc8_by_class/apple_scab/8d943d90f578e2f0.jpg,0,0,0.9954,0.9954,0.0002,0.0000,0.0044
fgvc8_by_class/apple_scab/c8943c693ab3e396.jpg,0,0,0.9889,0.9889,0.0005,0.0000,0.0106
fgvc8_by_class/apple_scab/d59d05ec4afa0b4a.jpg,0,0,0.9825,0.9825,0.0032,0.0002,0.0141
fgvc8_by_class/apple_scab/aedab4bf46b60032.jpg,0,0,0.8669,0.8669,0.0573,0.0000,0.0758
fgvc8_by_class/apple_scab/d919cd655027e23e.jpg,0,1,0.8578,0.1387,0.8578,0.0003,0.0033
fgvc8_by_class/apple_scab/bd2bd4e8c9e025ca.jpg,0,3,0.9713,0.0274,0.0014,0.0000,0.9713
fgvc8_by_class/apple_scab/ed7ad8a9cc85a886.jpg,0,0,0.9951,0.9951,0.0006,0.0000,0.0043
fgvc8_by_class/apple_scab/b4b9cb748f468cc4.jpg,0,0,0.9981,0.9981,0.0000,0.0000,0.0019
fgvc8_by_class/apple_scab/abd5955a586043b7.jpg,0,0,0.9939,0.9939,0.0001,0.0000,0.0060
fgvc8_by_class/apple_scab/8a95fd2d84553355.jpg,0,0,0.9947,0.9947,0.0049,0.0002,0.0001
fgvc8_by_class/apple_scab/f53ae2c986657a41.jpg,0,3,0.5243,0.4755,0.0002,0.0000,0.5243
fgvc8_by_class/apple_scab/fc6884edc1875e98.jpg,0,3,0.6713,0.3272,0.0016,0.0000,0.6713
fgvc8_by_class/apple_scab/e4ef85c007caea4e.jpg,0,1,0.9317,0.0555,0.9317,0.0001,0.0127
fgvc8_by_class/apple_scab/b26c55c44dc9da36.jpg,0,1,0.4913,0.4046,0.4913,0.0070,0.0972
fgvc8_by_class/apple_scab/d26ca8b9b13d3d50.jpg,0,1,0.5629,0.2902,0.5629,0.0223,0.1247
fgvc8_by_class/apple_scab/b405d5928fd89b4d.jpg,0,0,0.9067,0.9067,0.0276,0.0000,0.0657
fgvc8_by_class/apple_scab/a5a687b1ca8a595e.jpg,0,0,0.9979,0.9979,0.0008,0.0000,0.0012
fgvc8_by_class/apple_scab/a56543c2e6ac5d56.jpg,0,0,0.9769,0.9769,0.0003,0.0000,0.0228
fgvc8_by_class/apple_scab/85918f9ed25d58c5.jpg,0,0,0.9793,0.9793,0.0018,0.0000,0.0189
fgvc8_by_class/apple_scab/c5ff2554f0a95245.jpg,0,1,0.8475,0.1085,0.8475,0.0000,0.0440
fgvc8_by_class/apple_scab/d4a73d03c93d453c.jpg,0,1,0.6032,0.2874,0.6032,0.0001,0.1093
fgvc8_by_class/apple_scab/87c9b022c5dcbdaa.jpg,0,1,0.9144,0.0475,0.9144,0.0007,0.0374
fgvc8_by_class/apple_scab/99b23bf90cdb0c86.jpg,0,0,0.9974,0.9974,0.0000,0.0000,0.0026
fgvc8_by_class/apple_scab/d5a669c71951b64a.jpg,0,3,0.8664,0.1321,0.0014,0.0001,0.8664
fgvc8_by_class/apple_scab/a620d2cf791b655a.jpg,0,0,0.5472,0.5472,0.3824,0.0008,0.0696
fgvc8_by_class/apple_scab/a91cc17ec2e08fe5.jpg,0,0,0.9863,0.9863,0.0038,0.0002,0.0097
fgvc8_by_class/apple_scab/92e17e8ae8ade198.jpg,0,0,0.9825,0.9825,0.0002,0.0000,0.0173
fgvc8_by_class/apple_scab/8cc3b3785847669e.jpg,0,1,0.7091,0.2750,0.7091,0.0026,0.0133
fgvc8_by_class/apple_scab/9deb1b81c42b4576.jpg,0,0,0.9925,0.9925,0.0013,0.0000,0.0062
fgvc8_by_class/apple_scab/99037c7788671fc1.jpg,0,0,0.9861,0.9861,0.0000,0.0000,0.0139
fgvc8_by_class/apple_scab/c03fe6a582c2369f.jpg,0,0,0.9789,0.9789,0.0003,0.0004,0.0204
fgvc8_by_class/apple_scab/af7090ead2cba389.jpg,0,0,0.9912,0.9912,0.0066,0.0000,0.0022
fgvc8_by_class/apple_scab/c0af9eba5bca0a52.jpg,0,1,0.8565,0.1398,0.8565,0.0013,0.0023
fgvc8_by_class/apple_scab/c01dc7303c9f30fe.jpg,0,0,0.9857,0.9857,0.0000,0.0000,0.0143
fgvc8_by_class/apple_scab/b2dac27a02799b4d.jpg,0,1,0.9907,0.0085,0.9907,0.0000,0.0008
fgvc8_by_class/apple_scab/ccbd3fc664198076.jpg,0,0,0.7501,0.7501,0.0054,0.0001,0.2445
fgvc8_by_class/apple_scab/fc1ccbed844646a5.jpg,0,0,0.7530,0.7530,0.0006,0.0000,0.2464
fgvc8_by_class/apple_scab/f5bb9c11caca096a.jpg,0,3,0.9953,0.0047,0.0000,0.0000,0.9953
fgvc8_by_class/apple_scab/d43871073fa3d217.jpg,0,0,0.9914,0.9914,0.0007,0.0000,0.0079
fgvc8_by_class/apple_scab/c04226db2b71fd65.jpg,0,0,0.9945,0.9945,0.0001,0.0053,0.0001
fgvc8_by_class/apple_scab/bbe5d2cf4411ad0a.jpg,0,0,0.6488,0.6488,0.0687,0.0001,0.2823
fgvc8_by_class/apple_scab/917a07d27abc9994.jpg,0,0,0.9996,0.9996,0.0000,0.0000,0.0004
fgvc8_by_class/apple_scab/8085373ad255b5af.jpg,0,0,0.5741,0.5741,0.3530,0.0002,0.0728
fgvc8_by_class/apple_scab/adad364a754b505a.jpg,0,0,0.9963,0.9963,0.0006,0.0000,0.0031
fgvc8_by_class/apple_scab/cf220abac88eff48.jpg,0,0,0.8289,0.8289,0.0066,0.0000,0.1645
fgvc8_by_class/apple_scab/b2a2b59f8d6d1017.jpg,0,0,0.8530,0.8530,0.1445,0.0007,0.0017
fgvc8_by_class/apple_scab/8ec8b569f096e84d.jpg,0,0,0.9992,0.9992,0.0003,0.0000,0.0005
fgvc8_by_class/apple_scab/cbe3ad8ca8898bb4.jpg,0,0,0.6349,0.6349,0.3589,0.0014,0.0048
fgvc8_by_class/apple_scab/aca2813ed88ecf4d.jpg,0,0,0.9983,0.9983,0.0012,0.0004,0.0000
fgvc8_by_class/apple_scab/a5f8e300c37e549d.jpg,0,1,0.9666,0.0323,0.9666,0.0008,0.0003
fgvc8_by_class/apple_scab/fc01c2dc8fa99de0.jpg,0,0,0.5949,0.5949,0.1492,0.0002,0.2556
fgvc8_by_class/apple_scab/a0f550e3fdd2324c.jpg,0,1,0.9747,0.0235,0.9747,0.0017,0.0002
fgvc8_by_class/apple_scab/9e484efee6b49230.jpg,0,0,0.9775,0.9775,0.0005,0.0000,0.0220
fgvc8_by_class/apple_scab/f1c2924b7a2f7862.jpg,0,3,0.7143,0.2836,0.0021,0.0000,0.7143
fgvc8_by_class/apple_scab/c1ec9ac139d7306b.jpg,0,0,0.7077,0.7077,0.0543,0.0012,0.2368
fgvc8_by_class/apple_scab/dc0f70ca63d4c3d1.jpg,0,0,0.8085,0.8085,0.1587,0.0035,0.0293
fgvc8_by_class/apple_scab/dbc9b838d9c44d94.jpg,0,0,0.9883,0.9883,0.0003,0.0000,0.0114
fgvc8_by_class/apple_scab/877ad087856abd45.jpg,0,3,0.6966,0.3031,0.0003,0.0000,0.6966
fgvc8_by_class/apple_scab/b4a543d6564c987e.jpg,0,0,0.9999,0.9999,0.0000,0.0000,0.0001
fgvc8_by_class/apple_scab/dc258c789d4f709c.jpg,0,0,0.9341,0.9341,0.0599,0.0054,0.0005
fgvc8_by_class/apple_scab/e412dac789ccc637.jpg,0,0,0.9847,0.9847,0.0092,0.0001,0.0061
fgvc8_by_class/apple_scab/b77cd640ea1ae381.jpg,0,0,0.9853,0.9853,0.0073,0.0005,0.0069
fgvc8_by_class/apple_scab/8ecc3c8d43b8cf31.jpg,0,0,0.9893,0.9893,0.0014,0.0015,0.0078
fgvc8_by_class/apple_scab/b0e3430b5838feb6.jpg,0,3,0.5727,0.4273,0.0000,0.0000,0.5727
fgvc8_by_class/apple_scab/fec4810ed43cf4e4.jpg,0,3,0.7873,0.2098,0.0029,0.0000,0.7873
fgvc8_by_class/apple_scab/fef1c09236fc20aa.jpg,0,0,0.9951,0.9951,0.0020,0.0000,0.0029
fgvc8_by_class/apple_scab/a47b36f1d2814ba3.jpg,0,3,0.7976,0.2024,0.0000,0.0000,0.7976
fgvc8_by_class/apple_scab/bfd5c3aa200f33e0.jpg,0,1,0.9796,0.0027,0.9796,0.0001,0.0176
fgvc8_by_class/apple_scab/94ac02feb507fc07.jpg,0,3,0.8657,0.1343,0.0000,0.0000,0.8657
fgvc8_by_class/apple_scab/fa1880388f7b9d2b.jpg,0,1,0.5569,0.4245,0.5569,0.0184,0.0002
fgvc8_by_class/apple_scab/c35f38ed36c023e2.jpg,0,0,0.9815,0.9815,0.0000,0.0000,0.0185
fgvc8_by_class/apple_scab/c1b296069bf03dec.jpg,0,1,0.9132,0.0840,0.9132,0.0007,0.0021
fgvc8_by_class/apple_scab/ebfe5005f9071c0d.jpg,0,0,0.9555,0.9555,0.0257,0.0001,0.0187
fgvc8_by_class/apple_scab/f9c2db6d940720f4.jpg,0,0,0.9947,0.9947,0.0004,0.0001,0.0047
fgvc8_by_class/apple_scab/ba92d23e9120ce77.jpg,0,0,0.5161,0.5161,0.3011,0.1430,0.0398
fgvc8_by_class/apple_scab/cfd00f9028cb61fe.jpg,0,0,0.9637,0.9637,0.0231,0.0103,0.0029
fgvc8_by_class/apple_scab/c3bb09357832f0f2.jpg,0,0,0.9987,0.9987,0.0005,0.0004,0.0004
fgvc8_by_class/apple_scab/a8e875e83a5f5249.jpg,0,0,0.9453,0.9453,0.0283,0.0001,0.0263
fgvc8_by_class/apple_scab/d32c65a99e50357a.jpg,0,0,0.8699,0.8699,0.1140,0.0048,0.0113
fgvc8_by_class/apple_scab/f0cbe0c587d43c87.jpg,0,0,0.9307,0.9307,0.0002,0.0000,0.0692
fgvc8_by_class/apple_scab/f4e48783d2c4de54.jpg,0,0,0.7954,0.7954,0.0019,0.0000,0.2027
fgvc8_by_class/apple_scab/d8e5159ec2f8cd84.jpg,0,0,0.9096,0.9096,0.0108,0.0001,0.0796
fgvc8_by_class/apple_scab/fba4a352d68f820e.jpg,0,3,0.6820,0.3172,0.0009,0.0000,0.6820
fgvc8_by_class/apple_scab/dab57a4bc314a551.jpg,0,0,0.9354,0.9354,0.0505,0.0080,0.0062
fgvc8_by_class/apple_scab/90bd638f9c32656c.jpg,0,0,0.4916,0.4916,0.4520,0.0002,0.0561
fgvc8_by_class/apple_scab/e0cd4b382df53474.jpg,0,1,0.9872,0.0116,0.9872,0.0002,0.0010
fgvc8_by_class/apple_scab/80a6d5c08ae6e5bf.jpg,0,1,0.9504,0.0458,0.9504,0.0001,0.0037
fgvc8_by_class/apple_scab/cd856365e38c53b8.jpg,0,0,0.9792,0.9792,0.0164,0.0001,0.0044
fgvc8_by_class/apple_scab/aee894b49dd194b1.jpg,0,0,0.8488,0.8488,0.0004,0.0001,0.1507
fgvc8_by_class/apple_scab/b49c9bdacdc9480e.jpg,0,1,0.5221,0.4653,0.5221,0.0013,0.0113
fgvc8_by_class/apple_scab/c14ac7db692a26d9.jpg,0,1,0.8650,0.0010,0.8650,0.0000,0.1340
fgvc8_by_class/apple_scab/b690d7f5c8920b8d.jpg,0,0,0.5136,0.5136,0.0001,0.0000,0.4863
fgvc8_by_class/apple_scab/bca748ce908a7f49.jpg,0,0,0.7064,0.7064,0.0550,0.0001,0.2385
fgvc8_by_class/apple_scab/95bd95f888c0ec8e.jpg,0,0,0.9534,0.9534,0.0462,0.0002,0.0002
fgvc8_by_class/apple_scab/caa59dc3c8d309ce.jpg,0,3,0.8514,0.1485,0.0001,0.0000,0.8514
fgvc8_by_class/apple_scab/fc0795f8820b0bcf.jpg,0,3,0.9992,0.0008,0.0000,0.0000,0.9992
fgvc8_by_class/apple_scab/d26f0ab36dd832e0.jpg,0,0,0.8464,0.8464,0.1497,0.0010,0.0029
fgvc8_by_class/apple_scab/cf8137d6401acbba.jpg,0,1,0.7069,0.2918,0.7069,0.0002,0.0011
fgvc8_by_class/apple_scab/c6b50cf4bd087374.jpg,0,0,0.9970,0.9970,0.0000,0.0000,0.0030
fgvc8_by_class/apple_scab/87a5489f1e4dc3d2.jpg,0,1,0.9966,0.0029,0.9966,0.0005,0.0000
fgvc8_by_class/apple_scab/a8be209f5a8f3f01.jpg,0,0,0.6587,0.6587,0.3312,0.0002,0.0098
fgvc8_by_class/apple_scab/faaf94859ab01ba2.jpg,0,0,0.6797,0.6797,0.2215,0.0000,0.0988
fgvc8_by_class/apple_scab/ad3f92d5899aa981.jpg,0,0,0.9416,0.9416,0.0000,0.0000,0.0583
fgvc8_by_class/apple_scab/bf81d43cda75d801.jpg,0,0,0.7286,0.7286,0.0002,0.0000,0.2712
fgvc8_by_class/apple_scab/fb19c11e072772aa.jpg,0,0,0.9848,0.9848,0.0020,0.0001,0.0131
fgvc8_by_class/apple_scab/fc37f485000b0fcf.jpg,0,0,0.8897,0.8897,0.0000,0.0000,0.1103
fgvc8_by_class/apple_scab/e0c06da9f8e3c2ab.jpg,0,0,0.9607,0.9607,0.0079,0.0001,0.0313
fgvc8_by_class/apple_scab/d0619f2ff0d3c382.jpg,0,1,0.9744,0.0251,0.9744,0.0004,0.0001
fgvc8_by_class/apple_scab/c4edbd2ed0c8b03c.jpg,0,0,0.8060,0.8060,0.1748,0.0154,0.0038
fgvc8_by_class/apple_scab/fdd292ede0636094.jpg,0,0,0.9991,0.9991,0.0004,0.0000,0.0005
fgvc8_by_class/apple_scab/f5ae049d9a3e2e28.jpg,0,0,0.9848,0.9848,0.0000,0.0000,0.0152
fgvc8_by_class/apple_scab/94ca82be6e607676.jpg,0,1,0.9905,0.0075,0.9905,0.0002,0.0018
fgvc8_by_class/apple_scab/d1b93c588d1f3307.jpg,0,1,0.9112,0.0143,0.9112,0.0004,0.0741
fgvc8_by_class/apple_scab/a55be7b5c74ca022.jpg,0,0,0.9004,0.9004,0.0002,0.0002,0.0993
fgvc8_by_class/apple_scab/9a35e26ce68879aa.jpg,0,2,0.4833,0.2802,0.2326,0.4833,0.0040
fgvc8_by_class/apple_scab/c02f6947b20ef22f.jpg,0,0,0.9966,0.9966,0.0010,0.0000,0.0023
fgvc8_by_class/apple_scab/a891a7d7931e9aa8.jpg,0,3,0.6943,0.3021,0.0036,0.0001,0.6943
fgvc8_by_class/apple_scab/bf23077794425e0b.jpg,0,0,0.9350,0.9350,0.0629,0.0010,0.0011
fgvc8_by_class/apple_scab/e1caa5852cb570be.jpg,0,1,0.5752,0.4119,0.5752,0.0003,0.0126
fgvc8_by_class/apple_scab/d1ba4e03df07f812.jpg,0,0,0.9928,0.9928,0.0020,0.0012,0.0041
fgvc8_by_class/apple_scab/88fac59a34e06bcb.jpg,0,0,0.8669,0.8669,0.0264,0.0000,0.1066
fgvc8_by_class/apple_scab/f8b0e3eca23dc609.jpg,0,3,0.5072,0.4916,0.0011,0.0000,0.5072
fgvc8_by_class/apple_scab/e5d4f8ac42b52e0b.jpg,0,1,0.9344,0.0616,0.9344,0.0008,0.0032
fgvc8_by_class/apple_scab/ced69460342f671e.jpg,0,0,0.6000,0.6000,0.3646,0.0001,0.0354
fgvc8_by_class/apple_scab/dee9f510de0450ae.jpg,0,0,0.9834,0.9834,0.0003,0.0001,0.0162
fgvc8_by_class/apple_scab/fd38dd52948c219b.jpg,0,1,0.8777,0.1214,0.8777,0.0007,0.0002
fgvc8_by_class/apple_scab/a8e1bc575f2b0155.jpg,0,0,0.9794,0.9794,0.0004,0.0000,0.0202
fgvc8_by_class/apple_scab/c7cb27d582c10d9e.jpg,0,1,0.9707,0.0240,0.9707,0.0053,0.0000
fgvc8_by_class/apple_scab/b3bdc27aaae0bc04.jpg,0,1,0.9890,0.0107,0.9890,0.0001,0.0002
fgvc8_by_class/apple_scab/95db69a5719a3918.jpg,0,1,0.9148,0.0693,0.9148,0.0131,0.0027
fgvc8_by_class/apple_scab/b297b43d650f6cc0.jpg,0,1,0.9872,0.0113,0.9872,0.0011,0.0004
fgvc8_by_class/apple_scab/e8ceca698cb729e0.jpg,0,0,0.9822,0.9822,0.0149,0.0002,0.0027
fgvc8_by_class/apple_scab/e78610d4d04d7de9.jpg,0,3,0.8866,0.0361,0.0773,0.0000,0.8866
fgvc8_by_class/apple_scab/88ddbc939596a5a4.jpg,0,2,0.5302,0.4697,0.0001,0.5302,0.0000
fgvc8_by_class/apple_scab/e1609e2cf81778cb.jpg,0,1,0.9450,0.0539,0.9450,0.0003,0.0009
fgvc8_by_class/apple_scab/81c591c9a78d9d37.jpg,0,0,0.8275,0.8275,0.0292,0.0002,0.1431
fgvc8_by_class/apple_scab/97eb17c48a16ec0b.jpg,0,0,0.9876,0.9876,0.0007,0.0001,0.0115
fgvc8_by_class/apple_scab/c2a72fdafec000ad.jpg,0,0,0.9937,0.9937,0.0031,0.0000,0.0032
fgvc8_by_class/apple_scab/bd90940aca2f7f2c.jpg,0,0,0.7268,0.7268,0.0094,0.0000,0.2638
fgvc8_by_class/apple_scab/d0db33e0b2a51e74.jpg,0,0,0.9513,0.9513,0.0390,0.0020,0.0077
fgvc8_by_class/apple_scab/b4b89f782de0644b.jpg,0,0,0.9870,0.9870,0.0089,0.0002,0.0039
fgvc8_by_class/apple_scab/ef32960a5ec5878c.jpg,0,0,0.9061,0.9061,0.0463,0.0000,0.0476
fgvc8_by_class/apple_scab/e2d5fab2d6c28e04.jpg,0,0,0.7075,0.7075,0.0159,0.0000,0.2765
fgvc8_by_class/apple_scab/ceed9412307a39cb.jpg,0,0,0.6582,0.6582,0.2964,0.0019,0.0435
fgvc8_by_class/apple_scab/8afe8088de0a7f78.jpg,0,0,0.9566,0.9566,0.0000,0.0000,0.0434
fgvc8_by_class/apple_scab/f6e2a22f944a7a51.jpg,0,0,0.8896,0.8896,0.1101,0.0001,0.0003
fgvc8_by_class/apple_scab/f8728f3e833d8314.jpg,0,1,0.9802,0.0191,0.9802,0.0001,0.0006
fgvc8_by_class/apple_scab/9aa3243396871eed.jpg,0,0,0.9745,0.9745,0.0140,0.0004,0.0111
fgvc8_by_class/apple_scab/ff055a60adc230cf.jpg,0,0,0.9440,0.9440,0.0381,0.0000,0.0178
fgvc8_by_class/apple_scab/f1f01dbfc26496a0.jpg,0,1,0.6162,0.3826,0.6162,0.0004,0.0008
fgvc8_by_class/apple_scab/8a9a1e72a7ac507d.jpg,0,0,0.9112,0.9112,0.0000,0.0000,0.0888
fgvc8_by_class/apple_scab/a87bd5885acdb8a4.jpg,0,0,0.9392,0.9392,0.0374,0.0077,0.0157
fgvc8_by_class/apple_scab/9185e58ff11ed158.jpg,0,0,0.9085,0.9085,0.0721,0.0013,0.0180
fgvc8_by_class/apple_scab/85e834be8e733239.jpg,0,0,0.6481,0.6481,0.3415,0.0021,0.0083
fgvc8_by_class/apple_scab/aba4bed203477057.jpg,0,0,0.9427,0.9427,0.0180,0.0104,0.0289
fgvc8_by_class/apple_scab/f0ce832ccd38d5b4.jpg,0,0,0.9800,0.9800,0.0108,0.0001,0.0091
fgvc8_by_class/apple_scab/c0073311b9ee5bd5.jpg,0,0,0.7124,0.7124,0.0446,0.0001,0.2429
fgvc8_by_class/apple_scab/8c7f8f418e62d06b.jpg,0,0,0.9788,0.9788,0.0037,0.0001,0.0174
fgvc8_by_class/apple_scab/fde0cd0a5d952a58.jpg,0,3,0.9105,0.0895,0.0000,0.0000,0.9105
fgvc8_by_class/apple_scab/b6f4a0bce8912cd9.jpg,0,0,0.9361,0.9361,0.0429,0.0003,0.0207
fgvc8_by_class/apple_scab/9ae0ca99567ea836.jpg,0,3,0.5274,0.3005,0.1721,0.0001,0.5274
fgvc8_by_class/apple_scab/8fbd27b078a0b0d5.jpg,0,0,0.9772,0.9772,0.0051,0.0027,0.0149
fgvc8_by_class/apple_scab/b0dbdb61bc663092.jpg,0,3,0.9579,0.0396,0.0024,0.0001,0.9579
fgvc8_by_class/apple_scab/95b4085ba3c7df18.jpg,0,0,0.9106,0.9106,0.0417,0.0472,0.0004
fgvc8_by_class/apple_scab/e8b9005f03073f6f.jpg,0,0,0.8235,0.8235,0.0008,0.0000,0.1757
fgvc8_by_class/apple_scab/d2b1859b5596a9b4.jpg,0,3,0.9102,0.0898,0.0001,0.0000,0.9102
fgvc8_by_class/apple_scab/cd32e09f1e6385f0.jpg,0,3,0.5162,0.4831,0.0007,0.0000,0.5162
fgvc8_by_class/apple_scab/a0ec94cd90ee1f96.jpg,0,0,0.7276,0.7276,0.1693,0.0015,0.1016
fgvc8_by_class/apple_scab/d091e7cb3e55482d.jpg,0,0,0.9973,0.9973,0.0017,0.0007,0.0003
fgvc8_by_class/apple_scab/f19887408aedee65.jpg,0,0,0.9997,0.9997,0.0000,0.0000,0.0003
fgvc8_by_class/apple_scab/8f957ac8784a2d65.jpg,0,1,0.6418,0.1438,0.6418,0.2137,0.0007
fgvc8_by_class/apple_scab/9d751601cf3f30f0.jpg,0,0,0.9990,0.9990,0.0004,0.0003,0.0003
fgvc8_by_class/apple_scab/83dc6bc4a4275b2b.jpg,0,0,0.9645,0.9645,0.0152,0.0196,0.0006
fgvc8_by_class/apple_scab/e800dc769d37607e.jpg,0,0,0.5155,0.5155,0.3121,0.0012,0.1712
fgvc8_by_class/apple_scab/803270d4d78faeba.jpg,0,0,0.8872,0.8872,0.0806,0.0065,0.0257
fgvc8_by_class/apple_scab/c0ef90ea018ffb1c.jpg,0,1,0.5891,0.4041,0.5891,0.0007,0.0062
fgvc8_by_class/apple_scab/8e9e2f9a604bbd30.jpg,0,0,0.9767,0.9767,0.0000,0.0000,0.0233
fgvc8_by_class/apple_scab/aa643d07d86f322e.jpg,0,0,0.9971,0.9971,0.0007,0.0020,0.0002
fgvc8_by_class/apple_scab/feb146812521e5ee.jpg,0,0,0.9878,0.9878,0.0019,0.0001,0.0102
fgvc8_by_class/apple_scab/c2912f1de07c3d71.jpg,0,0,0.9914,0.9914,0.0063,0.0001,0.0022
fgvc8_by_class/apple_scab/e6a8e4c8c05f5f70.jpg,0,0,0.9767,0.9767,0.0161,0.0001,0.0071
fgvc8_by_class/apple_scab/bfd08860b16c723f.jpg,0,0,0.8575,0.8575,0.0005,0.0001,0.1419
fgvc8_by_class/apple_scab/c0311c836f956ff8.jpg,0,1,0.9963,0.0004,0.9963,0.0024,0.0009
fgvc8_by_class/apple_scab/8c95b34ad893ab59.jpg,0,1,0.6574,0.3351,0.6574,0.0008,0.0067
fgvc8_by_class/apple_scab/d03b33c9fa50ee44.jpg,0,0,0.8583,0.8583,0.1087,0.0001,0.0328
fgvc8_by_class/apple_scab/fa7ad5c281c2e14b.jpg,0,0,0.7608,0.7608,0.0161,0.0288,0.1943
fgvc8_by_class/apple_scab/c7934438adf060fd.jpg,0,0,0.8763,0.8763,0.0922,0.0000,0.0315
fgvc8_by_class/apple_scab/f9aac59b12c02b76.jpg,0,0,0.9964,0.9964,0.0024,0.0004,0.0008
fgvc8_by_class/apple_scab/b5b6c01fedc948c8.jpg,0,0,0.9824,0.9824,0.0169,0.0005,0.0002
fgvc8_by_class/apple_scab/beb7d639098158ca.jpg,0,0,0.5786,0.5786,0.0471,0.0000,0.3743
fgvc8_by_class/apple_scab/de96e4bfc233014a.jpg,0,0,0.7175,0.7175,0.2665,0.0024,0.0136
fgvc8_by_class/apple_scab/a6d62b792d95428b.jpg,0,1,0.9866,0.0122,0.9866,0.0006,0.0006
fgvc8_by_class/apple_scab/c53b70395fb1b130.jpg,0,0,0.9983,0.9983,0.0002,0.0003,0.0012
fgvc8_by_class/apple_scab/9cf960956f1724b8.jpg,0,0,0.9979,0.9979,0.0000,0.0000,0.0021
fgvc8_by_class/apple_scab/ff06c51a89995b94.jpg,0,0,0.9665,0.9665,0.0107,0.0001,0.0227
fgvc8_by_class/apple_scab/90b2cbcf9a7c4538.jpg,0,0,0.8361,0.8361,0.0654,0.0000,0.0984
fgvc8_by_class/apple_scab/aedb1485640bcf78.jpg,0,1,0.9051,0.0713,0.9051,0.0008,0.0228
fgvc8_by_class/apple_scab/98e9668666ce3e92.jpg,0,0,0.7520,0.7520,0.0011,0.0004,0.2465
fgvc8_by_class/apple_scab/caaf20ce8b3c683b.jpg,0,0,0.9863,0.9863,0.0007,0.0000,0.0130
fgvc8_by_class/apple_scab/86a585eb87c61f4c.jpg,0,3,0.6169,0.3831,0.0000,0.0000,0.6169
fgvc8_by_class/apple_scab/8e716de49c19e12d.jpg,0,0,0.9234,0.9234,0.0453,0.0307,0.0006
fgvc8_by_class/apple_scab/bab0cba0fe8a7183.jpg,0,0,0.9942,0.9942,0.0018,0.0000,0.0041
fgvc8_by_class/apple_scab/cdb123e1c18cfde0.jpg,0,0,0.9071,0.9071,0.0308,0.0002,0.0620
fgvc8_by_class/apple_scab/eafa228a638cf5e0.jpg,0,0,0.9585,0.9585,0.0000,0.0001,0.0414
fgvc8_by_class/apple_scab/8bea3f95e08ac14b.jpg,0,1,0.9539,0.0380,0.9539,0.0013,0.0068
fgvc8_by_class/apple_scab/dc997480e52d976c.jpg,0,1,0.9079,0.0883,0.9079,0.0000,0.0037
fgvc8_by_class/apple_scab/93a18d585eab45c7.jpg,0,0,0.9774,0.9774,0.0066,0.0000,0.0160
fgvc8_by_class/apple_scab/b53eba373309252a.jpg,0,0,0.8246,0.8246,0.0009,0.0000,0.1745
fgvc8_by_class/apple_scab/81b9928b4a656ff4.jpg,0,1,0.9758,0.0236,0.9758,0.0002,0.0004
fgvc8_by_class/apple_scab/a92bf2075cf1668a.jpg,0,0,0.9564,0.9564,0.0046,0.0004,0.0386
fgvc8_by_class/apple_scab/8085d341ee57f03f.jpg,0,1,0.9918,0.0081,0.9918,0.0001,0.0000
fgvc8_by_class/apple_scab/8a3937a9ab9265a5.jpg,0,0,0.7009,0.7009,0.2801,0.0077,0.0113
fgvc8_by_class/apple_scab/a59683ade8a0d6da.jpg,0,1,0.6084,0.3822,0.6084,0.0017,0.0077
fgvc8_by_class/apple_scab/f598851f4bc01aed.jpg,0,1,0.9121,0.0840,0.9121,0.0021,0.0018
fgvc8_by_class/apple_scab/877ac27d0bc42fc8.jpg,0,0,0.9131,0.9131,0.0379,0.0000,0.0490
fgvc8_by_class/apple_scab/aac455aaabad54a5.jpg,0,0,0.9995,0.9995,0.0000,0.0004,0.0000
fgvc8_by_class/apple_scab/94ec0c564ee8d5b9.jpg,0,0,0.9231,0.9231,0.0695,0.0031,0.0044
fgvc8_by_class/apple_scab/a750b58b8e7d2616.jpg,0,0,0.9818,0.9818,0.0076,0.0009,0.0097
fgvc8_by_class/apple_scab/c931fa18cede0e85.jpg,0,0,0.9898,0.9898,0.0001,0.0000,0.0101
fgvc8_by_class/apple_scab/9bfb69859c5e08a1.jpg,0,0,0.6193,0.6193,0.3630,0.0042,0.0135
fgvc8_by_class/apple_scab/803f658f8cc35ce3.jpg,0,0,0.9559,0.9559,0.0025,0.0002,0.0413
fgvc8_by_class/apple_scab/c2cf3d29c7ec1630.jpg,0,0,0.9628,0.9628,0.0333,0.0011,0.0029
fgvc8_by_class/apple_scab/d5a69ec0488cefc5.jpg,0,0,0.9989,0.9989,0.0001,0.0000,0.0010
fgvc8_by_class/apple_scab/c7ab7f6199e4001e.jpg,0,1,0.5301,0.4561,0.5301,0.0087,0.0050
fgvc8_by_class/apple_scab/eaa3b4b511c07a2f.jpg,0,0,0.9742,0.9742,0.0004,0.0002,0.0252
fgvc8_by_class/apple_scab/f0cf90cf3cf23089.jpg,0,1,0.9679,0.0315,0.9679,0.0001,0.0004
fgvc8_by_class/apple_scab/e18f855851e0f8e7.jpg,0,0,1.0000,1.0000,0.0000,0.0000,0.0000
fgvc8_by_class/apple_scab/b50fc37c4720bf03.jpg,0,0,0.8699,0.8699,0.0225,0.0006,0.1070
fgvc8_by_class/apple_scab/f7e8f56d00026b5a.jpg,0,1,0.9895,0.0103,0.9895,0.0002,0.0001
fgvc8_by_class/apple_scab/905f6d3992c26d69.jpg,0,0,0.9856,0.9856,0.0125,0.0015,0.0004
fgvc8_by_class/apple_scab/f142d1e1c06ff568.jpg,0,0,0.9886,0.9886,0.0006,0.0000,0.0108
fgvc8_by_class/apple_scab/85eb891c8a36c8ef.jpg,0,0,0.8979,0.8979,0.0012,0.0585,0.0424
fgvc8_by_class/apple_scab/c78903f11fe905f2.jpg,0,0,0.9955,0.9955,0.0013,0.0000,0.0032
fgvc8_by_class/apple_scab/e007da8a3d88a3fe.jpg,0,0,0.9929,0.9929,0.0057,0.0004,0.0010
fgvc8_by_class/apple_scab/9dd418b44b24dd75.jpg,0,1,0.5728,0.4042,0.5728,0.0149,0.0081
fgvc8_by_class/apple_scab/c39bacec48e8b8d4.jpg,0,0,0.9537,0.9537,0.0453,0.0002,0.0008
fgvc8_by_class/apple_scab/f2254d92d85073bd.jpg,0,1,0.9259,0.0727,0.9259,0.0001,0.0013
fgvc8_by_class/apple_scab/a196c2794ea0fe63.jpg,0,0,0.9403,0.9403,0.0022,0.0000,0.0575
fgvc8_by_class/apple_scab/a80a8eafb4c536b6.jpg,0,0,0.8267,0.8267,0.1383,0.0001,0.0349
fgvc8_by_class/apple_scab/d4b23e167dd6c290.jpg,0,0,0.8549,0.8549,0.0143,0.1298,0.0010
fgvc8_by_class/apple_scab/88893dbf91d0d1d6.jpg,0,0,0.9978,0.9978,0.0001,0.0001,0.0020
fgvc8_by_class/apple_scab/804a9db4c7daf436.jpg,0,0,0.6001,0.6001,0.3295,0.0219,0.0484
fgvc8_by_class/apple_scab/afa883310e3774ba.jpg,0,0,0.8859,0.8859,0.0012,0.0000,0.1129
fgvc8_by_class/apple_scab/d770b13291f3710b.jpg,0,1,0.8656,0.1325,0.8656,0.0003,0.0016
fgvc8_by_class/apple_scab/a59f84904bc5736b.jpg,0,0,0.9414,0.9414,0.0020,0.0000,0.0565
fgvc8_by_class/apple_scab/8cd03ef70b0f5316.jpg,0,1,0.8982,0.0535,0.8982,0.0009,0.0475
fgvc8_by_class/apple_scab/a2f5c78c5430317f.jpg,0,0,0.8874,0.8874,0.0037,0.0000,0.1089
fgvc8_by_class/apple_scab/a1b0d0871f0dcff8.jpg,0,0,0.9556,0.9556,0.0280,0.0016,0.0148
fgvc8_by_class/apple_scab/edef4c62c068f21c.jpg,0,0,0.9841,0.9841,0.0000,0.0000,0.0159
fgvc8_by_class/apple_scab/969036c3c36bfa0b.jpg,0,1,0.5575,0.3261,0.5575,0.0018,0.1146
fgvc8_by_class/apple_scab/cdaec9c4adb884d4.jpg,0,0,0.9995,0.9995,0.0000,0.0000,0.0005
fgvc8_by_class/apple_scab/ab8fcd203590fb4c.jpg,0,1,0.9818,0.0163,0.9818,0.0001,0.0018
fgvc8_by_class/apple_scab/f1d30b00f0ed5f94.jpg,0,0,0.8577,0.8577,0.1387,0.0002,0.0035
fgvc8_by_class/apple_scab/e459a609173d69ba.jpg,0,0,0.9934,0.9934,0.0034,0.0000,0.0031
fgvc8_by_class/apple_scab/d8014fe8bebe189a.jpg,0,0,0.9798,0.9798,0.0135,0.0000,0.0068
fgvc8_by_class/apple_scab/82c4ac38f86a3d7e.jpg,0,0,0.9858,0.9858,0.0109,0.0001,0.0031
fgvc8_by_class/apple_scab/f037c831ecf2648b.jpg,0,0,0.7405,0.7405,0.0481,0.0000,0.2113
fgvc8_by_class/apple_scab/fd30d0a01eaf2daa.jpg,0,0,0.9952,0.9952,0.0000,0.0000,0.0048
fgvc8_by_class/apple_scab/d8d6a5a6ae8e160e.jpg,0,0,0.9416,0.9416,0.0170,0.0011,0.0403
fgvc8_by_class/apple_scab/c74f99338cd8e039.jpg,0,0,0.8530,0.8530,0.1303,0.0004,0.0163
fgvc8_by_class/apple_scab/da0acaa1b8fbf8c0.jpg,0,0,0.9099,0.9099,0.0440,0.0001,0.0461
fgvc8_by_class/apple_scab/92cdca92ad922cfa.jpg,0,0,0.9675,0.9675,0.0244,0.0006,0.0075
fgvc8_by_class/apple_scab/8b4e03259f4b97c5.jpg,0,1,0.8471,0.1494,0.8471,0.0030,0.0005
fgvc8_by_class/apple_scab/eaa9a6c04baf4553.jpg,0,0,0.6606,0.6606,0.3374,0.0002,0.0017
fgvc8_by_class/apple_scab/892ec13c8b783fca.jpg,0,0,0.5289,0.5289,0.0035,0.0108,0.4568
fgvc8_by_class/apple_scab/adb8c1098d6f4667.jpg,0,1,0.8396,0.1355,0.8396,0.0064,0.0186
fgvc8_by_class/apple_scab/f6cf8e92284a498f.jpg,0,1,0.9977,0.0022,0.9977,0.0002,0.0000
fgvc8_by_class/apple_scab/9f4c9de9c8b17302.jpg,0,1,0.9854,0.0094,0.9854,0.0007,0.0045
fgvc8_by_class/apple_scab/f2d5d2adc18c6986.jpg,0,3,0.7974,0.0237,0.1785,0.0005,0.7974
fgvc8_by_class/apple_scab/d537d83d16295781.jpg,0,1,0.8685,0.0529,0.8685,0.0000,0.0785
fgvc8_by_class/apple_scab/aac6deb45870616b.jpg,0,0,0.5602,0.5602,0.4212,0.0001,0.0186
fgvc8_by_class/apple_scab/80e83fd5bf0f7028.jpg,0,0,0.9840,0.9840,0.0000,0.0000,0.0160
fgvc8_by_class/apple_scab/cfec7cb06cf70088.jpg,0,0,0.9077,0.9077,0.0202,0.0218,0.0504
fgvc8_by_class/apple_scab/d5b1993a1eb62c92.jpg,0,1,0.5739,0.3906,0.5739,0.0056,0.0299
fgvc8_by_class/apple_scab/d8519f13c5a862dd.jpg,0,1,0.9747,0.0244,0.9747,0.0000,0.0009
fgvc8_by_class/apple_scab/935b9982bcc57cb0.jpg,0,0,0.8506,0.8506,0.1419,0.0000,0.0075
fgvc8_by_class/apple_scab/a981bcb0523df25b.jpg,0,0,0.8858,0.8858,0.0047,0.0004,0.1090
fgvc8_by_class/apple_scab/d2693dc5b03c95b4.jpg,0,0,0.9999,0.9999,0.0000,0.0000,0.0001
fgvc8_by_class/apple_scab/c4b33c8070dee8db.jpg,0,0,0.9881,0.9881,0.0027,0.0000,0.0091
fgvc8_by_class/apple_scab/85ba78d641bd851e.jpg,0,1,0.9121,0.0796,0.9121,0.0069,0.0014
fgvc8_by_class/apple_scab/8f5b780f602f2467.jpg,0,1,0.7615,0.2295,0.7615,0.0050,0.0039
fgvc8_by_class/apple_scab/87b1c7b8c4d2f0ca.jpg,0,0,0.9997,0.9997,0.0000,0.0000,0.0002
fgvc8_by_class/apple_scab/bdb4b0d0c0d9c39d.jpg,0,3,0.9580,0.0420,0.0000,0.0000,0.9580
fgvc8_by_class/apple_scab/de3dc0b4d2053f0d.jpg,0,0,0.9105,0.9105,0.0000,0.0000,0.0894
fgvc8_by_class/apple_scab/a9a5d54a0c2d0ebf.jpg,0,1,0.9350,0.0560,0.9350,0.0001,0.0090
fgvc8_by_class/apple_scab/9549bad02dda4e69.jpg,0,0,0.9997,0.9997,0.0000,0.0000,0.0003
fgvc8_by_class/apple_scab/8bf881f4c0d0ff86.jpg,0,0,0.9470,0.9470,0.0035,0.0000,0.0495
fgvc8_by_class/apple_scab/abf0b5a0df028b17.jpg,0,3,0.9649,0.0337,0.0014,0.0000,0.9649
fgvc8_by_class/apple_scab/ad8c9d988ace55aa.jpg,0,1,0.9878,0.0096,0.9878,0.0024,0.0002
fgvc8_by_class/apple_scab/df8268f82f5d88c2.jpg,0,0,0.9881,0.9881,0.0012,0.0000,0.0108
fgvc8_by_class/apple_scab/adc8c48a967972d3.jpg,0,0,0.9912,0.9912,0.0082,0.0000,0.0006
fgvc8_by_class/apple_scab/b08743ba3ee3078e.jpg,0,1,0.5200,0.4252,0.5200,0.0000,0.0548
fgvc8_by_class/apple_scab/9b4dd76b61002d9e.jpg,0,0,0.6386,0.6386,0.3418,0.0189,0.0007
fgvc8_by_class/apple_scab/e320f317783e3b50.jpg,0,0,0.9506,0.9506,0.0353,0.0000,0.0142
fgvc8_by_class/apple_scab/bf80924a94e46f37.jpg,0,0,0.9992,0.9992,0.0000,0.0000,0.0008
fgvc8_by_class/apple_scab/fac4c0c9db40e3d3.jpg,0,0,0.9155,0.9155,0.0000,0.0000,0.0845
fgvc8_by_class/apple_scab/aab2d652cb521dc5.jpg,0,1,0.5418,0.4572,0.5418,0.0001,0.0009
fgvc8_by_class/apple_scab/d4f2f2d21a2c54bc.jpg,0,0,0.9860,0.9860,0.0001,0.0000,0.0140
fgvc8_by_class/apple_scab/d431d8f3388071fd.jpg,0,1,0.8848,0.1033,0.8848,0.0002,0.0116
fgvc8_by_class/apple_scab/e19e792ec85c037c.jpg,0,0,0.8031,0.8031,0.0542,0.0002,0.1425
fgvc8_by_class/apple_scab/c9b8af646aa45a6a.jpg,0,0,0.9590,0.9590,0.0199,0.0017,0.0194
fgvc8_by_class/apple_scab/e7ff131ef6e08020.jpg,0,0,0.9108,0.9108,0.0726,0.0078,0.0088
fgvc8_by_class/apple_scab/98c639d63f9a8949.jpg,0,0,0.7826,0.7826,0.0001,0.0000,0.2173
fgvc8_by_class/apple_scab/f87cc166cf1ab2c0.jpg,0,0,0.9985,0.9985,0.0002,0.0000,0.0013
fgvc8_by_class/apple_scab/83617ea4e8cee8ac.jpg,0,0,0.9807,0.9807,0.0055,0.0019,0.0118
fgvc8_by_class/apple_scab/aaf716b09ab5a528.jpg,0,3,0.8710,0.1282,0.0008,0.0000,0.8710
fgvc8_by_class/apple_scab/bad79bb2f2b204a0.jpg,0,0,0.8691,0.8691,0.1059,0.0002,0.0249
fgvc8_by_class/apple_scab/fc8fccc6c4dcc8c0.jpg,0,0,0.6880,0.6880,0.3077,0.0018,0.0025
fgvc8_by_class/apple_scab/d07d3e869ba12c8e.jpg,0,0,0.9984,0.9984,0.0000,0.0000,0.0016
fgvc8_by_class/apple_scab/b0945fe92d2d6607.jpg,0,3,0.7394,0.2555,0.0050,0.0000,0.7394
fgvc8_by_class/apple_scab/8fff50100712c9bf.jpg,0,0,0.9915,0.9915,0.0003,0.0004,0.0078
fgvc8_by_class/apple_scab/d46e799638e869a8.jpg,0,0,0.9989,0.9989,0.0000,0.0000,0.0011
fgvc8_by_class/black_rot/dede8434053bb2c9.jpg,1,0,0.7163,0.7163,0.2703,0.0000,0.0134
fgvc8_by_class/black_rot/a1b09b202df768de.jpg,1,1,0.5586,0.3653,0.5586,0.0013,0.0748
fgvc8_by_class/black_rot/95b80762eec6193e.jpg,1,0,0.9732,0.9732,0.0215,0.0002,0.0051
fgvc8_by_class/black_rot/b1858fa65f1d0e15.jpg,1,1,0.7729,0.2197,0.7729,0.0051,0.0023
fgvc8_by_class/black_rot/c1b018d98af333f3.jpg,1,1,0.9985,0.0011,0.9985,0.0001,0.0003
fgvc8_by_class/black_rot/a8a7e1e4949c92f5.jpg,1,0,0.9501,0.9501,0.0371,0.0003,0.0125
fgvc8_by_class/black_rot/cace6c059c669976.jpg,1,1,0.9991,0.0004,0.9991,0.0005,0.0000
fgvc8_by_class/black_rot/f819f4581ff21b03.jpg,1,0,0.9803,0.9803,0.0145,0.0002,0.0050
fgvc8_by_class/black_rot/c0c73614ce4ee4ed.jpg,1,1,0.9964,0.0005,0.9964,0.0031,0.0000
fgvc8_by_class/black_rot/a5b2a059695d7655.jpg,1,1,0.9753,0.0244,0.9753,0.0001,0.0002
fgvc8_by_class/black_rot/f0bbc5c81ec7c4c8.jpg,1,1,0.9967,0.0031,0.9967,0.0000,0.0002
fgvc8_by_class/black_rot/dec4692e245556ad.jpg,1,0,0.9764,0.9764,0.0001,0.0000,0.0235
fgvc8_by_class/black_rot/f77c16c26ccb1688.jpg,1,0,0.9944,0.9944,0.0048,0.0000,0.0008
fgvc8_by_class/black_rot/c6cb61811e30ff4d.jpg,1,1,0.8348,0.1573,0.8348,0.0003,0.0077
fgvc8_by_class/black_rot/fd6b1950658d03da.jpg,1,0,0.9877,0.9877,0.0024,0.0097,0.0002
fgvc8_by_class/black_rot/83e22f2325877c8f.jpg,1,0,0.7680,0.7680,0.2196,0.0019,0.0105
fgvc8_by_class/black_rot/807dcd0bd2b0b6b9.jpg,1,1,0.5452,0.4407,0.5452,0.0131,0.0009
fgvc8_by_class/black_rot/e026b4c23c9fcfc4.jpg,1,0,0.9939,0.9939,0.0018,0.0001,0.0043
fgvc8_by_class/black_rot/fed8ec9540ca83e4.jpg,1,0,0.8311,0.8311,0.1496,0.0001,0.0192
fgvc8_by_class/black_rot/e234ace67299d30d.jpg,1,0,0.9108,0.9108,0.0853,0.0014,0.0026
fgvc8_by_class/black_rot/b5b49a4b55cdc192.jpg,1,1,0.9968,0.0017,0.9968,0.0015,0.0001
fgvc8_by_class/black_rot/85ad3a9551d768ca.jpg,1,1,0.9992,0.0002,0.9992,0.0003,0.0003
fgvc8_by_class/black_rot/e30edef9b1e110e0.jpg,1,1,0.9985,0.0008,0.9985,0.0004,0.0002
fgvc8_by_class/black_rot/80bf79836d86936c.jpg,1,1,0.9977,0.0015,0.9977,0.0005,0.0003
fgvc8_by_class/black_rot/9ea05e3b8f8a2ad8.jpg,1,0,0.9708,0.9708,0.0237,0.0054,0.0001
fgvc8_by_class/black_rot/f0ec935488bba4b3.jpg,1,1,0.9542,0.0447,0.9542,0.0009,0.0002
fgvc8_by_class/black_rot/c7b2bcccb04b5ac4.jpg,1,1,0.9917,0.0075,0.9917,0.0003,0.0005
fgvc8_by_class/black_rot/ffc3e383c8f92012.jpg,1,1,0.9882,0.0109,0.9882,0.0008,0.0001
fgvc8_by_class/black_rot/dcd785ca8bb4a813.jpg,1,1,0.9834,0.0142,0.9834,0.0019,0.0005
fgvc8_by_class/black_rot/d24fe4be88d221e3.jpg,1,1,0.8032,0.1900,0.8032,0.0029,0.0040
fgvc8_by_class/black_rot/a51e60ff4203ef61.jpg,1,1,0.6293,0.2862,0.6293,0.0625,0.0219
fgvc8_by_class/black_rot/fd1dd27bc1601e44.jpg,1,0,0.9987,0.9987,0.0010,0.0000,0.0003
fgvc8_by_class/black_rot/a997c01d3ce0e6e6.jpg,1,0,0.9796,0.9796,0.0112,0.0001,0.0092
fgvc8_by_class/black_rot/a2796ae107dba543.jpg,1,1,0.9150,0.0499,0.9150,0.0305,0.0046
fgvc8_by_class/black_rot/f02b9f9a84303cf6.jpg,1,1,0.9997,0.0001,0.9997,0.0001,0.0000
fgvc8_by_class/black_rot/f0b5d25b6a33a861.jpg,1,1,0.5834,0.4018,0.5834,0.0049,0.0099
fgvc8_by_class/black_rot/f1e2837839593a8e.jpg,1,1,0.9990,0.0009,0.9990,0.0001,0.0001
fgvc8_by_class/black_rot/f48d3c9fcae15442.jpg,1,1,0.9420,0.0571,0.9420,0.0007,0.0002
fgvc8_by_class/black_rot/b1cd46ad561551f4.jpg,1,1,0.9569,0.0070,0.9569,0.0003,0.0358
fgvc8_by_class/black_rot/86a468f86b8163f7.jpg,1,1,0.9997,0.0000,0.9997,0.0001,0.0003
fgvc8_by_class/black_rot/c38f75803d95cac5.jpg,1,1,0.9989,0.0010,0.9989,0.0001,0.0000
fgvc8_by_class/black_rot/f0c19cf9c23a1747.jpg,1,1,0.9896,0.0026,0.9896,0.0078,0.0001
fgvc8_by_class/black_rot/b1a4b748b59db492.jpg,1,1,0.9997,0.0003,0.9997,0.0000,0.0000
fgvc8_by_class/black_rot/94c61e2b18b7daa5.jpg,1,2,0.5836,0.3325,0.0816,0.5836,0.0023
fgvc8_by_class/black_rot/9276b6beb865242c.jpg,1,1,0.9606,0.0392,0.9606,0.0000,0.0002
fgvc8_by_class/black_rot/c68d1c65b166cb72.jpg,1,1,0.9964,0.0005,0.9964,0.0031,0.0000
fgvc8_by_class/black_rot/a036cfc564ce62d3.jpg,1,1,0.9666,0.0253,0.9666,0.0002,0.0079
fgvc8_by_class/black_rot/aefc178fd05684a2.jpg,1,1,0.9955,0.0041,0.9955,0.0002,0.0002
fgvc8_by_class/black_rot/fceda5f48a216194.jpg,1,1,0.9901,0.0049,0.9901,0.0050,0.0000
fgvc8_by_class/black_rot/c98e1e3592db2f81.jpg,1,1,0.9990,0.0005,0.9990,0.0002,0.0003
fgvc8_by_class/black_rot/bbc0b40696eec4b5.jpg,1,1,0.9995,0.0001,0.9995,0.0003,0.0000
fgvc8_by_class/black_rot/d0e73fe532842b8a.jpg,1,0,0.7620,0.7620,0.1976,0.0001,0.0402
fgvc8_by_class/black_rot/f434c1d3800fcfcb.jpg,1,1,0.9497,0.0436,0.9497,0.0016,0.0051
fgvc8_by_class/black_rot/8e8752441dc7aecb.jpg,1,1,0.9659,0.0240,0.9659,0.0098,0.0003
fgvc8_by_class/black_rot/e988dfe1e0764cc8.jpg,1,0,0.7870,0.7870,0.2019,0.0072,0.0039
fgvc8_by_class/black_rot/fee0c226cf3cdc10.jpg,1,0,0.6967,0.6967,0.2996,0.0000,0.0036
fgvc8_by_class/black_rot/81d2e185de0e9ece.jpg,1,1,0.9426,0.0087,0.9426,0.0486,0.0001
fgvc8_by_class/black_rot/806b46cce99acedc.jpg,1,1,0.9905,0.0089,0.9905,0.0005,0.0000
fgvc8_by_class/black_rot/a8d5f0d0c11fc89f.jpg,1,0,0.9177,0.9177,0.0816,0.0001,0.0005
fgvc8_by_class/black_rot/d2e7b5924b0d3d88.jpg,1,0,0.9724,0.9724,0.0234,0.0014,0.0028
fgvc8_by_class/black_rot/c81e7f7340f43722.jpg,1,1,0.9894,0.0036,0.9894,0.0069,0.0000
fgvc8_by_class/black_rot/f6b6cd25c03d2964.jpg,1,1,0.9984,0.0008,0.9984,0.0006,0.0002
fgvc8_by_class/black_rot/c3a29a7b982895cf.jpg,1,1,0.4930,0.4480,0.4930,0.0118,0.0471
fgvc8_by_class/black_rot/915ead6890e5eae4.jpg,1,0,0.5221,0.5221,0.4354,0.0417,0.0009
fgvc8_by_class/black_rot/bc4bccb746334919.jpg,1,0,0.5974,0.5974,0.3925,0.0002,0.0098
fgvc8_by_class/black_rot/89a6deaab52750a5.jpg,1,0,0.9992,0.9992,0.0000,0.0006,0.0002
fgvc8_by_class/black_rot/ad6f7db50183611c.jpg,1,1,0.9849,0.0134,0.9849,0.0000,0.0016
fgvc8_by_class/black_rot/bd87b8ecc087c02f.jpg,1,2,0.9564,0.0331,0.0103,0.9564,0.0001
fgvc8_by_class/black_rot/f00d97ec8a62c7e2.jpg,1,0,0.6449,0.6449,0.3452,0.0063,0.0036
fgvc8_by_class/black_rot/82493fc17237a975.jpg,1,1,0.5732,0.3570,0.5732,0.0633,0.0065
fgvc8_by_class/black_rot/e4c1f5cd983c9269.jpg,1,0,0.9297,0.9297,0.0153,0.0000,0.0550
fgvc8_by_class/black_rot/e9c8721a362af738.jpg,1,1,0.6935,0.2617,0.6935,0.0259,0.0189
fgvc8_by_class/black_rot/b5b54aea95952a26.jpg,1,0,0.9993,0.9993,0.0004,0.0000,0.0004
fgvc8_by_class/black_rot/c53c6034c0fb87d7.jpg,1,1,0.9652,0.0045,0.9652,0.0302,0.0000
fgvc8_by_class/black_rot/f05ad49e5f0a0d4b.jpg,1,1,0.8604,0.1342,0.8604,0.0038,0.0017
fgvc8_by_class/black_rot/cbfe3da4062e2c86.jpg,1,1,0.9774,0.0101,0.9774,0.0124,0.0001
fgvc8_by_class/black_rot/a1a5c4c5fa4755ca.jpg,1,1,0.9969,0.0029,0.9969,0.0002,0.0000
fgvc8_by_class/black_rot/f0895b9ea5c2ea62.jpg,1,1,0.9935,0.0020,0.9935,0.0043,0.0002
fgvc8_by_class/black_rot/c38328f8fb0d11fc.jpg,1,1,0.9520,0.0454,0.9520,0.0001,0.0025
fgvc8_by_class/black_rot/94dbe0dc07a1fe41.jpg,1,0,0.8305,0.8305,0.1585,0.0028,0.0082
fgvc8_by_class/black_rot/c5f1309d55bc585c.jpg,1,0,0.9842,0.9842,0.0104,0.0017,0.0037
fgvc8_by_class/black_rot/a8b097cad7eb89c0.jpg,1,1,0.9953,0.0017,0.9953,0.0030,0.0000
fgvc8_by_class/black_rot/f5a0cbab540e13e5.jpg,1,1,0.9879,0.0119,0.9879,0.0002,0.0000
fgvc8_by_class/black_rot/cdd8c0f404bacbbc.jpg,1,0,0.9907,0.9907,0.0021,0.0018,0.0054
fgvc8_by_class/black_rot/a5ee4b14a5aa9a59.jpg,1,1,0.9978,0.0021,0.9978,0.0000,0.0000
fgvc8_by_class/black_rot/d8ec2836ddce061b.jpg,1,1,0.9982,0.0012,0.9982,0.0005,0.0001
fgvc8_by_class/black_rot/ebb4e19e384a36c1.jpg,1,0,0.9638,0.9638,0.0279,0.0005,0.0077
fgvc8_by_class/black_rot/f924f05e214af5c9.jpg,1,1,0.9634,0.0363,0.9634,0.0002,0.0001
fgvc8_by_class/black_rot/cfc620b27f1f3089.jpg,1,1,0.9144,0.0014,0.9144,0.0842,0.0000
fgvc8_by_class/black_rot/b9f2d7c620c15a2d.jpg,1,1,0.9973,0.0024,0.9973,0.0003,0.0000
fgvc8_by_class/black_rot/91e36c5b88696d1e.jpg,1,1,0.9658,0.0200,0.9658,0.0136,0.0006
fgvc8_by_class/black_rot/ab5bea82439267c9.jpg,1,1,0.9986,0.0012,0.9986,0.0001,0.0001
fgvc8_by_class/black_rot/efe9cf50cf1a0a08.jpg,1,2,0.7807,0.2143,0.0050,0.7807,0.0000
fgvc8_by_class/black_rot/ba63d1e23ecb828a.jpg,1,1,0.6662,0.3065,0.6662,0.0105,0.0168
fgvc8_by_class/black_rot/8abd9215c1632d3f.jpg,1,1,0.9861,0.0137,0.9861,0.0001,0.0001
fgvc8_by_class/black_rot/8b854dde304cfb64.jpg,1,1,0.6486,0.2926,0.6486,0.0019,0.0569
fgvc8_by_class/black_rot/c7f643e53e182958.jpg,1,1,0.7696,0.2275,0.7696,0.0018,0.0011
fgvc8_by_class/black_rot/d261358fe65919b4.jpg,1,1,0.9226,0.0751,0.9226,0.0023,0.0001
fgvc8_by_class/black_rot/a299e4e8b5a57c43.jpg,1,0,0.4397,0.4397,0.4245,0.1357,0.0000
fgvc8_by_class/black_rot/c0e00e1cff8f429f.jpg,1,1,0.8826,0.1110,0.8826,0.0056,0.0007
fgvc8_by_class/black_rot/f9899e870ea3e388.jpg,1,1,0.8145,0.1711,0.8145,0.0010,0.0135
fgvc8_by_class/black_rot/b7c19a87c1476e32.jpg,1,0,0.7825,0.7825,0.1709,0.0059,0.0407
fgvc8_by_class/black_rot/8181f51ede75ca23.jpg,1,0,0.9645,0.9645,0.0001,0.0001,0.0353
fgvc8_by_class/black_rot/fc82badc4f2818ea.jpg,1,1,0.9634,0.0297,0.9634,0.0064,0.0005
fgvc8_by_class/black_rot/a17298b49fb117d1.jpg,1,1,0.8138,0.1834,0.8138,0.0000,0.0028
fgvc8_by_class/black_rot/f4d0eac9a3f408ea.jpg,1,1,0.9791,0.0205,0.9791,0.0004,0.0000
fgvc8_by_class/black_rot/cdcd34737ae8c0c4.jpg,1,1,0.9998,0.0002,0.9998,0.0000,0.0000
fgvc8_by_class/black_rot/e0c31fbf08307d0f.jpg,1,1,0.9989,0.0010,0.9989,0.0000,0.0001
fgvc8_by_class/black_rot/b4c925bb4ab2a555.jpg,1,0,0.9839,0.9839,0.0022,0.0009,0.0130
fgvc8_by_class/black_rot/cb6d353a9a42ebc0.jpg,1,1,0.9264,0.0323,0.9264,0.0007,0.0406
fgvc8_by_class/black_rot/b0e0d1d2954f1ed9.jpg,1,1,0.9956,0.0012,0.9956,0.0033,0.0000
fgvc8_by_class/black_rot/ad97865fc44c8cac.jpg,1,2,0.7813,0.2034,0.0148,0.7813,0.0005
fgvc8_by_class/black_rot/d407308e69bca3bb.jpg,1,1,0.6600,0.1457,0.6600,0.1930,0.0014
fgvc8_by_class/black_rot/ce972e6dc1c84a5c.jpg,1,1,0.9987,0.0000,0.9987,0.0012,0.0000
fgvc8_by_class/black_rot/8072861fcb8fb46d.jpg,1,1,0.9520,0.0475,0.9520,0.0003,0.0002
fgvc8_by_class/black_rot/f5fbc0e48d022c97.jpg,1,0,0.9415,0.9415,0.0547,0.0009,0.0029
fgvc8_by_class/black_rot/b6b7c993ca09c0ad.jpg,1,0,0.7218,0.7218,0.2734,0.0028,0.0020
fgvc8_by_class/black_rot/c0a0f677da565346.jpg,1,1,0.4490,0.1428,0.4490,0.4080,0.0002
fgvc8_by_class/black_rot/fce486fe3a202f24.jpg,1,3,0.5520,0.3368,0.1112,0.0000,0.5520
fgvc8_by_class/black_rot/e183135910f5ffc2.jpg,1,0,0.6197,0.6197,0.3759,0.0043,0.0001
fgvc8_by_class/black_rot/a2bdd2834fa476b0.jpg,1,1,0.9856,0.0127,0.9856,0.0002,0.0014
fgvc8_by_class/black_rot/e58c9c9898999abb.jpg,1,1,0.6556,0.3375,0.6556,0.0020,0.0049
fgvc8_by_class/black_rot/f1c6e38ebe889a0c.jpg,1,0,0.5760,0.5760,0.4165,0.0003,0.0073
fgvc8_by_class/black_rot/a9b5d240f85f2a99.jpg,1,1,0.9955,0.0041,0.9955,0.0001,0.0004
fgvc8_by_class/black_rot/e0b42ca13e8b8bbb.jpg,1,1,0.9982,0.0015,0.9982,0.0001,0.0001
fgvc8_by_class/black_rot/a8091bf259711d7b.jpg,1,1,0.9961,0.0024,0.9961,0.0014,0.0001
fgvc8_by_class/black_rot/8d11384f558f2bdc.jpg,1,0,0.9940,0.9940,0.0001,0.0000,0.0058
fgvc8_by_class/black_rot/8ac961c83fcf700f.jpg,1,0,0.9410,0.9410,0.0517,0.0001,0.0072
fgvc8_by_class/black_rot/fd8426f1d213f429.jpg,1,0,0.9831,0.9831,0.0032,0.0110,0.0027
fgvc8_by_class/black_rot/adf621c0a589a2fd.jpg,1,0,0.9978,0.9978,0.0014,0.0000,0.0008
fgvc8_by_class/black_rot/b1ac922d9b694ba5.jpg,1,0,0.8728,0.8728,0.0103,0.0172,0.0997
fgvc8_by_class/black_rot/f8d352c3a5c42e6c.jpg,1,1,0.9982,0.0016,0.9982,0.0002,0.0000
fgvc8_by_class/black_rot/b49a9f55099026ef.jpg,1,1,0.9983,0.0005,0.9983,0.0011,0.0001
fgvc8_by_class/black_rot/8efc207070f3b9c9.jpg,1,0,0.9813,0.9813,0.0017,0.0128,0.0042
fgvc8_by_class/black_rot/aabd998a4a602d3f.jpg,1,0,0.8917,0.8917,0.0900,0.0004,0.0179
fgvc8_by_class/black_rot/b4c5c1b54f89b2c5.jpg,1,1,0.9954,0.0042,0.9954,0.0002,0.0001
fgvc8_by_class/black_rot/c5b434bf5e482ca5.jpg,1,1,0.9798,0.0172,0.9798,0.0021,0.0009
fgvc8_by_class/black_rot/f0af52608de7193a.jpg,1,1,0.9906,0.0093,0.9906,0.0001,0.0000
fgvc8_by_class/black_rot/c8ed3091d97563f0.jpg,1,0,0.8417,0.8417,0.0633,0.0932,0.0018
fgvc8_by_class/black_rot/f0174b492fbca351.jpg,1,0,0.6486,0.6486,0.1880,0.1583,0.0051
fgvc8_by_class/black_rot/94b37a6a6515a27c.jpg,1,1,0.9234,0.0562,0.9234,0.0020,0.0185
fgvc8_by_class/black_rot/f0fe608bbe8f1c01.jpg,1,1,0.4669,0.2195,0.4669,0.3089,0.0048
fgvc8_by_class/black_rot/d1fe498c6e855616.jpg,1,0,0.7553,0.7553,0.2187,0.0027,0.0233
fgvc8_by_class/black_rot/cfa934dfe7420283.jpg,1,1,0.7653,0.2256,0.7653,0.0022,0.0069
fgvc8_by_class/black_rot/e585964a8778cea5.jpg,1,1,0.9315,0.0679,0.9315,0.0004,0.0002
fgvc8_by_class/black_rot/c93a61ca82c27afe.jpg,1,1,0.9945,0.0037,0.9945,0.0017,0.0001
fgvc8_by_class/black_rot/f41f4fb0d85748a2.jpg,1,0,0.8405,0.8405,0.0061,0.1534,0.0000
fgvc8_by_class/black_rot/ac7f81b41bc17c92.jpg,1,1,0.9077,0.0391,0.9077,0.0530,0.0003
fgvc8_by_class/black_rot/d2b6c5c919bb6911.jpg,1,0,0.8316,0.8316,0.1566,0.0008,0.0109
fgvc8_by_class/black_rot/80fb7d79f090434b.jpg,1,1,0.9979,0.0018,0.9979,0.0001,0.0002
fgvc8_by_class/black_rot/da882dcd946bc374.jpg,1,1,0.9992,0.0004,0.9992,0.0003,0.0000
fgvc8_by_class/black_rot/d470aa87969de159.jpg,1,0,0.5974,0.5974,0.0259,0.0000,0.3767
fgvc8_by_class/black_rot/a55bd078e3c9a60b.jpg,1,1,0.9922,0.0046,0.9922,0.0015,0.0016
fgvc8_by_class/black_rot/a387e73e38353c50.jpg,1,1,0.9409,0.0576,0.9409,0.0014,0.0001
fgvc8_by_class/black_rot/80b46aea80b7dead.jpg,1,1,0.9779,0.0022,0.9779,0.0002,0.0197
fgvc8_by_class/black_rot/e8bcbcdd4949ad02.jpg,1,0,0.8380,0.8380,0.0517,0.1082,0.0021
fgvc8_by_class/black_rot/911e91388fcb8c7b.jpg,1,1,0.9985,0.0010,0.9985,0.0002,0.0002
fgvc8_by_class/black_rot/8de3c35b3d958542.jpg,1,0,0.5213,0.5213,0.2282,0.2477,0.0028
fgvc8_by_class/black_rot/a4a9d2b44df82ce9.jpg,1,1,0.8344,0.1562,0.8344,0.0031,0.0063
fgvc8_by_class/black_rot/ed34b6de8608dac2.jpg,1,1,0.8914,0.1057,0.8914,0.0025,0.0004
fgvc8_by_class/black_rot/81a2b7d5aa80dd3e.jpg,1,1,0.5210,0.4753,0.5210,0.0025,0.0012
fgvc8_by_class/black_rot/ada150d75653d646.jpg,1,1,0.5828,0.3748,0.5828,0.0001,0.0422
fgvc8_by_class/black_rot/89842bd77b22436f.jpg,1,0,0.5353,0.5353,0.2699,0.1505,0.0443
fgvc8_by_class/black_rot/b3a36e9cc99185e1.jpg,1,1,0.8188,0.0093,0.8188,0.1701,0.0017
fgvc8_by_class/black_rot/be0fc25d2d87a485.jpg,1,1,0.9268,0.0227,0.9268,0.0492,0.0012
fgvc8_by_class/black_rot/cfaa317b0243fc68.jpg,1,1,0.9977,0.0008,0.9977,0.0005,0.0010
fgvc8_by_class/black_rot/80eb625c157374f5.jpg,1,1,0.8782,0.0827,0.8782,0.0383,0.0009
fgvc8_by_class/black_rot/d49df9511dc46698.jpg,1,0,0.8780,0.8780,0.0490,0.0009,0.0722
fgvc8_by_class/black_rot/d37805807fa0dfd4.jpg,1,0,0.5080,0.5080,0.4838,0.0007,0.0075
fgvc8_by_class/black_rot/bd9fc22bcd544071.jpg,1,0,0.7643,0.7643,0.1551,0.0799,0.0007
fgvc8_by_class/black_rot/da611e3fc2c8a18f.jpg,1,1,0.9759,0.0090,0.9759,0.0121,0.0030
fgvc8_by_class/black_rot/f8228796cfdae848.jpg,1,1,0.9972,0.0007,0.9972,0.0001,0.0021
fgvc8_by_class/black_rot/a5ecbca4a1747662.jpg,1,0,0.9047,0.9047,0.0014,0.0000,0.0939
fgvc8_by_class/black_rot/e5f296b988c98c27.jpg,1,1,0.9995,0.0002,0.9995,0.0000,0.0003
fgvc8_by_class/black_rot/e8a2f75e316689a4.jpg,1,1,0.9826,0.0142,0.9826,0.0031,0.0001
fgvc8_by_class/black_rot/ab9f4404197765e3.jpg,1,1,0.7620,0.2301,0.7620,0.0069,0.0010
fgvc8_by_class/black_rot/f045cbfc600266df.jpg,1,0,0.7098,0.7098,0.2753,0.0144,0.0006
fgvc8_by_class/black_rot/c681d4488bedf695.jpg,1,1,0.6966,0.2683,0.6966,0.0041,0.0310
fgvc8_by_class/black_rot/a0260ff0da9f525d.jpg,1,1,0.6200,0.2866,0.6200,0.0924,0.0010
fgvc8_by_class/black_rot/d3f031382ee36ae2.jpg,1,1,0.9997,0.0002,0.9997,0.0001,0.0001
fgvc8_by_class/black_rot/f7b4c12a7e3d2884.jpg,1,1,0.9812,0.0087,0.9812,0.0003,0.0098
fgvc8_by_class/black_rot/aae2cd2a2f9522cb.jpg,1,0,0.8406,0.8406,0.1555,0.0000,0.0038
fgvc8_by_class/black_rot/add793c1434d3496.jpg,1,1,0.8974,0.0956,0.8974,0.0001,0.0070
fgvc8_by_class/black_rot/9fc0755e9065bd42.jpg,1,0,0.5551,0.5551,0.0005,0.4443,0.0000
fgvc8_by_class/black_rot/9ab47599c8d388e9.jpg,1,1,0.9362,0.0360,0.9362,0.0052,0.0226
fgvc8_by_class/black_rot/8f8b2fd5a038d760.jpg,1,1,0.9956,0.0043,0.9956,0.0001,0.0000
fgvc8_by_class/black_rot/bdd27fc2640f1492.jpg,1,0,0.7934,0.7934,0.1183,0.0688,0.0195
fgvc8_by_class/black_rot/e1fa8f16ad9268a1.jpg,1,0,0.5015,0.5015,0.4937,0.0010,0.0038
fgvc8_by_class/black_rot/bc2481723fcbe159.jpg,1,1,0.9876,0.0047,0.9876,0.0076,0.0001
fgvc8_by_class/black_rot/d9d2235c5a9cb949.jpg,1,1,0.9151,0.0792,0.9151,0.0027,0.0030
fgvc8_by_class/black_rot/b4b7d2c2025d5e2e.jpg,1,1,0.9186,0.0798,0.9186,0.0002,0.0014
fgvc8_by_class/black_rot/cb87c7c3b6b10d88.jpg,1,0,0.9248,0.9248,0.0724,0.0024,0.0003
fgvc8_by_class/black_rot/eb81968e9bca9878.jpg,1,1,0.9983,0.0012,0.9983,0.0002,0.0003
fgvc8_by_class/black_rot/84f3ca39a79d4354.jpg,1,1,0.9996,0.0001,0.9996,0.0001,0.0002
fgvc8_by_class/black_rot/831436bf0e15e5e9.jpg,1,0,0.9767,0.9767,0.0073,0.0007,0.0154
fgvc8_by_class/black_rot/e5dec29796d01558.jpg,1,1,0.9822,0.0085,0.9822,0.0093,0.0000
fgvc8_by_class/black_rot/bc1adac9d0d43dc1.jpg,1,0,0.9954,0.9954,0.0033,0.0002,0.0011
fgvc8_by_class/black_rot/edc698dfe5b08a08.jpg,1,0,0.8105,0.8105,0.1781,0.0045,0.0069
fgvc8_by_class/black_rot/fbf7c12b8590acc0.jpg,1,1,0.9457,0.0362,0.9457,0.0178,0.0003
fgvc8_by_class/black_rot/e761c89bd82f314c.jpg,1,1,0.9990,0.0005,0.9990,0.0003,0.0002
fgvc8_by_class/black_rot/a083ef9cdcd91269.jpg,1,0,0.9952,0.9952,0.0009,0.0000,0.0039
fgvc8_by_class/black_rot/bfb0d091ccb6c43a.jpg,1,1,0.5591,0.1914,0.5591,0.0063,0.2432
fgvc8_by_class/black_rot/e9f512ba1a75c2d0.jpg,1,1,0.9991,0.0007,0.9991,0.0002,0.0000
fgvc8_by_class/black_rot/e5d8925aa521fc0f.jpg,1,1,0.5794,0.1029,0.5794,0.0009,0.3169
fgvc8_by_class/black_rot/d0f43c9b7d157105.jpg,1,1,0.9937,0.0027,0.9937,0.0035,0.0001
fgvc8_by_class/black_rot/90a98119adbc3ef6.jpg,1,1,0.9991,0.0004,0.9991,0.0004,0.0000
fgvc8_by_class/black_rot/9fa06d8af48a346d.jpg,1,1,0.9955,0.0029,0.9955,0.0015,0.0001
fgvc8_by_class/black_rot/aaad95e41fed0650.jpg,1,1,0.6714,0.3228,0.6714,0.0002,0.0057
fgvc8_by_class/black_rot/b7a7428280dac3df.jpg,1,0,0.9745,0.9745,0.0227,0.0001,0.0027
fgvc8_by_class/black_rot/8a3534d322cd34bf.jpg,1,1,0.9981,0.0000,0.9981,0.0018,0.0000
fgvc8_by_class/black_rot/e49bc2e18e0fc87c.jpg,1,1,0.9945,0.0040,0.9945,0.0015,0.0001
fgvc8_by_class/black_rot/c6af7edb2f912001.jpg,1,1,0.9974,0.0001,0.9974,0.0025,0.0000
fgvc8_by_class/black_rot/e0d198611c6c3f7e.jpg,1,0,0.9316,0.9316,0.0657,0.0005,0.0022
fgvc8_by_class/black_rot/82a553db6d946e89.jpg,1,1,0.9993,0.0000,0.9993,0.0006,0.0000
fgvc8_by_class/black_rot/f2aed5ece88187c0.jpg,1,1,0.7724,0.2235,0.7724,0.0025,0.0016
fgvc8_by_class/black_rot/cea8cd6830b4bd1d.jpg,1,1,0.9336,0.0447,0.9336,0.0002,0.0215
fgvc8_by_class/black_rot/fd69dac4c1c16718.jpg,1,1,0.7694,0.1500,0.7694,0.0117,0.0689
fgvc8_by_class/black_rot/a78a19ee69e67142.jpg,1,1,0.7245,0.2536,0.7245,0.0018,0.0201
fgvc8_by_class/black_rot/818f565c8eabd724.jpg,1,0,0.6726,0.6726,0.0691,0.2578,0.0004
fgvc8_by_class/black_rot/c5a5a5e1a083fad3.jpg,1,1,0.9981,0.0016,0.9981,0.0004,0.0000
fgvc8_by_class/black_rot/86083e5b8ebafaa2.jpg,1,0,0.9958,0.9958,0.0018,0.0005,0.0019
fgvc8_by_class/black_rot/cbe07785217f4760.jpg,1,1,0.9743,0.0215,0.9743,0.0039,0.0003
fgvc8_by_class/black_rot/b5a2c2cbda9a9a19.jpg,1,2,0.7487,0.1447,0.1065,0.7487,0.0001
fgvc8_by_class/black_rot/d649dab10b73b065.jpg,1,1,0.9921,0.0035,0.9921,0.0043,0.0001
fgvc8_by_class/black_rot/cd18a7b9792c1b4c.jpg,1,1,0.9601,0.0053,0.9601,0.0345,0.0001
fgvc8_by_class/black_rot/a91b98adc86f64a6.jpg,1,1,0.5161,0.4791,0.5161,0.0019,0.0029
fgvc8_by_class/black_rot/f638d2d8d8c9c9c2.jpg,1,0,0.7397,0.7397,0.1701,0.0019,0.0883
fgvc8_by_class/black_rot/cef01d9f13380a3d.jpg,1,1,0.9974,0.0010,0.9974,0.0016,0.0000
fgvc8_by_class/black_rot/a8aed53cd728d05a.jpg,1,1,0.9784,0.0200,0.9784,0.0013,0.0003
fgvc8_by_class/black_rot/94e048c6ef5f54d4.jpg,1,1,0.9991,0.0000,0.9991,0.0009,0.0000
fgvc8_by_class/black_rot/d2b6bab1158a8d8d.jpg,1,0,0.9805,0.9805,0.0014,0.0006,0.0175
fgvc8_by_class/black_rot/bfbcf28a95038e11.jpg,1,1,0.9980,0.0005,0.9980,0.0013,0.0002
fgvc8_by_class/black_rot/b1f1a74cb9b16494.jpg,1,1,0.9498,0.0334,0.9498,0.0159,0.0008
fgvc8_by_class/black_rot/93b279596c0aa6ad.jpg,1,1,0.9897,0.0017,0.9897,0.0085,0.0001
fgvc8_by_class/black_rot/a0d2d2eb8b85d98e.jpg,1,1,0.8870,0.1123,0.8870,0.0005,0.0002
fgvc8_by_class/black_rot/dc4426b24bb1df98.jpg,1,1,0.9612,0.0383,0.9612,0.0005,0.0001
fgvc8_by_class/black_rot/90f4c7c7cf989891.jpg,1,1,0.9978,0.0003,0.9978,0.0001,0.0018
fgvc8_by_class/black_rot/fdf0c1d2caa882d5.jpg,1,1,0.9946,0.0050,0.9946,0.0001,0.0003
fgvc8_by_class/black_rot/809f7a96a508f43f.jpg,1,2,0.9284,0.0705,0.0008,0.9284,0.0003
fgvc8_by_class/black_rot/a5ccd2e8cbf4027a.jpg,1,0,0.5926,0.5926,0.4057,0.0006,0.0011
fgvc8_by_class/black_rot/a530c2d8fb833ce3.jpg,1,1,0.8286,0.1661,0.8286,0.0014,0.0039
fgvc8_by_class/black_rot/f5873e50d489684f.jpg,1,1,0.9995,0.0004,0.9995,0.0000,0.0000
fgvc8_by_class/black_rot/b412753927e14ad7.jpg,1,1,0.9981,0.0017,0.9981,0.0002,0.0000
fgvc8_by_class/black_rot/c278179dc3964b96.jpg,1,1,0.9972,0.0001,0.9972,0.0008,0.0018
fgvc8_by_class/black_rot/d9e88f2d91a6903e.jpg,1,1,0.5720,0.4226,0.5720,0.0044,0.0010
fgvc8_by_class/black_rot/82157fc7bc832cca.jpg,1,0,0.9955,0.9955,0.0001,0.0000,0.0044
fgvc8_by_class/black_rot/d0add66ccc236e0d.jpg,1,1,0.9821,0.0090,0.9821,0.0088,0.0001
fgvc8_by_class/black_rot/a9f5800afc787d15.jpg,1,1,0.7010,0.2968,0.7010,0.0002,0.0020
fgvc8_by_class/black_rot/80b4a4d8d2f2db5b.jpg,1,0,0.9002,0.9002,0.0671,0.0212,0.0115
fgvc8_by_class/black_rot/c932366bee62341d.jpg,1,1,0.9980,0.0011,0.9980,0.0008,0.0001
fgvc8_by_class/black_rot/fb91cb1f1980b42e.jpg,1,1,0.7897,0.1138,0.7897,0.0951,0.0014
fgvc8_by_class/black_rot/c4903b8fe5383733.jpg,1,0,0.9962,0.9962,0.0021,0.0000,0.0017
fgvc8_by_class/black_rot/a800df0ad9578df3.jpg,1,1,0.9898,0.0072,0.9898,0.0028,0.0001
fgvc8_by_class/black_rot/dde398009f90739e.jpg,1,0,0.9829,0.9829,0.0129,0.0005,0.0037
fgvc8_by_class/black_rot/a6a47d8b0138fcd5.jpg,1,1,0.6549,0.3345,0.6549,0.0007,0.0100
fgvc8_by_class/black_rot/95bc4724af1bd0a3.jpg,1,1,0.8596,0.1365,0.8596,0.0013,0.0025
fgvc8_by_class/black_rot/9390c9c71e59715d.jpg,1,1,0.7575,0.2397,0.7575,0.0020,0.0008
fgvc8_by_class/black_rot/a88ec4dc9e5cb8b4.jpg,1,1,0.5688,0.4302,0.5688,0.0007,0.0004
fgvc8_by_class/black_rot/d2921f2eeee4ca88.jpg,1,1,0.9972,0.0015,0.9972,0.0012,0.0001
fgvc8_by_class/black_rot/822b8eb73a27e8cc.jpg,1,1,0.9920,0.0074,0.9920,0.0006,0.0000
fgvc8_by_class/black_rot/a99e4b68c8b59a96.jpg,1,1,0.9853,0.0122,0.9853,0.0010,0.0015
fgvc8_by_class/black_rot/d2d16d24920fb8fc.jpg,1,1,0.8449,0.0580,0.8449,0.0968,0.0004
fgvc8_by_class/black_rot/c78c65ae079fb026.jpg,1,1,0.9999,0.0000,0.9999,0.0000,0.0000
fgvc8_by_class/black_rot/a21a9e32ff5560d1.jpg,1,1,0.8504,0.0027,0.8504,0.1469,0.0000
fgvc8_by_class/black_rot/99ed231627c8711f.jpg,1,1,0.8421,0.0869,0.8421,0.0693,0.0017
fgvc8_by_class/black_rot/e57cb52fa0b05ae0.jpg,1,1,0.8650,0.1334,0.8650,0.0005,0.0011
fgvc8_by_class/black_rot/ae56b6890a452fd9.jpg,1,0,0.8271,0.8271,0.0148,0.0002,0.1579
fgvc8_by_class/black_rot/fc95830383908ffe.jpg,1,1,0.9839,0.0003,0.9839,0.0158,0.0000
fgvc8_by_class/black_rot/d49a63bce881d8c7.jpg,1,1,0.5901,0.3314,0.5901,0.0762,0.0023
fgvc8_by_class/black_rot/8596d2abd935c835.jpg,1,1,0.9812,0.0164,0.9812,0.0021,0.0003
fgvc8_by_class/black_rot/b4bf9ba04905fe06.jpg,1,1,0.9963,0.0007,0.9963,0.0029,0.0001
fgvc8_by_class/black_rot/daa87a93b8de1588.jpg,1,0,0.9825,0.9825,0.0163,0.0003,0.0009
fgvc8_by_class/black_rot/adce8b25fa455381.jpg,1,1,0.9950,0.0012,0.9950,0.0038,0.0000
fgvc8_by_class/black_rot/cffba128d5b590c0.jpg,1,1,0.5159,0.4598,0.5159,0.0001,0.0242
fgvc8_by_class/black_rot/a8a894d7daf46d21.jpg,1,0,0.9991,0.9991,0.0001,0.0008,0.0001
fgvc8_by_class/black_rot/e850924eb9e720ef.jpg,1,1,0.9979,0.0010,0.9979,0.0000,0.0010
fgvc8_by_class/black_rot/e27ce0d4c6851ed6.jpg,1,0,0.9935,0.9935,0.0034,0.0015,0.0015
fgvc8_by_class/black_rot/c8a2359ae0a59777.jpg,1,1,0.7707,0.2170,0.7707,0.0096,0.0028
fgvc8_by_class/black_rot/c2c270f21b73a2e7.jpg,1,1,0.9316,0.0412,0.9316,0.0268,0.0003
fgvc8_by_class/black_rot/80b4b62f1232e6fb.jpg,1,1,0.9216,0.0762,0.9216,0.0019,0.0003
fgvc8_by_class/black_rot/bd8969b24aac924f.jpg,1,0,0.8986,0.8986,0.0936,0.0040,0.0038
fgvc8_by_class/black_rot/b29e03670f4c319f.jpg,1,1,0.9561,0.0430,0.9561,0.0007,0.0003
fgvc8_by_class/black_rot/808b6f258f76ac72.jpg,1,0,0.5107,0.5107,0.4450,0.0173,0.0270
fgvc8_by_class/black_rot/c03fd7f10fd3c808.jpg,1,3,0.5265,0.0597,0.4133,0.0005,0.5265
fgvc8_by_class/black_rot/e0b2d2a93984bd97.jpg,1,1,0.9992,0.0001,0.9992,0.0006,0.0000
fgvc8_by_class/black_rot/a5ea1cd7cacad025.jpg,1,1,0.9999,0.0000,0.9999,0.0000,0.0000
fgvc8_by_class/black_rot/a07b87f05a8eb18e.jpg,1,1,0.6061,0.2813,0.6061,0.1051,0.0075
fgvc8_by_class/black_rot/cac51674aadc54ab.jpg,1,0,0.9276,0.9276,0.0156,0.0567,0.0001
fgvc8_by_class/black_rot/e094f4191f3f097a.jpg,1,1,0.9611,0.0326,0.9611,0.0061,0.0002
fgvc8_by_class/black_rot/85bf2add3c500b3a.jpg,1,0,0.9098,0.9098,0.0294,0.0588,0.0020
fgvc8_by_class/black_rot/9499ca5fc8e614ea.jpg,1,1,0.9977,0.0020,0.9977,0.0001,0.0003
fgvc8_by_class/black_rot/807f3b90f2a315da.jpg,1,0,0.9884,0.9884,0.0106,0.0005,0.0005
fgvc8_by_class/black_rot/95d2e0729b4fb388.jpg,1,0,0.9343,0.9343,0.0535,0.0075,0.0048
fgvc8_by_class/black_rot/f871938c5bcc4ae4.jpg,1,1,0.7134,0.2635,0.7134,0.0230,0.0002
fgvc8_by_class/black_rot/da69048cdc98ff34.jpg,1,0,0.9504,0.9504,0.0074,0.0014,0.0408
fgvc8_by_class/black_rot/c2812ab8e7dec587.jpg,1,1,0.9919,0.0000,0.9919,0.0081,0.0000
fgvc8_by_class/black_rot/ecf9dcd0894461bc.jpg,1,1,0.4956,0.4908,0.4956,0.0104,0.0032
fgvc8_by_class/black_rot/d3c5dad42567622c.jpg,1,1,0.9309,0.0644,0.9309,0.0032,0.0014
fgvc8_by_class/black_rot/aa2f5af05b00b9cd.jpg,1,0,0.7743,0.7743,0.0004,0.0000,0.2253
fgvc8_by_class/black_rot/c1237e9c7ad6a48a.jpg,1,1,0.9761,0.0219,0.9761,0.0005,0.0015
fgvc8_by_class/black_rot/e1b830dec2c7078f.jpg,1,1,0.9715,0.0262,0.9715,0.0022,0.0001
fgvc8_by_class/black_rot/ffe1c181c097c41f.jpg,1,1,0.9997,0.0002,0.9997,0.0001,0.0001
fgvc8_by_class/black_rot/c3c0fc1566b09cf9.jpg,1,1,0.9956,0.0022,0.9956,0.0013,0.0010
fgvc8_by_class/black_rot/88a16dc68eadcb0f.jpg,1,0,0.9956,0.9956,0.0016,0.0000,0.0027
fgvc8_by_class/black_rot/c03c1fc07b9f360b.jpg,1,0,0.3624,0.3624,0.3537,0.2811,0.0028
fgvc8_by_class/black_rot/f79ecfd58050680b.jpg,1,1,0.9993,0.0005,0.9993,0.0000,0.0002
fgvc8_by_class/black_rot/afebd604ca06093f.jpg,1,0,0.5301,0.5301,0.3298,0.0000,0.1401
fgvc8_by_class/black_rot/b47ac8c5cf686e0a.jpg,1,0,0.8135,0.8135,0.0904,0.0017,0.0944
fgvc8_by_class/black_rot/bfe1e4861e9af404.jpg,1,1,0.9989,0.0003,0.9989,0.0001,0.0007
fgvc8_by_class/black_rot/aae492add0dce4d8.jpg,1,0,0.9986,0.9986,0.0001,0.0000,0.0013
fgvc8_by_class/black_rot/abbd954995257494.jpg,1,0,0.9998,0.9998,0.0001,0.0001,0.0000
fgvc8_by_class/black_rot/8667becc193d118d.jpg,1,1,0.9998,0.0001,0.9998,0.0001,0.0000
fgvc8_by_class/black_rot/a5da9ce1f0356307.jpg,1,1,0.8859,0.1060,0.8859,0.0070,0.0011
fgvc8_by_class/black_rot/eaf0a0df1879930e.jpg,1,1,0.9994,0.0001,0.9994,0.0004,0.0000
fgvc8_by_class/black_rot/faeed58a43303b90.jpg,1,1,0.9812,0.0116,0.9812,0.0069,0.0003
fgvc8_by_class/black_rot/f86b27539ac454b1.jpg,1,1,0.9571,0.0410,0.9571,0.0000,0.0019
fgvc8_by_class/black_rot/e288719ee3cb8e1a.jpg,1,1,0.9410,0.0393,0.9410,0.0030,0.0166
fgvc8_by_class/black_rot/aab65b60c5b6f0c2.jpg,1,0,0.5145,0.5145,0.4796,0.0054,0.0005
fgvc8_by_class/black_rot/a1c7863c17f14759.jpg,1,0,0.9108,0.9108,0.0841,0.0047,0.0005
fgvc8_by_class/black_rot/a7a0378fd036d8d2.jpg,1,1,0.8798,0.1160,0.8798,0.0025,0.0017
fgvc8_by_class/black_rot/8398363f163eda0e.jpg,1,1,0.6060,0.3822,0.6060,0.0064,0.0054
fgvc8_by_class/black_rot/f5805680fa1dd6cb.jpg,1,1,0.9478,0.0480,0.9478,0.0019,0.0023
fgvc8_by_class/black_rot/bdc0d09e2eb436c3.jpg,1,1,0.9412,0.0519,0.9412,0.0065,0.0004
fgvc8_by_class/black_rot/f596d27a8be10d44.jpg,1,1,0.8758,0.1217,0.8758,0.0002,0.0022
fgvc8_by_class/black_rot/8f8de2d1928aa1cf.jpg,1,0,0.8061,0.8061,0.1795,0.0028,0.0116
fgvc8_by_class/black_rot/8cda19a8392f24bf.jpg,1,1,0.9943,0.0011,0.9943,0.0045,0.0001
fgvc8_by_class/black_rot/d2d1b31f4f2050f9.jpg,1,1,0.6484,0.3292,0.6484,0.0215,0.0009
fgvc8_by_class/black_rot/b2a74f7c31a0c897.jpg,1,1,0.9956,0.0025,0.9956,0.0012,0.0007
fgvc8_by_class/black_rot/e354cc69fc2b1163.jpg,1,1,0.9972,0.0011,0.9972,0.0013,0.0004
fgvc8_by_class/black_rot/e0ff8c8cdd80e1f0.jpg,1,0,0.9719,0.9719,0.0260,0.0019,0.0002
fgvc8_by_class/black_rot/e27e813b1fd520c9.jpg,1,1,0.9933,0.0048,0.9933,0.0010,0.0009
fgvc8_by_class/black_rot/b5e08197d9d6859a.jpg,1,1,0.6055,0.3546,0.6055,0.0005,0.0394
fgvc8_by_class/black_rot/f08e9ffc8001ff22.jpg,1,0,0.9997,0.9997,0.0001,0.0000,0.0002
fgvc8_by_class/black_rot/99c5c1e959378933.jpg,1,1,0.9994,0.0000,0.9994,0.0005,0.0000
fgvc8_by_class/black_rot/db10638d7266635d.jpg,1,1,0.9631,0.0352,0.9631,0.0006,0.0011
fgvc8_by_class/black_rot/9591f2be29284f69.jpg,1,0,0.9067,0.9067,0.0880,0.0016,0.0036
fgvc8_by_class/black_rot/ab7f92a8cdd02c8c.jpg,1,1,0.9978,0.0021,0.9978,0.0001,0.0000
fgvc8_by_class/black_rot/d680c9fc6c7731c1.jpg,1,0,0.4857,0.4857,0.4698,0.0012,0.0433
fgvc8_by_class/black_rot/b9d1c1616aac785e.jpg,1,1,0.6768,0.3222,0.6768,0.0004,0.0006
fgvc8_by_class/black_rot/a00fe0be0738af7c.jpg,1,1,0.8137,0.1786,0.8137,0.0051,0.0027
fgvc8_by_class/black_rot/d8e897d53e507823.jpg,1,1,0.9833,0.0131,0.9833,0.0000,0.0035
fgvc8_by_class/black_rot/98ee398ac31adac9.jpg,1,1,0.9114,0.0878,0.9114,0.0006,0.0003
fgvc8_by_class/black_rot/a5f252f1c1d8c7b0.jpg,1,1,0.7020,0.1965,0.7020,0.0776,0.0239
fgvc8_by_class/black_rot/d26b6aa55a97098e.jpg,1,1,0.9995,0.0003,0.9995,0.0002,0.0000
fgvc8_by_class/black_rot/da2f40dc5db0257a.jpg,1,1,0.9997,0.0000,0.9997,0.0002,0.0000
fgvc8_by_class/black_rot/fb51107e42f4eac8.jpg,1,3,0.7184,0.1161,0.1649,0.0006,0.7184
fgvc8_by_class/black_rot/e14eded2888b1aab.jpg,1,1,0.9919,0.0071,0.9919,0.0006,0.0003
fgvc8_by_class/black_rot/c1b038b9b4971797.jpg,1,1,0.7818,0.0138,0.7818,0.2043,0.0001
fgvc8_by_class/black_rot/e0b3e7a0a5b5258e.jpg,1,1,0.9799,0.0144,0.9799,0.0054,0.0002
fgvc8_by_class/black_rot/e4386ac65f4f81c6.jpg,1,1,0.9777,0.0215,0.9777,0.0004,0.0003
fgvc8_by_class/black_rot/8d9ad4d0c9afa9a2.jpg,1,1,0.9977,0.0018,0.9977,0.0001,0.0003
fgvc8_by_class/black_rot/e9f9a450d5d80799.jpg,1,1,0.9837,0.0136,0.9837,0.0004,0.0022
fgvc8_by_class/black_rot/873e803fc89d66d8.jpg,1,0,0.9652,0.9652,0.0297,0.0003,0.0049
fgvc8_by_class/black_rot/e03b0ff099c29ab5.jpg,1,1,0.9296,0.0461,0.9296,0.0244,0.0000
fgvc8_by_class/black_rot/9e84472b5bf8e807.jpg,1,1,0.9965,0.0007,0.9965,0.0025,0.0003
fgvc8_by_class/black_rot/91356a847fc63656.jpg,1,1,0.8607,0.1378,0.8607,0.0013,0.0002
fgvc8_by_class/black_rot/eac2872fdc25c932.jpg,1,1,0.8499,0.0036,0.8499,0.0000,0.1465
fgvc8_by_class/black_rot/dbb525496a0f16ac.jpg,1,1,0.9998,0.0001,0.9998,0.0001,0.0000
fgvc8_by_class/black_rot/ad8acab995b1e143.jpg,1,0,0.9923,0.9923,0.0063,0.0011,0.0003
fgvc8_by_class/black_rot/993171e1c68fc8ad.jpg,1,1,0.9984,0.0000,0.9984,0.0015,0.0000
fgvc8_by_class/black_rot/84cb7825f135371d.jpg,1,1,0.9970,0.0010,0.9970,0.0019,0.0000
fgvc8_by_class/black_rot/ca6462c26dcfb04f.jpg,1,1,0.9995,0.0003,0.9995,0.0002,0.0000
fgvc8_by_class/black_rot/ea21df96d89249d2.jpg,1,1,0.8454,0.1525,0.8454,0.0011,0.0010
fgvc8_by_class/black_rot/bc89a82718fc5f0e.jpg,1,1,0.9820,0.0056,0.9820,0.0123,0.0001
fgvc8_by_class/black_rot/aaa90ec1c5694efa.jpg,1,1,0.9985,0.0008,0.9985,0.0003,0.0004
fgvc8_by_class/black_rot/abe2d0879aa5c83d.jpg,1,1,0.9742,0.0241,0.9742,0.0015,0.0002
fgvc8_by_class/black_rot/bdea51256df60192.jpg,1,1,0.9998,0.0000,0.9998,0.0001,0.0000
fgvc8_by_class/black_rot/e83af0198129afe7.jpg,1,1,1.0000,0.0000,1.0000,0.0000,0.0000
fgvc8_by_class/black_rot/b29bb01d97e10fe0.jpg,1,1,0.8645,0.1355,0.8645,0.0000,0.0000
fgvc8_by_class/black_rot/f03197185a51e57b.jpg,1,1,0.9918,0.0079,0.9918,0.0002,0.0000
fgvc8_by_class/black_rot/b7b4c2dacb81cf40.jpg,1,1,0.9110,0.0220,0.9110,0.0662,0.0008
fgvc8_by_class/black_rot/e142f6e11c7a132f.jpg,1,1,0.9677,0.0269,0.9677,0.0053,0.0000
fgvc8_by_class/black_rot/9279f283dad209da.jpg,1,1,0.9399,0.0574,0.9399,0.0019,0.0008
fgvc8_by_class/black_rot/f4b2d64141076a7f.jpg,1,0,0.9838,0.9838,0.0120,0.0001,0.0042
fgvc8_by_class/black_rot/d84995ff0211c7ba.jpg,1,1,0.9995,0.0004,0.9995,0.0001,0.0001
fgvc8_by_class/black_rot/ffb0c058b16eb832.jpg,1,1,0.9308,0.0466,0.9308,0.0012,0.0214
fgvc8_by_class/black_rot/add094d2a8b1ef34.jpg,1,1,0.9810,0.0185,0.9810,0.0000,0.0005
fgvc8_by_class/black_rot/f5cb92a9937b802a.jpg,1,0,0.9579,0.9579,0.0339,0.0008,0.0075
fgvc8_by_class/black_rot/c9552feaf086c05e.jpg,1,1,0.8815,0.0899,0.8815,0.0275,0.0011
fgvc8_by_class/black_rot/a302ec9e9cb8f135.jpg,1,1,0.9997,0.0001,0.9997,0.0002,0.0000
fgvc8_by_class/black_rot/f4504bbdd22f450b.jpg,1,1,0.9951,0.0004,0.9951,0.0039,0.0007
fgvc8_by_class/black_rot/a594161cf1fa7a83.jpg,1,1,0.9990,0.0002,0.9990,0.0008,0.0000
fgvc8_by_class/black_rot/ee94c487bcd0335c.jpg,1,1,0.9785,0.0153,0.9785,0.0012,0.0051
fgvc8_by_class/black_rot/d28d8dc9a45a63ea.jpg,1,1,0.9927,0.0048,0.9927,0.0024,0.0000
fgvc8_by_class/black_rot/85e8b582b1dacaf1.jpg,1,0,0.8549,0.8549,0.1063,0.0092,0.0296
fgvc8_by_class/black_rot/c83b2dd123f827a9.jpg,1,1,0.9989,0.0002,0.9989,0.0009,0.0000
fgvc8_by_class/black_rot/81c0edfce2eab701.jpg,1,1,0.9653,0.0277,0.9653,0.0068,0.0001
fgvc8_by_class/black_rot/c31de11d95d1362e.jpg,1,1,0.9818,0.0179,0.9818,0.0002,0.0001
fgvc8_by_class/black_rot/aae2a56987e987a1.jpg,1,1,0.9431,0.0471,0.9431,0.0095,0.0002
fgvc8_by_class/black_rot/a96274d5592cbd8a.jpg,1,1,0.9271,0.0681,0.9271,0.0046,0.0002
fgvc8_by_class/black_rot/c89f8cc4217ae1b7.jpg,1,1,0.9934,0.0066,0.9934,0.0000,0.0000
fgvc8_by_class/black_rot/e9f468c3029df49a.jpg,1,1,0.8477,0.1417,0.8477,0.0102,0.0005
fgvc8_by_class/black_rot/865af4bcebe80a61.jpg,1,0,0.9687,0.9687,0.0290,0.0019,0.0004
fgvc8_by_class/black_rot/a3a9f195cf8a8d14.jpg,1,1,0.6145,0.1900,0.6145,0.1941,0.0014
fgvc8_by_class/black_rot/c58ea38f303c9976.jpg,1,1,0.9128,0.0721,0.9128,0.0149,0.0002
fgvc8_by_class/black_rot/cc448768ff40fe07.jpg,1,1,0.9963,0.0023,0.9963,0.0013,0.0001
fgvc8_by_class/black_rot/bc10ffde9ce00d48.jpg,1,1,0.6515,0.2860,0.6515,0.0603,0.0021
fgvc8_by_class/black_rot/f790e827669a989c.jpg,1,1,0.9711,0.0263,0.9711,0.0023,0.0004
fgvc8_by_class/black_rot/f0898b838fb6a6e4.jpg,1,1,0.9813,0.0168,0.9813,0.0018,0.0001
fgvc8_by_class/black_rot/be90a564c99ae28f.jpg,1,0,0.8150,0.8150,0.0109,0.0005,0.1735
fgvc8_by_class/black_rot/c0fec97669942aa9.jpg,1,1,0.6628,0.2518,0.6628,0.0847,0.0008
fgvc8_by_class/black_rot/f0d9c2ecd6e341c2.jpg,1,0,0.9193,0.9193,0.0762,0.0017,0.0028
fgvc8_by_class/black_rot/9b4924e4d0866feb.jpg,1,1,0.9990,0.0008,0.9990,0.0001,0.0001
fgvc8_by_class/black_rot/f9ecc388d8517945.jpg,1,1,0.9987,0.0003,0.9987,0.0009,0.0000
fgvc8_by_class/black_rot/eca8c21f441dafb4.jpg,1,1,0.9420,0.0574,0.9420,0.0002,0.0004
fgvc8_by_class/black_rot/e2ddf95e8c6830c2.jpg,1,1,0.9964,0.0026,0.9964,0.0010,0.0000
fgvc8_by_class/black_rot/fe4bf09e0985924d.jpg,1,2,0.5791,0.3391,0.0817,0.5791,0.0001
fgvc8_by_class/black_rot/c1be92c29d724667.jpg,1,1,0.9047,0.0491,0.9047,0.0460,0.0002
fgvc8_by_class/black_rot/968f25e7ca486f30.jpg,1,1,0.7496,0.2458,0.7496,0.0035,0.0011
fgvc8_by_class/black_rot/b7ea52c0db837f00.jpg,1,0,0.5511,0.5511,0.0097,0.4385,0.0007
fgvc8_by_class/black_rot/d6e422338d67d9c8.jpg,1,2,0.8639,0.0496,0.0864,0.8639,0.0001
fgvc8_by_class/black_rot/b4b5d2348b529b0f.jpg,1,1,0.5450,0.4465,0.5450,0.0003,0.0082
fgvc8_by_class/black_rot/8ecad4966fa592c8.jpg,1,0,0.8828,0.8828,0.0524,0.0020,0.0628
fgvc8_by_class/black_rot/ebfd6031e81e38a2.jpg,1,1,0.9992,0.0004,0.9992,0.0003,0.0001
fgvc8_by_class/black_rot/9a74cb69ca3b6438.jpg,1,1,0.9334,0.0398,0.9334,0.0002,0.0266
fgvc8_by_class/black_rot/f4a8cbc3246d643d.jpg,1,1,0.9497,0.0297,0.9497,0.0003,0.0203
fgvc8_by_class/black_rot/b065cd9acab57b01.jpg,1,1,0.9206,0.0771,0.9206,0.0013,0.0009
fgvc8_by_class/black_rot/9589dab469537265.jpg,1,0,0.9620,0.9620,0.0364,0.0006,0.0010
fgvc8_by_class/black_rot/e0f095a9525354df.jpg,1,1,0.9596,0.0101,0.9596,0.0303,0.0000
fgvc8_by_class/black_rot/d0e066cfc688d3ad.jpg,1,1,0.9426,0.0411,0.9426,0.0038,0.0126
fgvc8_by_class/black_rot/d2d4948d7c68e4f2.jpg,1,1,0.7629,0.2311,0.7629,0.0025,0.0035
fgvc8_by_class/black_rot/9d9e2780faedc121.jpg,1,0,0.9429,0.9429,0.0293,0.0003,0.0275
fgvc8_by_class/black_rot/a7364aa4784f563a.jpg,1,1,0.6770,0.1109,0.6770,0.0001,0.2120
fgvc8_by_class/black_rot/8daa52da8897ea4b.jpg,1,0,0.8350,0.8350,0.1574,0.0006,0.0070
fgvc8_by_class/black_rot/a8256d9e671d2695.jpg,1,1,0.9999,0.0000,0.9999,0.0000,0.0001
fgvc8_by_class/black_rot/a5d59aad5916b28a.jpg,1,1,0.7275,0.2676,0.7275,0.0041,0.0007
fgvc8_by_class/black_rot/90bb1102d87bfa2f.jpg,1,0,0.9541,0.9541,0.0090,0.0000,0.0369
fgvc8_by_class/black_rot/f601ecf4da9c0d0e.jpg,1,0,0.8547,0.8547,0.0892,0.0558,0.0004
fgvc8_by_class/black_rot/b0a4cb63add363c8.jpg,1,1,0.9989,0.0011,0.9989,0.0000,0.0000
fgvc8_by_class/black_rot/b1bd5b405ae45a2d.jpg,1,2,0.5052,0.0715,0.4230,0.5052,0.0003
fgvc8_by_class/black_rot/d5990cbe3f1391a1.jpg,1,1,0.6116,0.3872,0.6116,0.0002,0.0009
fgvc8_by_class/black_rot/c1f2a74f943855c3.jpg,1,1,0.9898,0.0002,0.9898,0.0100,0.0000
fgvc8_by_class/black_rot/e03ac18c8e99c3fd.jpg,1,1,0.9979,0.0002,0.9979,0.0001,0.0018
fgvc8_by_class/black_rot/fe941088e3fe203f.jpg,1,1,0.9175,0.0698,0.9175,0.0127,0.0000
fgvc8_by_class/black_rot/8986d59361edf268.jpg,1,1,0.6381,0.3586,0.6381,0.0030,0.0003
fgvc8_by_class/black_rot/eda4e5829a7f8055.jpg,1,1,0.9974,0.0006,0.9974,0.0011,0.0008
fgvc8_by_class/black_rot/b7bf9389d8403d28.jpg,1,1,0.8856,0.0985,0.8856,0.0153,0.0006
fgvc8_by_class/black_rot/e8f64e993563b610.jpg,1,1,0.8799,0.1150,0.8799,0.0037,0.0014
fgvc8_by_class/black_rot/f5be830dbf6100ac.jpg,1,1,0.9112,0.0715,0.9112,0.0172,0.0001
fgvc8_by_class/black_rot/f873218ff80f5a12.jpg,1,1,0.7893,0.2063,0.7893,0.0005,0.0040
fgvc8_by_class/black_rot/c08241cfdf4f912f.jpg,1,0,0.9906,0.9906,0.0009,0.0070,0.0015
fgvc8_by_class/black_rot/842d4a1ef21af667.jpg,1,1,0.9980,0.0003,0.9980,0.0017,0.0000
fgvc8_by_class/black_rot/dee0c0f3d80ef11c.jpg,1,0,0.7004,0.7004,0.2931,0.0007,0.0058
fgvc8_by_class/black_rot/972a35d6612af545.jpg,1,1,0.9897,0.0060,0.9897,0.0032,0.0011
fgvc8_by_class/black_rot/a69cd66ad42d522d.jpg,1,0,0.7643,0.7643,0.2183,0.0152,0.0022
fgvc8_by_class/black_rot/dac1a45a372f4b54.jpg,1,1,0.9358,0.0064,0.9358,0.0578,0.0001
fgvc8_by_class/black_rot/b8b8d01f4b662d74.jpg,1,3,0.5829,0.0994,0.3176,0.0001,0.5829
fgvc8_by_class/black_rot/a19edac2dbc80fc1.jpg,1,0,0.6366,0.6366,0.3407,0.0215,0.0012
fgvc8_by_class/black_rot/f812c24b56c623fd.jpg,1,1,0.9658,0.0321,0.9658,0.0000,0.0022
fgvc8_by_class/black_rot/95e1c532353bc38d.jpg,1,1,0.9582,0.0368,0.9582,0.0040,0.0010
fgvc8_by_class/black_rot/8cb9fa398e25643c.jpg,1,1,0.7136,0.1091,0.7136,0.1768,0.0005
fgvc8_by_class/black_rot/81a47739c906bda7.jpg,1,0,0.5294,0.5294,0.4484,0.0215,0.0007
fgvc8_by_class/black_rot/a93b35a59285da6a.jpg,1,1,0.9894,0.0087,0.9894,0.0016,0.0003
fgvc8_by_class/black_rot/e5df822bcb71c620.jpg,1,1,0.9899,0.0009,0.9899,0.0092,0.0000
fgvc8_by_class/black_rot/a0a182f1cf1c579f.jpg,1,1,0.6513,0.3466,0.6513,0.0014,0.0008
fgvc8_by_class/black_rot/c1de1e7dc01ed314.jpg,1,1,0.9413,0.0522,0.9413,0.0028,0.0037
fgvc8_by_class/black_rot/83f4fc89de90da41.jpg,1,1,0.8417,0.1334,0.8417,0.0055,0.0194
fgvc8_by_class/black_rot/f3ec93f441268ea1.jpg,1,1,0.9692,0.0282,0.9692,0.0021,0.0006
fgvc8_by_class/black_rot/ff10f77cae600b01.jpg,1,0,0.9310,0.9310,0.0522,0.0162,0.0006
fgvc8_by_class/black_rot/d41dd2598a54c9be.jpg,1,1,0.9866,0.0090,0.9866,0.0044,0.0001
fgvc8_by_class/black_rot/ffc065a5f082b3c1.jpg,1,2,0.9799,0.0153,0.0047,0.9799,0.0000
fgvc8_by_class/black_rot/c5aa6c277a8fa065.jpg,1,1,0.7710,0.2164,0.7710,0.0088,0.0037
fgvc8_by_class/black_rot/e5a59fcbcb890838.jpg,1,1,0.9845,0.0065,0.9845,0.0087,0.0002
fgvc8_by_class/black_rot/b56a91859abe08fa.jpg,1,0,0.9248,0.9248,0.0193,0.0079,0.0479
fgvc8_by_class/black_rot/d65970386b17033f.jpg,1,1,0.9992,0.0005,0.9992,0.0003,0.0000
fgvc8_by_class/black_rot/c5a4c770c177f819.jpg,1,1,0.9996,0.0002,0.9996,0.0001,0.0000
fgvc8_by_class/black_rot/a031ca5bb98d4db9.jpg,1,1,0.5457,0.4454,0.5457,0.0085,0.0005
fgvc8_by_class/black_rot/ec0f350647d5c761.jpg,1,1,0.9977,0.0015,0.9977,0.0008,0.0000
fgvc8_by_class/black_rot/c0a44df22ed5c2af.jpg,1,0,0.7335,0.7335,0.2535,0.0115,0.0015
fgvc8_by_class/black_rot/c04e0fa01efae6e3.jpg,1,0,0.9932,0.9932,0.0058,0.0001,0.0009
fgvc8_by_class/black_rot/f2a19a8d38de2c33.jpg,1,1,0.6101,0.3855,0.6101,0.0010,0.0033
fgvc8_by_class/black_rot/cad5578b97415692.jpg,1,0,0.5207,0.5207,0.4292,0.0491,0.0010
fgvc8_by_class/black_rot/8335e5c34fc217b8.jpg,1,0,0.9766,0.9766,0.0221,0.0006,0.0007
fgvc8_by_class/black_rot/a8c585ead76b9a21.jpg,1,1,0.9878,0.0091,0.9878,0.0007,0.0024
fgvc8_by_class/black_rot/d269a324ce5ac2f9.jpg,1,1,0.9997,0.0001,0.9997,0.0002,0.0000
fgvc8_by_class/black_rot/bd82c765647e3431.jpg,1,0,0.9516,0.9516,0.0433,0.0045,0.0006
fgvc8_by_class/black_rot/f4ffd20a18c82c3d.jpg,1,1,0.9988,0.0002,0.9988,0.0010,0.0000
fgvc8_by_class/black_rot/a183f6c95bf880b9.jpg,1,1,0.9628,0.0359,0.9628,0.0013,0.0001
fgvc8_by_class/black_rot/c4d708f14db53d8a.jpg,1,0,0.9726,0.9726,0.0013,0.0000,0.0261
fgvc8_by_class/black_rot/8a9f2f485e20ade9.jpg,1,1,0.8153,0.1770,0.8153,0.0007,0.0069
fgvc8_by_class/black_rot/f98e87f30a306c72.jpg,1,1,0.8973,0.0609,0.8973,0.0016,0.0402
fgvc8_by_class/black_rot/b16ae911ee8e718a.jpg,1,0,0.9893,0.9893,0.0074,0.0002,0.0032
fgvc8_by_class/black_rot/b98b07faf0e221f0.jpg,1,1,0.9818,0.0111,0.9818,0.0068,0.0002
fgvc8_by_class/black_rot/daf8efe02e301272.jpg,1,0,0.9984,0.9984,0.0010,0.0003,0.0003
fgvc8_by_class/black_rot/c34dde07e0f0703e.jpg,1,1,0.9577,0.0306,0.9577,0.0106,0.0011
fgvc8_by_class/black_rot/91c14f1efccf81c4.jpg,1,1,0.7444,0.1895,0.7444,0.0654,0.0008
fgvc8_by_class/black_rot/f8a0cfc3c9b24c74.jpg,1,1,0.9995,0.0005,0.9995,0.0001,0.0000
fgvc8_by_class/black_rot/a1e0c3de1c8be19b.jpg,1,1,0.7484,0.2167,0.7484,0.0089,0.0259
fgvc8_by_class/black_rot/b0e7871c58f44de1.jpg,1,1,0.9692,0.0238,0.9692,0.0066,0.0004
fgvc8_by_class/black_rot/f5ead5a20a52a9b1.jpg,1,1,0.7553,0.1484,0.7553,0.0010,0.0953
fgvc8_by_class/black_rot/b62d8278cd413dc7.jpg,1,1,0.6603,0.3301,0.6603,0.0091,0.0004
fgvc8_by_class/black_rot/cde12319eea806ee.jpg,1,1,0.9957,0.0030,0.9957,0.0013,0.0000
fgvc8_by_class/black_rot/f1b8c3e01b475ccc.jpg,1,1,0.6505,0.3468,0.6505,0.0004,0.0022
fgvc8_by_class/black_rot/b563b7ab4a85111e.jpg,1,1,0.9936,0.0063,0.9936,0.0001,0.0000
fgvc8_by_class/black_rot/da0279d62ab7129d.jpg,1,0,0.8813,0.8813,0.0341,0.0823,0.0024
fgvc8_by_class/black_rot/e0fad5a990af415c.jpg,1,0,0.5135,0.5135,0.4740,0.0002,0.0124
fgvc8_by_class/black_rot/a0a5cb98a9457a6f.jpg,1,1,0.6782,0.3210,0.6782,0.0005,0.0003
fgvc8_by_class/black_rot/f26dcba05957b250.jpg,1,0,0.5962,0.5962,0.4003,0.0005,0.0031
fgvc8_by_class/black_rot/c1c4f92f6d261792.jpg,1,0,0.4695,0.4695,0.1425,0.3877,0.0002
fgvc8_by_class/black_rot/e9f1cc9ba00772b8.jpg,1,1,0.8217,0.1694,0.8217,0.0061,0.0028
fgvc8_by_class/black_rot/c7de1e243d453585.jpg,1,1,0.9412,0.0527,0.9412,0.0054,0.0006
fgvc8_by_class/black_rot/83b125f6948bf61c.jpg,1,0,0.7708,0.7708,0.2243,0.0018,0.0031
fgvc8_by_class/black_rot/a559c8604ef2787b.jpg,1,0,0.9532,0.9532,0.0330,0.0006,0.0131
fgvc8_by_class/black_rot/a24391d7c6ef223a.jpg,1,1,0.7157,0.1082,0.7157,0.1759,0.0002
fgvc8_by_class/black_rot/f1ecd4c7c88ecc18.jpg,1,0,0.7110,0.7110,0.0062,0.0000,0.2828
fgvc8_by_class/black_rot/b57dc130aec2586b.jpg,1,1,0.9988,0.0010,0.9988,0.0002,0.0000
fgvc8_by_class/black_rot/b0f2c7c342cc5bcc.jpg,1,1,0.7996,0.1650,0.7996,0.0000,0.0354
fgvc8_by_class/black_rot/ecaa8ecd808f9687.jpg,1,1,0.9503,0.0397,0.9503,0.0043,0.0057
fgvc8_by_class/black_rot/bfecf67048dc02d0.jpg,1,1,0.5166,0.2005,0.5166,0.0004,0.2825
fgvc8_by_class/black_rot/99ae3b3272f26151.jpg,1,1,1.0000,0.0000,1.0000,0.0000,0.0000
fgvc8_by_class/black_rot/d6a38e581cbd6076.jpg,1,1,0.9995,0.0001,0.9995,0.0003,0.0000
fgvc8_by_class/black_rot/ec7443e0c8876d76.jpg,1,1,0.9997,0.0001,0.9997,0.0002,0.0001
fgvc8_by_class/black_rot/c4c62f9f70df01e0.jpg,1,1,0.8744,0.0003,0.8744,0.1252,0.0001
fgvc8_by_class/black_rot/e145d626af231675.jpg,1,1,0.9998,0.0001,0.9998,0.0001,0.0000
fgvc8_by_class/black_rot/b5e7cbf9e0596040.jpg,1,1,0.9661,0.0323,0.9661,0.0004,0.0012
fgvc8_by_class/black_rot/ebe393908947f858.jpg,1,0,0.5178,0.5178,0.4752,0.0057,0.0012
fgvc8_by_class/black_rot/f16e979a36164a61.jpg,1,1,0.7253,0.2382,0.7253,0.0349,0.0016
fgvc8_by_class/black_rot/a5df92289fa48167.jpg,1,1,0.9813,0.0058,0.9813,0.0125,0.0004
fgvc8_by_class/black_rot/cfdf5e7de4801006.jpg,1,1,0.9998,0.0001,0.9998,0.0001,0.0000
fgvc8_by_class/black_rot/f0bb1fe0094de6a4.jpg,1,0,0.9997,0.9997,0.0000,0.0000,0.0003
fgvc8_by_class/black_rot/95957d8f05d24752.jpg,1,0,0.8904,0.8904,0.0030,0.0000,0.1066
fgvc8_by_class/black_rot/c4870a4d48f8f7b5.jpg,1,1,0.9807,0.0130,0.9807,0.0059,0.0004
fgvc8_by_class/black_rot/c5ba7ada2f859241.jpg,1,0,0.8972,0.8972,0.0967,0.0025,0.0036
fgvc8_by_class/black_rot/b1c8de52d58fe211.jpg,1,1,0.9333,0.0278,0.9333,0.0095,0.0294
fgvc8_by_class/black_rot/ace5c4bfdd0e2118.jpg,1,0,0.5561,0.5561,0.3399,0.1009,0.0031
fgvc8_by_class/black_rot/9e6878856b9cd1d8.jpg,1,1,0.8382,0.1553,0.8382,0.0000,0.0065
fgvc8_by_class/black_rot/f0b4c3452f56227e.jpg,1,0,0.5480,0.5480,0.4472,0.0005,0.0043
fgvc8_by_class/black_rot/bcc3c8cf90ce80ee.jpg,1,1,0.8698,0.1278,0.8698,0.0020,0.0005
fgvc8_by_class/black_rot/91c04a6fbb25b6e4.jpg,1,0,0.6796,0.6796,0.3027,0.0004,0.0173
fgvc8_by_class/black_rot/d1974dc371f06b30.jpg,1,1,0.9655,0.0048,0.9655,0.0295,0.0002
fgvc8_by_class/black_rot/e471025751bbb9ac.jpg,1,1,0.5288,0.4703,0.5288,0.0005,0.0005
fgvc8_by_class/black_rot/966b65f8c9546856.jpg,1,1,0.9997,0.0001,0.9997,0.0001,0.0000
fgvc8_by_class/black_rot/d5897c29e07ac9c6.jpg,1,0,0.8154,0.8154,0.1264,0.0037,0.0544
fgvc8_by_class/black_rot/df8d975806fd4111.jpg,1,1,0.9713,0.0269,0.9713,0.0010,0.0008
fgvc8_by_class/black_rot/e22b4dcd57507711.jpg,1,1,0.9925,0.0052,0.9925,0.0023,0.0000
fgvc8_by_class/black_rot/e4de4afb2472206b.jpg,1,1,0.6360,0.3617,0.6360,0.0019,0.0004
fgvc8_by_class/black_rot/e59d823ae3b60d8a.jpg,1,0,0.9246,0.9246,0.0506,0.0000,0.0248
fgvc8_by_class/black_rot/ed72c432a99ac92d.jpg,1,0,0.7170,0.7170,0.2687,0.0020,0.0122
fgvc8_by_class/black_rot/b28352ee9658ab3c.jpg,1,0,0.9367,0.9367,0.0549,0.0039,0.0044
fgvc8_by_class/black_rot/9bdc6cadca1c6426.jpg,1,0,0.7185,0.7185,0.2440,0.0373,0.0003
fgvc8_by_class/black_rot/e0d29a952dab7561.jpg,1,1,0.8923,0.1031,0.8923,0.0002,0.0044
fgvc8_by_class/black_rot/bf2dc0f2bdc2a016.jpg,1,1,0.7936,0.2007,0.7936,0.0010,0.0048
fgvc8_by_class/black_rot/dfff20c074cd2055.jpg,1,1,0.7766,0.2208,0.7766,0.0010,0.0017
fgvc8_by_class/black_rot/c76328952d9e7d90.jpg,1,1,0.9668,0.0049,0.9668,0.0023,0.0260
fgvc8_by_class/black_rot/e3459bd08f207c1f.jpg,1,0,0.6878,0.6878,0.3052,0.0009,0.0061
fgvc8_by_class/black_rot/c5a72da881d32bda.jpg,1,1,0.9110,0.0881,0.9110,0.0007,0.0002
fgvc8_by_class/black_rot/f2c974c12fdfc042.jpg,1,1,0.9992,0.0006,0.9992,0.0001,0.0002
fgvc8_by_class/black_rot/eba196785d05e1e1.jpg,1,1,0.9844,0.0120,0.9844,0.0026,0.0010
fgvc8_by_class/black_rot/de9523b73230ba1a.jpg,1,0,0.9989,0.9989,0.0001,0.0000,0.0010
fgvc8_by_class/black_rot/c3609be138c7f196.jpg,1,0,0.9385,0.9385,0.0590,0.0014,0.0011
fgvc8_by_class/black_rot/869460d69dc547cf.jpg,1,1,0.9998,0.0001,0.9998,0.0001,0.0000
fgvc8_by_class/black_rot/cad81f805f74acca.jpg,1,0,0.6766,0.6766,0.0257,0.2962,0.0015
fgvc8_by_class/black_rot/adbf9f14858281e5.jpg,1,0,0.8285,0.8285,0.1644,0.0000,0.0071
fgvc8_by_class/black_rot/f3e7cb760ce07c00.jpg,1,1,0.9833,0.0147,0.9833,0.0001,0.0019
fgvc8_by_class/black_rot/cc0b10fcf8b0fa1b.jpg,1,0,0.9186,0.9186,0.0499,0.0173,0.0143
fgvc8_by_class/black_rot/ad600a9ff749958a.jpg,1,0,0.9812,0.9812,0.0042,0.0013,0.0133
fgvc8_by_class/black_rot/8383c7ccb19c596b.jpg,1,1,0.8517,0.1447,0.8517,0.0009,0.0027
fgvc8_by_class/black_rot/fab2c3b0cc618d63.jpg,1,0,0.9045,0.9045,0.0827,0.0127,0.0001
fgvc8_by_class/black_rot/f59e29d442afa072.jpg,1,1,0.9144,0.0689,0.9144,0.0162,0.0004
fgvc8_by_class/black_rot/828fff2ad1c02be4.jpg,1,1,0.9059,0.0335,0.9059,0.0605,0.0001
fgvc8_by_class/black_rot/ef953542d103cc57.jpg,1,1,0.9946,0.0002,0.9946,0.0052,0.0000
fgvc8_by_class/black_rot/a28895138e2fdf0f.jpg,1,1,0.9996,0.0002,0.9996,0.0002,0.0000
fgvc8_by_class/black_rot/e9d88dddd6d29a00.jpg,1,0,0.9243,0.9243,0.0000,0.0000,0.0757
fgvc8_by_class/black_rot/f4e1d31f81253d8c.jpg,1,1,0.9929,0.0034,0.9929,0.0013,0.0025
fgvc8_by_class/black_rot/d8b533ee152daa60.jpg,1,1,0.9972,0.0009,0.9972,0.0019,0.0000
fgvc8_by_class/black_rot/f8cc9dd07c362625.jpg,1,1,0.7691,0.1067,0.7691,0.0038,0.1204
fgvc8_by_class/black_rot/b4b5c898b69d930b.jpg,1,1,0.9959,0.0035,0.9959,0.0000,0.0005
fgvc8_by_class/black_rot/f0824a7f5e3d15e0.jpg,1,1,0.8293,0.1682,0.8293,0.0014,0.0011
fgvc8_by_class/black_rot/f52ad73c4a5b11a4.jpg,1,1,0.9892,0.0102,0.9892,0.0006,0.0000
fgvc8_by_class/black_rot/92f37ac388c2d8dc.jpg,1,1,0.8715,0.1175,0.8715,0.0110,0.0000
fgvc8_by_class/black_rot/c66d3690067bf463.jpg,1,1,0.9019,0.0590,0.9019,0.0179,0.0212
fgvc8_by_class/black_rot/de304c8da87dc353.jpg,1,0,0.9963,0.9963,0.0007,0.0000,0.0030
fgvc8_by_class/black_rot/cd27bd9139a1c1c3.jpg,1,0,0.9893,0.9893,0.0057,0.0004,0.0046
fgvc8_by_class/black_rot/adb6d4d2d6b19888.jpg,1,0,0.9994,0.9994,0.0002,0.0000,0.0003
fgvc8_by_class/black_rot/f8302ad78adfb141.jpg,1,0,0.7461,0.7461,0.2408,0.0001,0.0130
fgvc8_by_class/black_rot/e8e4e4c48dc49dce.jpg,1,1,0.8597,0.0207,0.8597,0.1196,0.0000
fgvc8_by_class/black_rot/d56223830f7703cf.jpg,1,1,0.9949,0.0041,0.9949,0.0002,0.0008
fgvc8_by_class/black_rot/b6d0c2ee4f14ac2d.jpg,1,0,0.9736,0.9736,0.0156,0.0084,0.0025
fgvc8_by_class/black_rot/c5607681fa072d9f.jpg,1,1,0.5992,0.3831,0.5992,0.0154,0.0023
fgvc8_by_class/black_rot/ccb05fcfa378a230.jpg,1,1,0.9406,0.0447,0.9406,0.0141,0.0007
fgvc8_by_class/black_rot/e3e3d1921af074e4.jpg,1,1,0.9998,0.0001,0.9998,0.0001,0.0000
fgvc8_by_class/black_rot/c793b59c90e64e0e.jpg,1,0,0.9118,0.9118,0.0778,0.0026,0.0078
fgvc8_by_class/black_rot/f9701987715ed505.jpg,1,1,0.9990,0.0002,0.9990,0.0007,0.0000
fgvc8_by_class/black_rot/bd0d5dc10c52e27e.jpg,1,1,0.9999,0.0000,0.9999,0.0000,0.0000
fgvc8_by_class/black_rot/e9ea40bd83949d9a.jpg,1,0,0.9955,0.9955,0.0005,0.0021,0.0019
fgvc8_by_class/black_rot/a38b9cf4acae60c5.jpg,1,0,0.9114,0.9114,0.0464,0.0001,0.0421
fgvc8_by_class/black_rot/cbd8cc995ab95303.jpg,1,1,0.7010,0.0039,0.7010,0.2951,0.0000
fgvc8_by_class/black_rot/ee1dc412c86f0757.jpg,1,0,0.5222,0.5222,0.4450,0.0191,0.0137
fgvc8_by_class/black_rot/df3267cc909ca10f.jpg,1,0,0.8909,0.8909,0.0894,0.0195,0.0002
fgvc8_by_class/black_rot/a2aac183e37515af.jpg,1,1,0.9528,0.0205,0.9528,0.0261,0.0006
fgvc8_by_class/black_rot/b7b4eaa08f912b89.jpg,1,1,0.8198,0.0934,0.8198,0.0862,0.0006
fgvc8_by_class/black_rot/a5b1525b0b29aeda.jpg,1,1,0.8981,0.0207,0.8981,0.0808,0.0004
fgvc8_by_class/black_rot/a5c7d06ecb36013e.jpg,1,1,0.9545,0.0428,0.9545,0.0001,0.0027
fgvc8_by_class/black_rot/95b5b504d84eeb0e.jpg,1,2,0.5973,0.3767,0.0259,0.5973,0.0000
fgvc8_by_class/black_rot/a4b8edc3c89bc25a.jpg,1,1,0.9753,0.0185,0.9753,0.0041,0.0021
fgvc8_by_class/black_rot/fcab851182f196b5.jpg,1,0,0.8740,0.8740,0.0979,0.0015,0.0267
fgvc8_by_class/black_rot/ae78a64db62c92a5.jpg,1,0,0.5194,0.5194,0.3771,0.1033,0.0002
fgvc8_by_class/black_rot/e02b9a39cd663cca.jpg,1,1,0.9689,0.0099,0.9689,0.0001,0.0212
fgvc8_by_class/black_rot/f8e547464ede9604.jpg,1,0,0.9022,0.9022,0.0921,0.0053,0.0004
fgvc8_by_class/black_rot/cd8b4ada5c36341d.jpg,1,1,0.9459,0.0469,0.9459,0.0012,0.0060
fgvc8_by_class/black_rot/d8d417b440f7e0e3.jpg,1,1,0.9990,0.0002,0.9990,0.0006,0.0002
fgvc8_by_class/black_rot/abb0d8a46b1a25cf.jpg,1,0,0.9698,0.9698,0.0061,0.0000,0.0241
fgvc8_by_class/black_rot/a4dfd41d2892b563.jpg,1,1,0.5768,0.4187,0.5768,0.0023,0.0021
fgvc8_by_class/black_rot/ba84d297977c0359.jpg,1,2,0.9547,0.0363,0.0090,0.9547,0.0000
fgvc8_by_class/black_rot/bf5fc290173b60e0.jpg,1,0,0.9997,0.9997,0.0000,0.0000,0.0003
fgvc8_by_class/black_rot/8782f7982f02d3f2.jpg,1,1,0.9672,0.0201,0.9672,0.0125,0.0002
fgvc8_by_class/black_rot/a5a1dd19795831e6.jpg,1,1,0.8022,0.1954,0.8022,0.0008,0.0015
fgvc8_by_class/black_rot/9ef2c8859ea53c89.jpg,1,0,0.9645,0.9645,0.0339,0.0011,0.0005
fgvc8_by_class/black_rot/9c86ecdd689d650a.jpg,1,0,0.9978,0.9978,0.0002,0.0000,0.0020
fgvc8_by_class/black_rot/e0c00f8f1c3e3f71.jpg,1,0,0.5649,0.5649,0.4077,0.0261,0.0013
fgvc8_by_class/black_rot/f54e5a10f9b347c0.jpg,1,1,0.9929,0.0067,0.9929,0.0004,0.0000
fgvc8_by_class/black_rot/a49d9ecd9f80fd00.jpg,1,1,0.9916,0.0042,0.9916,0.0042,0.0001
fgvc8_by_class/black_rot/c396c68cf8e138f8.jpg,1,0,0.5569,0.5569,0.4295,0.0011,0.0125
fgvc8_by_class/black_rot/fa76c3708d38219e.jpg,1,0,0.7534,0.7534,0.2161,0.0009,0.0297
fgvc8_by_class/black_rot/a02fd286efc907c9.jpg,1,1,0.8354,0.1255,0.8354,0.0005,0.0385
fgvc8_by_class/black_rot/c99e76622e873b60.jpg,1,1,0.9852,0.0110,0.9852,0.0017,0.0020
fgvc8_by_class/black_rot/d072bd97589f029a.jpg,1,0,0.4927,0.4927,0.4888,0.0001,0.0184
fgvc8_by_class/black_rot/9ea4e59f1209aeaa.jpg,1,1,0.9752,0.0130,0.9752,0.0101,0.0017
fgvc8_by_class/black_rot/b0c58a70c5b1379f.jpg,1,0,0.9850,0.9850,0.0069,0.0000,0.0081
fgvc8_by_class/black_rot/acf6d406b3cd0369.jpg,1,0,0.8069,0.8069,0.1869,0.0051,0.0011
fgvc8_by_class/black_rot/b7408661b8fe713c.jpg,1,0,0.7364,0.7364,0.2615,0.0002,0.0019
fgvc8_by_class/black_rot/f0cbf4487fcae480.jpg,1,1,0.8628,0.0701,0.8628,0.0663,0.0009
fgvc8_by_class/black_rot/dfcd2f2e9b624210.jpg,1,1,0.9930,0.0027,0.9930,0.0044,0.0000
fgvc8_by_class/black_rot/c7cfa39fc8081a59.jpg,1,0,0.9488,0.9488,0.0464,0.0033,0.0016
fgvc8_by_class/black_rot/e8ec171aa293b69a.jpg,1,1,0.9986,0.0001,0.9986,0.0013,0.0000
fgvc8_by_class/black_rot/ddff4bc0a5a45818.jpg,1,1,0.9649,0.0241,0.9649,0.0088,0.0022
fgvc8_by_class/black_rot/aa6bca962d8de161.jpg,1,1,0.9962,0.0032,0.9962,0.0001,0.0004
fgvc8_by_class/black_rot/c7907e703d8de432.jpg,1,1,0.9879,0.0004,0.9879,0.0116,0.0000
fgvc8_by_class/black_rot/e1f59dc570897099.jpg,1,1,0.6236,0.3390,0.6236,0.0365,0.0009
fgvc8_by_class/black_rot/d5e36bf53ca41406.jpg,1,1,0.5963,0.0716,0.5963,0.3319,0.0002
fgvc8_by_class/black_rot/aaa5f416b09c5b1b.jpg,1,0,0.9145,0.9145,0.0185,0.0014,0.0656
fgvc8_by_class/black_rot/bf12e1764b70cf20.jpg,1,1,0.9919,0.0006,0.9919,0.0037,0.0038
fgvc8_by_class/black_rot/edeed03cca920c9a.jpg,1,1,0.9989,0.0010,0.9989,0.0000,0.0000
fgvc8_by_class/black_rot/b4a4b492d251cbcf.jpg,1,0,0.7529,0.7529,0.1742,0.0662,0.0068
fgvc8_by_class/black_rot/f0d697414d6eb690.jpg,1,0,0.4592,0.4592,0.4181,0.1045,0.0183
fgvc8_by_class/black_rot/a38e8c91f451b65e.jpg,1,0,0.8269,0.8269,0.1398,0.0018,0.0315
fgvc8_by_class/black_rot/dc4088f0cd3a6cf7.jpg,1,1,0.9982,0.0016,0.9982,0.0003,0.0000
fgvc8_by_class/black_rot/a1f852940f525f9e.jpg,1,1,0.7184,0.2743,0.7184,0.0001,0.0072
fgvc8_by_class/black_rot/e5f98909a3753523.jpg,1,1,0.8804,0.0849,0.8804,0.0000,0.0347
fgvc8_by_class/black_rot/e8c48b96add9e065.jpg,1,1,0.9786,0.0197,0.9786,0.0013,0.0005
fgvc8_by_class/black_rot/f412cfae1ed48e82.jpg,1,0,0.9557,0.9557,0.0417,0.0025,0.0001
fgvc8_by_class/black_rot/8781c9b9e9a269f1.jpg,1,1,0.9359,0.0633,0.9359,0.0001,0.0008
fgvc8_by_class/black_rot/b6990974b496e89d.jpg,1,0,0.9325,0.9325,0.0510,0.0031,0.0134
fgvc8_by_class/black_rot/970b3ef068916ace.jpg,1,0,0.4990,0.4990,0.4981,0.0007,0.0022
fgvc8_by_class/black_rot/fc2799d2f3890705.jpg,1,1,0.9988,0.0012,0.9988,0.0000,0.0000
fgvc8_by_class/black_rot/b18bc96dd8265752.jpg,1,1,0.9905,0.0086,0.9905,0.0000,0.0009
fgvc8_by_class/black_rot/c07c2895eda0cddd.jpg,1,0,0.9507,0.9507,0.0370,0.0000,0.0122
fgvc8_by_class/black_rot/a56cd4ded8984b98.jpg,1,0,0.6899,0.6899,0.3050,0.0003,0.0048
fgvc8_by_class/black_rot/d767953ae109684d.jpg,1,1,0.8981,0.0905,0.8981,0.0035,0.0080
fgvc8_by_class/black_rot/a0d2d2b59383176f.jpg,1,1,0.6090,0.2329,0.6090,0.1575,0.0006
fgvc8_by_class/black_rot/cbc337f84e0ce162.jpg,1,1,0.7352,0.2526,0.7352,0.0093,0.0029
fgvc8_by_class/black_rot/986f72d0438f6d54.jpg,1,1,0.9401,0.0557,0.9401,0.0037,0.0005
fgvc8_by_class/black_rot/f01c0ef30a3fc3e2.jpg,1,1,0.9883,0.0050,0.9883,0.0054,0.0013
fgvc8_by_class/black_rot/92995f677e48660a.jpg,1,0,0.9433,0.9433,0.0142,0.0026,0.0399
fgvc8_by_class/black_rot/f0cad26ccca8e8b3.jpg,1,1,0.6422,0.1657,0.6422,0.0228,0.1693
fgvc8_by_class/black_rot/a085dad6dc6af149.jpg,1,1,0.9987,0.0012,0.9987,0.0001,0.0000
fgvc8_by_class/black_rot/bf6cc13e4193e00f.jpg,1,1,0.9643,0.0265,0.9643,0.0089,0.0003
fgvc8_by_class/black_rot/93bcc09a66c83acf.jpg,1,1,0.5239,0.4642,0.5239,0.0016,0.0103
fgvc8_by_class/black_rot/e9e33e85dc84a532.jpg,1,0,0.5831,0.5831,0.4134,0.0006,0.0029
fgvc8_by_class/black_rot/b529f2a2add0aea2.jpg,1,0,0.9811,0.9811,0.0169,0.0019,0.0001
fgvc8_by_class/black_rot/f4bfc4828516b0fa.jpg,1,1,0.9473,0.0500,0.9473,0.0022,0.0005
fgvc8_by_class/black_rot/d596b5d3d96a9c00.jpg,1,2,0.5315,0.0017,0.4636,0.5315,0.0033
fgvc8_by_class/black_rot/f4ca866c9c7c9847.jpg,1,1,0.9996,0.0000,0.9996,0.0003,0.0001
fgvc8_by_class/black_rot/93d2396b3ec163d0.jpg,1,1,0.7948,0.1142,0.7948,0.0909,0.0001
fgvc8_by_class/black_rot/b5306acb1af2e52c.jpg,1,1,0.9193,0.0361,0.9193,0.0444,0.0002
fgvc8_by_class/black_rot/a8b48a2633f1e6a7.jpg,1,1,0.8478,0.1398,0.8478,0.0058,0.0066
fgvc8_by_class/black_rot/9788f0cee3f0e461.jpg,1,0,0.5265,0.5265,0.4692,0.0035,0.0008
fgvc8_by_class/black_rot/f572c2a7c9c530e8.jpg,1,1,0.9812,0.0149,0.9812,0.0037,0.0002
fgvc8_by_class/black_rot/b1a752d558d25e85.jpg,1,1,0.9815,0.0170,0.9815,0.0014,0.0001
fgvc8_by_class/black_rot/eacc8d7d35443d21.jpg,1,0,0.9876,0.9876,0.0103,0.0001,0.0020
fgvc8_by_class/black_rot/c7c0c6ceca9741b3.jpg,1,0,0.8188,0.8188,0.1778,0.0029,0.0005
fgvc8_by_class/black_rot/e0a57b82558738eb.jpg,1,0,0.9996,0.9996,0.0001,0.0001,0.0001
fgvc8_by_class/black_rot/99e873a74a93e498.jpg,1,1,0.9994,0.0002,0.9994,0.0002,0.0002
fgvc8_by_class/black_rot/a8ed8fc8b089833f.jpg,1,1,0.9912,0.0067,0.9912,0.0019,0.0001
fgvc8_by_class/black_rot/f5e291e3d3391119.jpg,1,0,0.5202,0.5202,0.3395,0.1298,0.0105
fgvc8_by_class/black_rot/a5d40b85ca9dda4d.jpg,1,0,0.7908,0.7908,0.0236,0.1143,0.0713
fgvc8_by_class/black_rot/ff70c0f30cb34817.jpg,1,2,0.5327,0.4664,0.0009,0.5327,0.0000
fgvc8_by_class/black_rot/e0e535e59d3ab430.jpg,1,1,0.9999,0.0000,0.9999,0.0000,0.0000
fgvc8_by_class/black_rot/ef5a849d9dac4a84.jpg,1,0,0.5770,0.5770,0.4180,0.0049,0.0001
fgvc8_by_class/black_rot/b48e4d5e5a5d2952.jpg,1,0,0.9642,0.9642,0.0262,0.0095,0.0002
fgvc8_by_class/black_rot/bd955251aeb295a1.jpg,1,1,0.7342,0.0550,0.7342,0.2108,0.0000
fgvc8_by_class/black_rot/e5a21a9ad2d3dac2.jpg,1,1,0.9998,0.0000,0.9998,0.0001,0.0001
fgvc8_by_class/black_rot/e5fd9a89ce92a092.jpg,1,0,0.8874,0.8874,0.0999,0.0117,0.0010
fgvc8_by_class/black_rot/c0de3e9259cf184b.jpg,1,1,0.9720,0.0093,0.9720,0.0058,0.0129
fgvc8_by_class/black_rot/ff3c25c5875210d3.jpg,1,1,0.9998,0.0000,0.9998,0.0001,0.0001
fgvc8_by_class/black_rot/b4e9b2d80df9d80c.jpg,1,0,0.7166,0.7166,0.2768,0.0009,0.0057
fgvc8_by_class/black_rot/963e2da533648aba.jpg,1,1,0.9937,0.0033,0.9937,0.0021,0.0009
fgvc8_by_class/black_rot/aaa3a3c34ae7a1d4.jpg,1,0,0.9723,0.9723,0.0252,0.0001,0.0024
fgvc8_by_class/black_rot/8a607e82611eb7f9.jpg,1,0,0.4180,0.4180,0.2915,0.0006,0.2898
fgvc8_by_class/black_rot/9b56ce8e0b172527.jpg,1,0,0.7411,0.7411,0.0205,0.0010,0.2373
fgvc8_by_class/black_rot/dce2068e7cfe8087.jpg,1,1,0.9734,0.0237,0.9734,0.0028,0.0001
fgvc8_by_class/black_rot/8e517c86b81b539d.jpg,1,1,0.9674,0.0104,0.9674,0.0218,0.0004
fgvc8_by_class/black_rot/edb48787424f92e1.jpg,1,1,0.9996,0.0001,0.9996,0.0001,0.0002
fgvc8_by_class/black_rot/e36f1368c0613be9.jpg,1,3,0.7041,0.2958,0.0001,0.0000,0.7041
fgvc8_by_class/black_rot/c27537e5e50f046c.jpg,1,1,0.6072,0.1124,0.6072,0.2802,0.0003
fgvc8_by_class/black_rot/dfd6a5c8c2697881.jpg,1,0,0.9902,0.9902,0.0012,0.0001,0.0086
fgvc8_by_class/black_rot/ff95c214cd00bf16.jpg,1,0,0.6814,0.6814,0.3132,0.0000,0.0053
fgvc8_by_class/black_rot/d0b063cf383093ef.jpg,1,1,0.9981,0.0010,0.9981,0.0007,0.0001
fgvc8_by_class/black_rot/951a8f14cbb0c5fa.jpg,1,0,0.5981,0.5981,0.1057,0.2961,0.0002
fgvc8_by_class/black_rot/b670d94de5f28a60.jpg,1,1,0.7935,0.0310,0.7935,0.1753,0.0001
fgvc8_by_class/cedar_apple_rust/955268d26a7295e7.jpg,2,1,0.9966,0.0000,0.9966,0.0034,0.0000
fgvc8_by_class/cedar_apple_rust/a09790cfda8dcdc8.jpg,2,1,0.9985,0.0010,0.9985,0.0001,0.0004
fgvc8_by_class/cedar_apple_rust/f0c115ae3c593799.jpg,2,1,0.9827,0.0173,0.9827,0.0000,0.0000
fgvc8_by_class/cedar_apple_rust/e5ee33f5c4a01631.jpg,2,1,0.8492,0.1210,0.8492,0.0292,0.0005
fgvc8_by_class/cedar_apple_rust/cdebc89999519469.jpg,2,1,0.9991,0.0003,0.9991,0.0005,0.0001
fgvc8_by_class/cedar_apple_rust/dfcc6b28063a88fc.jpg,2,1,0.9805,0.0136,0.9805,0.0057,0.0001
fgvc8_by_class/cedar_apple_rust/b9fe98901d640df4.jpg,2,1,0.9990,0.0001,0.9990,0.0001,0.0008
fgvc8_by_class/cedar_apple_rust/d3c66ac935d183a6.jpg,2,1,0.9934,0.0003,0.9934,0.0062,0.0001
fgvc8_by_class/cedar_apple_rust/f13a94d9ce49284f.jpg,2,1,0.9999,0.0001,0.9999,0.0000,0.0000
fgvc8_by_class/cedar_apple_rust/dec53a0f92d0926b.jpg,2,1,0.8257,0.0241,0.8257,0.1498,0.0004
fgvc8_by_class/cedar_apple_rust/9c8780f83917c7c7.jpg,2,1,1.0000,0.0000,1.0000,0.0000,0.0000
fgvc8_by_class/cedar_apple_rust/ef3cc084cfc33cc2.jpg,2,1,0.8242,0.0895,0.8242,0.0091,0.0771
fgvc8_by_class/cedar_apple_rust/e11be7f110de8f80.jpg,2,1,0.5679,0.4287,0.5679,0.0003,0.0031
fgvc8_by_class/cedar_apple_rust/8f9b3a381388ad9d.jpg,2,1,1.0000,0.0000,1.0000,0.0000,0.0000
fgvc8_by_class/cedar_apple_rust/85bf39e025c7c41e.jpg,2,1,0.9979,0.0001,0.9979,0.0019,0.0001
fgvc8_by_class/cedar_apple_rust/84c3f037e53e66a1.jpg,2,0,0.8835,0.8835,0.1102,0.0001,0.0063
fgvc8_by_class/cedar_apple_rust/fce4c50ffccd0007.jpg,2,1,0.9997,0.0001,0.9997,0.0001,0.0000
fgvc8_by_class/cedar_apple_rust/c7b06c715d56c534.jpg,2,1,0.9797,0.0098,0.9797,0.0104,0.0000
fgvc8_by_class/cedar_apple_rust/e4d4872973870bda.jpg,2,0,0.6228,0.6228,0.3762,0.0005,0.0005
fgvc8_by_class/cedar_apple_rust/f0f3d5970a1f0869.jpg,2,1,0.9598,0.0381,0.9598,0.0017,0.0004
fgvc8_by_class/cedar_apple_rust/cdcaf0b8375c6154.jpg,2,1,0.9988,0.0005,0.9988,0.0006,0.0001
fgvc8_by_class/cedar_apple_rust/b8f08391de9f9099.jpg,2,1,0.7927,0.1031,0.7927,0.0196,0.0847
fgvc8_by_class/cedar_apple_rust/a7a2dc81e87f0a1d.jpg,2,1,0.9973,0.0004,0.9973,0.0023,0.0000
fgvc8_by_class/cedar_apple_rust/c46a85b46b643acf.jpg,2,1,0.9963,0.0031,0.9963,0.0005,0.0001
fgvc8_by_class/cedar_apple_rust/ffa09c786f43c052.jpg,2,1,0.9978,0.0005,0.9978,0.0017,0.0000
fgvc8_by_class/cedar_apple_rust/dfc86b180e3ac8f8.jpg,2,1,0.9873,0.0091,0.9873,0.0035,0.0001
fgvc8_by_class/cedar_apple_rust/c21f396847e31ba3.jpg,2,1,0.9967,0.0025,0.9967,0.0008,0.0000
fgvc8_by_class/cedar_apple_rust/f20f09aa95b61b65.jpg,2,1,0.9649,0.0002,0.9649,0.0348,0.0001
fgvc8_by_class/cedar_apple_rust/924b82cd86edae8e.jpg,2,1,0.9052,0.0854,0.9052,0.0092,0.0003
fgvc8_by_class/cedar_apple_rust/d0281bc2dd8b37a7.jpg,2,1,0.9974,0.0002,0.9974,0.0017,0.0006
fgvc8_by_class/cedar_apple_rust/e0d5f8d7b56018f0.jpg,2,1,0.9979,0.0013,0.9979,0.0007,0.0000
fgvc8_by_class/cedar_apple_rust/e7dbd265ca248e90.jpg,2,1,0.9982,0.0002,0.9982,0.0015,0.0000
fgvc8_by_class/cedar_apple_rust/f33c830b3d964c33.jpg,2,1,0.9826,0.0031,0.9826,0.0136,0.0007
fgvc8_by_class/cedar_apple_rust/9b0270ec99d0676f.jpg,2,1,0.9998,0.0001,0.9998,0.0001,0.0000
fgvc8_by_class/cedar_apple_rust/a37bd4a0d8d67648.jpg,2,1,0.9986,0.0000,0.9986,0.0012,0.0002
fgvc8_by_class/cedar_apple_rust/da70aac0bd0ff0e4.jpg,2,1,0.9946,0.0045,0.9946,0.0009,0.0000
fgvc8_by_class/cedar_apple_rust/e4ed9e8282863e7c.jpg,2,1,0.9996,0.0000,0.9996,0.0003,0.0001
fgvc8_by_class/cedar_apple_rust/8958ae67d2a55267.jpg,2,1,0.5186,0.1131,0.5186,0.3649,0.0034
fgvc8_by_class/cedar_apple_rust/adb295d7ca4c282e.jpg,2,1,0.9889,0.0107,0.9889,0.0001,0.0003
fgvc8_by_class/cedar_apple_rust/ebd46190c4abda6c.jpg,2,2,0.9525,0.0293,0.0179,0.9525,0.0003
fgvc8_by_class/cedar_apple_rust/9896e006e936fe8b.jpg,2,1,0.9952,0.0037,0.9952,0.0005,0.0006
fgvc8_by_class/cedar_apple_rust/9d5460c8e7b35ca6.jpg,2,1,0.9812,0.0018,0.9812,0.0165,0.0006
fgvc8_by_class/cedar_apple_rust/cff73f9f108081c2.jpg,2,1,0.9865,0.0074,0.9865,0.0061,0.0001
fgvc8_by_class/cedar_apple_rust/b87021db3bcd3564.jpg,2,1,0.9887,0.0033,0.9887,0.0077,0.0003
fgvc8_by_class/cedar_apple_rust/c6a498373f96368a.jpg,2,1,0.8858,0.1131,0.8858,0.0005,0.0006
fgvc8_by_class/cedar_apple_rust/c9b087c7aa7cd2c8.jpg,2,1,0.9984,0.0004,0.9984,0.0011,0.0000
fgvc8_by_class/cedar_apple_rust/878c5e9c3923c376.jpg,2,0,0.5383,0.5383,0.2373,0.1915,0.0329
fgvc8_by_class/cedar_apple_rust/aa9d23cc91c698db.jpg,2,0,0.8549,0.8549,0.1073,0.0000,0.0378
fgvc8_by_class/cedar_apple_rust/c6a517557a5a685a.jpg,2,1,0.9990,0.0000,0.9990,0.0009,0.0000
fgvc8_by_class/cedar_apple_rust/c595cf8172676562.jpg,2,1,0.9995,0.0001,0.9995,0.0003,0.0000
fgvc8_by_class/cedar_apple_rust/94da5ebd8646506b.jpg,2,0,0.9280,0.9280,0.0040,0.0004,0.0676
fgvc8_by_class/cedar_apple_rust/cf497003f625df90.jpg,2,1,0.9999,0.0000,0.9999,0.0001,0.0000
fgvc8_by_class/cedar_apple_rust/bd6c8778528a13d6.jpg,2,1,0.9987,0.0011,0.9987,0.0001,0.0001
fgvc8_by_class/cedar_apple_rust/c1f5c15115a57da5.jpg,2,0,0.9701,0.9701,0.0256,0.0002,0.0040
fgvc8_by_class/cedar_apple_rust/c22ec0e68ef6b616.jpg,2,0,0.9286,0.9286,0.0708,0.0000,0.0006
fgvc8_by_class/cedar_apple_rust/dee9c0713b896075.jpg,2,1,0.9999,0.0000,0.9999,0.0000,0.0000
fgvc8_by_class/cedar_apple_rust/899c6e7ca9d1a58a.jpg,2,2,0.4460,0.1998,0.3518,0.4460,0.0024
fgvc8_by_class/cedar_apple_rust/f6800749ad994db7.jpg,2,1,0.9948,0.0031,0.9948,0.0018,0.0003
fgvc8_by_class/cedar_apple_rust/d61b8366b83e91d2.jpg,2,2,0.9089,0.0844,0.0063,0.9089,0.0005
fgvc8_by_class/cedar_apple_rust/e78cb04f00477f9c.jpg,2,1,0.9546,0.0241,0.9546,0.0000,0.0213
fgvc8_by_class/cedar_apple_rust/995b39b52266626b.jpg,2,1,0.8081,0.1128,0.8081,0.0769,0.0022
fgvc8_by_class/cedar_apple_rust/c143ecadac075277.jpg,2,1,0.8297,0.1550,0.8297,0.0104,0.0049
fgvc8_by_class/cedar_apple_rust/e5b4da872d968b22.jpg,2,1,1.0000,0.0000,1.0000,0.0000,0.0000
fgvc8_by_class/cedar_apple_rust/c9e135cb7455b225.jpg,2,1,0.9590,0.0069,0.9590,0.0338,0.0003
fgvc8_by_class/cedar_apple_rust/c9fabc81831ea770.jpg,2,1,0.9489,0.0348,0.9489,0.0145,0.0018
fgvc8_by_class/cedar_apple_rust/bcbdca83444f309e.jpg,2,1,0.9993,0.0005,0.9993,0.0001,0.0002
fgvc8_by_class/cedar_apple_rust/abe3d5e176110c1b.jpg,2,1,0.9385,0.0174,0.9385,0.0419,0.0022
fgvc8_by_class/cedar_apple_rust/b486cd89071fe25b.jpg,2,1,1.0000,0.0000,1.0000,0.0000,0.0000
fgvc8_by_class/cedar_apple_rust/ad8386e398adb564.jpg,2,1,0.9953,0.0038,0.9953,0.0009,0.0000
fgvc8_by_class/cedar_apple_rust/ee86c5d4d488be0d.jpg,2,1,0.7170,0.2001,0.7170,0.0085,0.0744
fgvc8_by_class/cedar_apple_rust/ae8c83b6a64554e7.jpg,2,0,0.8899,0.8899,0.0998,0.0005,0.0098
fgvc8_by_class/cedar_apple_rust/d109b6f0b6ee6826.jpg,2,1,0.9992,0.0001,0.9992,0.0001,0.0006
fgvc8_by_class/cedar_apple_rust/f6a08b8adeb8b449.jpg,2,1,0.9999,0.0000,0.9999,0.0000,0.0000
fgvc8_by_class/cedar_apple_rust/ba06b0ea5d47aa4d.jpg,2,1,0.9849,0.0122,0.9849,0.0013,0.0017
fgvc8_by_class/cedar_apple_rust/ca923e8e816e87dc.jpg,2,1,0.9974,0.0005,0.9974,0.0021,0.0000
fgvc8_by_class/cedar_apple_rust/e3919e95387a5256.jpg,2,1,0.9998,0.0002,0.9998,0.0000,0.0000
fgvc8_by_class/cedar_apple_rust/fd1f9f34c062a1b0.jpg,2,1,0.9915,0.0034,0.9915,0.0048,0.0004
fgvc8_by_class/cedar_apple_rust/b213939d2be9e0a9.jpg,2,1,0.7383,0.2607,0.7383,0.0003,0.0007
fgvc8_by_class/cedar_apple_rust/90f99ee1c1132bb6.jpg,2,0,0.5850,0.5850,0.3740,0.0044,0.0366
fgvc8_by_class/cedar_apple_rust/f899d8a713346b1a.jpg,2,1,0.9849,0.0122,0.9849,0.0005,0.0024
fgvc8_by_class/cedar_apple_rust/b666ee14293a25b3.jpg,2,1,0.9868,0.0103,0.9868,0.0011,0.0018
fgvc8_by_class/cedar_apple_rust/cf4ebb99510b0aa9.jpg,2,1,0.9990,0.0007,0.9990,0.0002,0.0000
fgvc8_by_class/cedar_apple_rust/ea70e75d93a89245.jpg,2,1,0.9968,0.0009,0.9968,0.0023,0.0000
fgvc8_by_class/cedar_apple_rust/fe5cd40c8a00deaf.jpg,2,1,0.9862,0.0003,0.9862,0.0001,0.0134
fgvc8_by_class/cedar_apple_rust/ba91919fda5f00f0.jpg,2,0,0.9963,0.9963,0.0020,0.0010,0.0007
fgvc8_by_class/cedar_apple_rust/a49bb8b160eadba4.jpg,2,1,0.5196,0.3891,0.5196,0.0909,0.0004
fgvc8_by_class/cedar_apple_rust/f0d192c0de25dcf4.jpg,2,1,0.9949,0.0049,0.9949,0.0001,0.0001
fgvc8_by_class/cedar_apple_rust/f728e036d729a0ad.jpg,2,1,0.9786,0.0014,0.9786,0.0199,0.0000
fgvc8_by_class/cedar_apple_rust/a26bd8e27025b3bc.jpg,2,1,0.5446,0.3205,0.5446,0.0087,0.1262
fgvc8_by_class/cedar_apple_rust/9d1c4276f31093b7.jpg,2,1,0.5941,0.2248,0.5941,0.0169,0.1642
fgvc8_by_class/cedar_apple_rust/e8838d79d456529e.jpg,2,1,0.9158,0.0803,0.9158,0.0037,0.0002
fgvc8_by_class/cedar_apple_rust/c35a1f20e15aeb55.jpg,2,1,0.8922,0.0131,0.8922,0.0003,0.0945
fgvc8_by_class/cedar_apple_rust/d08ff0d93e82e616.jpg,2,0,0.9658,0.9658,0.0313,0.0004,0.0025
fgvc8_by_class/cedar_apple_rust/8c6e3d86f81e111f.jpg,2,1,0.9996,0.0000,0.9996,0.0004,0.0000
fgvc8_by_class/cedar_apple_rust/85e16fe5685a5670.jpg,2,3,0.7146,0.0997,0.0612,0.1245,0.7146
fgvc8_by_class/cedar_apple_rust/c7485f3c687df0a0.jpg,2,1,0.9052,0.0061,0.9052,0.0881,0.0006
fgvc8_by_class/cedar_apple_rust/97c0360369dced56.jpg,2,1,0.9557,0.0431,0.9557,0.0004,0.0008
fgvc8_by_class/cedar_apple_rust/e157d0703fc3e09c.jpg,2,1,0.9098,0.0880,0.9098,0.0006,0.0015
fgvc8_by_class/cedar_apple_rust/feb6950122e852dd.jpg,2,1,0.9593,0.0271,0.9593,0.0002,0.0134
fgvc8_by_class/cedar_apple_rust/922d966d8c9f0c9b.jpg,2,0,0.9659,0.9659,0.0124,0.0151,0.0065
fgvc8_by_class/cedar_apple_rust/eb72c48380bf8b9c.jpg,2,1,0.9896,0.0001,0.9896,0.0103,0.0000
fgvc8_by_class/cedar_apple_rust/e1b1f1f2de1c022e.jpg,2,1,0.6119,0.2341,0.6119,0.1481,0.0058
fgvc8_by_class/cedar_apple_rust/c3a8ce9bb12d2785.jpg,2,1,0.9988,0.0011,0.9988,0.0000,0.0000
fgvc8_by_class/cedar_apple_rust/e5f27342ce1cb9a0.jpg,2,0,0.8534,0.8534,0.0046,0.0002,0.1418
fgvc8_by_class/cedar_apple_rust/888878ec8df5f0f4.jpg,2,1,0.9974,0.0001,0.9974,0.0025,0.0001
fgvc8_by_class/cedar_apple_rust/95ac844d6ac97ab5.jpg,2,1,0.9767,0.0077,0.9767,0.0155,0.0001
fgvc8_by_class/cedar_apple_rust/feb2051b85e00bee.jpg,2,1,0.9961,0.0016,0.9961,0.0023,0.0000
fgvc8_by_class/cedar_apple_rust/a8f260c397b796c2.jpg,2,1,0.9999,0.0000,0.9999,0.0000,0.0000
fgvc8_by_class/cedar_apple_rust/d4a437e742ba8d58.jpg,2,1,0.9999,0.0000,0.9999,0.0000,0.0001
fgvc8_by_class/cedar_apple_rust/e83f715e56462a31.jpg,2,0,0.8459,0.8459,0.0176,0.0055,0.1311
fgvc8_by_class/cedar_apple_rust/c2d3f53a7a28b48c.jpg,2,1,0.9125,0.0781,0.9125,0.0064,0.0031
fgvc8_by_class/cedar_apple_rust/b6f0fa9a90034b6b.jpg,2,1,0.8602,0.1393,0.8602,0.0003,0.0001
fgvc8_by_class/cedar_apple_rust/d09979cf89391acc.jpg,2,1,0.9282,0.0707,0.9282,0.0000,0.0011
fgvc8_by_class/cedar_apple_rust/fe09962c9e4931d5.jpg,2,1,0.9840,0.0024,0.9840,0.0130,0.0006
fgvc8_by_class/cedar_apple_rust/83705953c74517d7.jpg,2,1,0.9909,0.0019,0.9909,0.0069,0.0003
fgvc8_by_class/cedar_apple_rust/e0c88ede1579a03f.jpg,2,1,0.9999,0.0000,0.9999,0.0001,0.0000
fgvc8_by_class/cedar_apple_rust/e88f11b3c3439cad.jpg,2,1,0.9968,0.0029,0.9968,0.0000,0.0003
fgvc8_by_class/cedar_apple_rust/f8fad7136b8a2103.jpg,2,0,0.6071,0.6071,0.3897,0.0000,0.0032
fgvc8_by_class/cedar_apple_rust/a979eae4acb4c498.jpg,2,2,0.6976,0.1886,0.0700,0.6976,0.0439
fgvc8_by_class/cedar_apple_rust/d14360c1903f7beb.jpg,2,1,0.9175,0.0023,0.9175,0.0802,0.0000
fgvc8_by_class/cedar_apple_rust/a41ac6e329f6565a.jpg,2,1,0.9052,0.0122,0.9052,0.0825,0.0001
fgvc8_by_class/cedar_apple_rust/8b3b3fa2f425a194.jpg,2,1,0.9316,0.0026,0.9316,0.0655,0.0003
fgvc8_by_class/cedar_apple_rust/d8b52634c9165de6.jpg,2,0,0.9688,0.9688,0.0278,0.0004,0.0031
fgvc8_by_class/cedar_apple_rust/8db1475933aabcc2.jpg,2,1,0.6935,0.2835,0.6935,0.0219,0.0011
fgvc8_by_class/cedar_apple_rust/d917a469db1b0953.jpg,2,1,0.9981,0.0003,0.9981,0.0016,0.0000
fgvc8_by_class/cedar_apple_rust/8e6e6591da299c47.jpg,2,1,0.9984,0.0002,0.9984,0.0014,0.0000
fgvc8_by_class/cedar_apple_rust/c76a2525d688fab4.jpg,2,1,0.9866,0.0022,0.9866,0.0107,0.0005
fgvc8_by_class/cedar_apple_rust/f5d2bde62d41b204.jpg,2,1,0.9928,0.0021,0.9928,0.0046,0.0004
fgvc8_by_class/cedar_apple_rust/ebf8b6e8e0b84445.jpg,2,0,0.4366,0.4366,0.2279,0.2442,0.0914
fgvc8_by_class/cedar_apple_rust/c88ef30df4f087c4.jpg,2,1,0.9728,0.0257,0.9728,0.0011,0.0005
fgvc8_by_class/cedar_apple_rust/a4383e4e50fdad83.jpg,2,1,0.9945,0.0002,0.9945,0.0029,0.0025
fgvc8_by_class/cedar_apple_rust/eb99c1b18c575436.jpg,2,1,0.9742,0.0154,0.9742,0.0102,0.0002
fgvc8_by_class/cedar_apple_rust/9ef52b2fe0c4944a.jpg,2,1,0.9340,0.0651,0.9340,0.0003,0.0006
fgvc8_by_class/cedar_apple_rust/f2a0c0defe9c30d8.jpg,2,1,0.9949,0.0050,0.9949,0.0000,0.0000
fgvc8_by_class/cedar_apple_rust/a086d4e28a59bf75.jpg,2,1,0.9931,0.0038,0.9931,0.0031,0.0000
fgvc8_by_class/cedar_apple_rust/bd7295320036eafc.jpg,2,1,0.9988,0.0007,0.9988,0.0002,0.0003
fgvc8_by_class/cedar_apple_rust/f643c2641fa8ba95.jpg,2,1,0.6867,0.3095,0.6867,0.0008,0.0030
fgvc8_by_class/cedar_apple_rust/a42787f4291dd971.jpg,2,1,1.0000,0.0000,1.0000,0.0000,0.0000
fgvc8_by_class/cedar_apple_rust/bad6cdcbc493a064.jpg,2,1,0.5111,0.3019,0.5111,0.1862,0.0008
fgvc8_by_class/cedar_apple_rust/f522d62e882c9d75.jpg,2,1,0.8909,0.0420,0.8909,0.0652,0.0020
fgvc8_by_class/cedar_apple_rust/dfa0dad6118e0795.jpg,2,1,0.6354,0.3516,0.6354,0.0082,0.0047
fgvc8_by_class/cedar_apple_rust/b88a17fd98c2a50f.jpg,2,1,0.9499,0.0193,0.9499,0.0298,0.0011
fgvc8_by_class/cedar_apple_rust/e422e6bd35ca311e.jpg,2,1,0.9671,0.0005,0.9671,0.0315,0.0009
fgvc8_by_class/cedar_apple_rust/e48538d736e84e9a.jpg,2,1,0.9926,0.0002,0.9926,0.0071,0.0000
fgvc8_by_class/cedar_apple_rust/eff18c3836c55483.jpg,2,0,0.6977,0.6977,0.2539,0.0091,0.0393
fgvc8_by_class/cedar_apple_rust/8c193aec8b674676.jpg,2,1,0.9997,0.0002,0.9997,0.0001,0.0000
fgvc8_by_class/cedar_apple_rust/f03f86f1d82709cc.jpg,2,1,0.9955,0.0042,0.9955,0.0002,0.0002
fgvc8_by_class/cedar_apple_rust/d43d3a9d2050ff31.jpg,2,0,0.7130,0.7130,0.0341,0.0041,0.2488
fgvc8_by_class/cedar_apple_rust/fdb89c5d842e2c86.jpg,2,1,0.9999,0.0000,0.9999,0.0001,0.0000
fgvc8_by_class/cedar_apple_rust/b573c1c0c3839e8f.jpg,2,1,0.9998,0.0000,0.9998,0.0000,0.0002
fgvc8_by_class/cedar_apple_rust/981865bff104ba6d.jpg,2,0,0.5003,0.5003,0.4641,0.0025,0.0331
fgvc8_by_class/cedar_apple_rust/949c6a6da17577c0.jpg,2,1,0.6014,0.3553,0.6014,0.0108,0.0325
fgvc8_by_class/cedar_apple_rust/f303a1f09d5fc5a0.jpg,2,1,0.9982,0.0011,0.9982,0.0007,0.0000
fgvc8_by_class/cedar_apple_rust/84329a65b5ee78f0.jpg,2,1,0.9840,0.0075,0.9840,0.0061,0.0025
fgvc8_by_class/cedar_apple_rust/99d889c9b3b2c29b.jpg,2,1,0.9880,0.0053,0.9880,0.0067,0.0001
fgvc8_by_class/cedar_apple_rust/a1625a5964af66ad.jpg,2,1,0.8821,0.1154,0.8821,0.0023,0.0002
fgvc8_by_class/cedar_apple_rust/80f16ecf7844c5b5.jpg,2,1,0.9946,0.0005,0.9946,0.0031,0.0018
fgvc8_by_class/cedar_apple_rust/82aa92f365da31f2.jpg,2,1,0.9908,0.0091,0.9908,0.0000,0.0001
fgvc8_by_class/cedar_apple_rust/bd99c88ccce6944b.jpg,2,1,0.7435,0.2081,0.7435,0.0474,0.0011
fgvc8_by_class/cedar_apple_rust/853736e18c5ae879.jpg,2,1,0.9938,0.0057,0.9938,0.0002,0.0002
fgvc8_by_class/cedar_apple_rust/af012a859edf9a29.jpg,2,1,0.9440,0.0512,0.9440,0.0029,0.0019
fgvc8_by_class/cedar_apple_rust/bad0c3be98246e4e.jpg,2,1,0.7560,0.1894,0.7560,0.0428,0.0118
fgvc8_by_class/cedar_apple_rust/e0ad2f2f1cf040f5.jpg,2,0,0.5200,0.5200,0.4286,0.0338,0.0176
fgvc8_by_class/cedar_apple_rust/f0c1b0d5d58b9a1d.jpg,2,0,0.8963,0.8963,0.0069,0.0023,0.0945
fgvc8_by_class/cedar_apple_rust/b281d20a4f376fd2.jpg,2,1,0.9991,0.0006,0.9991,0.0002,0.0000
fgvc8_by_class/cedar_apple_rust/fc3c93c923967303.jpg,2,1,1.0000,0.0000,1.0000,0.0000,0.0000
fgvc8_by_class/cedar_apple_rust/f0d0008a7c5e9bbf.jpg,2,1,0.9635,0.0358,0.9635,0.0001,0.0006
fgvc8_by_class/cedar_apple_rust/83a75e2de0cb984b.jpg,2,1,0.9988,0.0001,0.9988,0.0010,0.0001
fgvc8_by_class/cedar_apple_rust/86d647d50695364f.jpg,2,1,0.9995,0.0000,0.9995,0.0005,0.0000
fgvc8_by_class/cedar_apple_rust/d8e061b74b4c9f68.jpg,2,1,0.5257,0.0544,0.5257,0.4171,0.0028
fgvc8_by_class/cedar_apple_rust/9409f44567703b3f.jpg,2,1,0.6045,0.3842,0.6045,0.0112,0.0001
fgvc8_by_class/cedar_apple_rust/9dce6cac2bf08705.jpg,2,1,0.9998,0.0001,0.9998,0.0002,0.0000
fgvc8_by_class/cedar_apple_rust/aced38792ad287c1.jpg,2,1,0.9978,0.0004,0.9978,0.0018,0.0000
fgvc8_by_class/cedar_apple_rust/c3343716d65a5a66.jpg,2,1,0.9114,0.0740,0.9114,0.0126,0.0019
fgvc8_by_class/cedar_apple_rust/f20aa5a5afa28a97.jpg,2,1,0.6638,0.0002,0.6638,0.3357,0.0003
fgvc8_by_class/cedar_apple_rust/d2aeca9b39356264.jpg,2,1,0.9994,0.0005,0.9994,0.0001,0.0000
fgvc8_by_class/cedar_apple_rust/b28098c79c7969b7.jpg,2,1,0.9950,0.0032,0.9950,0.0018,0.0000
fgvc8_by_class/cedar_apple_rust/eba89d55225344af.jpg,2,1,0.9985,0.0011,0.9985,0.0000,0.0003
fgvc8_by_class/cedar_apple_rust/c5e4c69d861d2733.jpg,2,1,0.9748,0.0017,0.9748,0.0235,0.0000
fgvc8_by_class/cedar_apple_rust/c870074767f6e871.jpg,2,1,0.9587,0.0189,0.9587,0.0196,0.0028
fgvc8_by_class/cedar_apple_rust/81c97ef498cc87c3.jpg,2,1,0.9999,0.0000,0.9999,0.0001,0.0000
fgvc8_by_class/cedar_apple_rust/8fc97529613d34b8.jpg,2,1,0.9992,0.0000,0.9992,0.0007,0.0001
fgvc8_by_class/cedar_apple_rust/bf3e81021c99e2f3.jpg,2,1,0.9989,0.0003,0.9989,0.0007,0.0000
fgvc8_by_class/cedar_apple_rust/aad5ea8d137069c3.jpg,2,1,0.9891,0.0008,0.9891,0.0081,0.0020
fgvc8_by_class/cedar_apple_rust/9eb78a04a15dda1b.jpg,2,1,0.9999,0.0000,0.9999,0.0000,0.0000
fgvc8_by_class/cedar_apple_rust/de3ae0695d704599.jpg,2,1,0.9867,0.0029,0.9867,0.0103,0.0001
fgvc8_by_class/cedar_apple_rust/f0b007765a329f8b.jpg,2,1,0.9682,0.0273,0.9682,0.0036,0.0010
fgvc8_by_class/cedar_apple_rust/ade0c09fb7de8484.jpg,2,1,0.5117,0.4779,0.5117,0.0083,0.0020
fgvc8_by_class/cedar_apple_rust/f91be88d83a024df.jpg,2,1,0.9986,0.0011,0.9986,0.0001,0.0001
fgvc8_by_class/cedar_apple_rust/cda9324eda18ad96.jpg,2,1,0.9996,0.0002,0.9996,0.0003,0.0000
fgvc8_by_class/cedar_apple_rust/b40778dfe02ace32.jpg,2,2,0.7113,0.0330,0.2487,0.7113,0.0071
fgvc8_by_class/cedar_apple_rust/f0c4859dd41adb9a.jpg,2,1,0.6804,0.2834,0.6804,0.0338,0.0024
fgvc8_by_class/cedar_apple_rust/b67f48c0de99682c.jpg,2,1,0.9995,0.0000,0.9995,0.0004,0.0000
fgvc8_by_class/cedar_apple_rust/f0198e5a8aabad2d.jpg,2,1,0.9811,0.0152,0.9811,0.0031,0.0005
fgvc8_by_class/cedar_apple_rust/ff002abf7c0a2365.jpg,2,1,0.7700,0.2263,0.7700,0.0012,0.0025
fgvc8_by_class/cedar_apple_rust/ecb1c412b0fd1dca.jpg,2,1,0.6810,0.0088,0.6810,0.3082,0.0020
fgvc8_by_class/cedar_apple_rust/cccb15a3875c393a.jpg,2,1,0.9942,0.0003,0.9942,0.0054,0.0002
fgvc8_by_class/cedar_apple_rust/a17cd35c5abea882.jpg,2,1,0.9999,0.0001,0.9999,0.0000,0.0000
fgvc8_by_class/cedar_apple_rust/81f5730f2b1c3731.jpg,2,1,0.9995,0.0005,0.9995,0.0000,0.0000
fgvc8_by_class/cedar_apple_rust/de27e42a4465a67c.jpg,2,1,0.8993,0.0874,0.8993,0.0034,0.0099
fgvc8_by_class/cedar_apple_rust/846b97a01ebd0bbc.jpg,2,2,0.8753,0.0943,0.0242,0.8753,0.0062
fgvc8_by_class/cedar_apple_rust/f596d3422b789e18.jpg,2,1,0.9966,0.0033,0.9966,0.0001,0.0000
fgvc8_by_class/cedar_apple_rust/c5bbe5b687158550.jpg,2,1,0.9920,0.0045,0.9920,0.0031,0.0004
fgvc8_by_class/cedar_apple_rust/ed68ecfad8416843.jpg,2,1,0.9996,0.0003,0.9996,0.0001,0.0000
fgvc8_by_class/cedar_apple_rust/f024f8cd356e139a.jpg,2,1,0.9999,0.0000,0.9999,0.0000,0.0000
fgvc8_by_class/cedar_apple_rust/a7541c7a8b8a46f6.jpg,2,1,0.9980,0.0003,0.9980,0.0016,0.0000
fgvc8_by_class/cedar_apple_rust/9462726f63dec438.jpg,2,1,0.9946,0.0049,0.9946,0.0004,0.0000
fgvc8_by_class/cedar_apple_rust/a5b3ca1b409c37ad.jpg,2,0,0.6708,0.6708,0.0098,0.0000,0.3194
fgvc8_by_class/cedar_apple_rust/d4847ec357b02e9a.jpg,2,0,0.6722,0.6722,0.3157,0.0010,0.0112
fgvc8_by_class/cedar_apple_rust/e1ce3f611e5ec430.jpg,2,1,0.9895,0.0103,0.9895,0.0001,0.0001
fgvc8_by_class/cedar_apple_rust/add51530e6e2ee12.jpg,2,1,0.9831,0.0166,0.9831,0.0002,0.0001
fgvc8_by_class/cedar_apple_rust/94ad6bd1f5903616.jpg,2,0,0.5686,0.5686,0.4144,0.0036,0.0135
fgvc8_by_class/cedar_apple_rust/a1c2cbf94c4e0f0f.jpg,2,1,0.9990,0.0007,0.9990,0.0001,0.0002
fgvc8_by_class/cedar_apple_rust/ce0e617c24d3cd2b.jpg,2,1,0.9752,0.0002,0.9752,0.0246,0.0000
fgvc8_by_class/cedar_apple_rust/e90e1acab7e5aa50.jpg,2,1,0.9972,0.0023,0.9972,0.0005,0.0001
fgvc8_by_class/cedar_apple_rust/a887c015cdd79c97.jpg,2,1,0.9983,0.0003,0.9983,0.0014,0.0000
fgvc8_by_class/cedar_apple_rust/cd738fc581329d0b.jpg,2,1,0.9683,0.0167,0.9683,0.0142,0.0008
fgvc8_by_class/cedar_apple_rust/bdd3f444190944bf.jpg,2,1,0.9995,0.0003,0.9995,0.0001,0.0000
fgvc8_by_class/cedar_apple_rust/8fbc33c7895a330c.jpg,2,1,0.9879,0.0114,0.9879,0.0001,0.0006
fgvc8_by_class/cedar_apple_rust/fc010fb0711515ff.jpg,2,1,0.9992,0.0000,0.9992,0.0007,0.0000
fgvc8_by_class/cedar_apple_rust/c8c265728b956f95.jpg,2,1,0.9996,0.0000,0.9996,0.0000,0.0003
fgvc8_by_class/cedar_apple_rust/e308eb9479a5545b.jpg,2,1,0.9975,0.0010,0.9975,0.0012,0.0003
fgvc8_by_class/cedar_apple_rust/b3eed0f84cd2c612.jpg,2,1,1.0000,0.0000,1.0000,0.0000,0.0000
fgvc8_by_class/cedar_apple_rust/fd9e91c4844352bb.jpg,2,1,0.9855,0.0137,0.9855,0.0003,0.0005
fgvc8_by_class/cedar_apple_rust/e22e8a365cd1ea5c.jpg,2,1,0.9541,0.0451,0.9541,0.0003,0.0005
fgvc8_by_class/cedar_apple_rust/aa13cee31c671dd0.jpg,2,0,0.4580,0.4580,0.3933,0.0382,0.1105
fgvc8_by_class/cedar_apple_rust/bf31e48d99690d68.jpg,2,1,0.9943,0.0005,0.9943,0.0049,0.0003
fgvc8_by_class/cedar_apple_rust/9ace4c2f12e9845f.jpg,2,1,0.8604,0.1220,0.8604,0.0087,0.0090
fgvc8_by_class/cedar_apple_rust/fd8b069cd267e680.jpg,2,1,0.9999,0.0000,0.9999,0.0001,0.0000
fgvc8_by_class/cedar_apple_rust/e5c69f1ba0a415b6.jpg,2,1,0.8767,0.0147,0.8767,0.1075,0.0011
fgvc8_by_class/cedar_apple_rust/b8fae3be894a010f.jpg,2,0,0.9367,0.9367,0.0587,0.0021,0.0025
fgvc8_by_class/cedar_apple_rust/c95f80dded04be24.jpg,2,1,0.7829,0.0532,0.7829,0.0001,0.1638
fgvc8_by_class/cedar_apple_rust/c0e0b0b83c7c1edf.jpg,2,1,0.9989,0.0001,0.9989,0.0010,0.0000
fgvc8_by_class/cedar_apple_rust/a54283eb3f3090f7.jpg,2,1,0.8851,0.1132,0.8851,0.0015,0.0003
fgvc8_by_class/cedar_apple_rust/f8e19725887e5856.jpg,2,1,0.9057,0.0430,0.9057,0.0494,0.0019
fgvc8_by_class/cedar_apple_rust/a5a50c2566fa19db.jpg,2,0,0.5869,0.5869,0.3940,0.0001,0.0190
fgvc8_by_class/cedar_apple_rust/e5daa550d94a46dc.jpg,2,1,0.9875,0.0117,0.9875,0.0007,0.0001
fgvc8_by_class/cedar_apple_rust/d70f6330fb5a090d.jpg,2,1,1.0000,0.0000,1.0000,0.0000,0.0000
fgvc8_by_class/cedar_apple_rust/849a8d127bfaeb21.jpg,2,1,0.9869,0.0039,0.9869,0.0002,0.0089
fgvc8_by_class/cedar_apple_rust/f924cbe1ce09e925.jpg,2,1,0.9999,0.0001,0.9999,0.0000,0.0000
fgvc8_by_class/cedar_apple_rust/ebb4c46b484a8f95.jpg,2,1,0.9657,0.0340,0.9657,0.0000,0.0004
fgvc8_by_class/cedar_apple_rust/885e1bc6a3674eb1.jpg,2,1,0.9996,0.0001,0.9996,0.0003,0.0000
fgvc8_by_class/cedar_apple_rust/d2d5f0873f313903.jpg,2,1,0.9645,0.0044,0.9645,0.0309,0.0002
fgvc8_by_class/cedar_apple_rust/cdf892b5b4865859.jpg,2,1,0.8826,0.0842,0.8826,0.0086,0.0246
fgvc8_by_class/cedar_apple_rust/cf60c076bd43ace8.jpg,2,2,0.7181,0.0359,0.2434,0.7181,0.0026
fgvc8_by_class/cedar_apple_rust/dc4edc25c882e55b.jpg,2,1,0.9767,0.0148,0.9767,0.0079,0.0006
fgvc8_by_class/cedar_apple_rust/c0b175c783bb6f08.jpg,2,1,0.9837,0.0160,0.9837,0.0001,0.0002
fgvc8_by_class/cedar_apple_rust/bd9873e3c9c69490.jpg,2,1,0.9999,0.0000,0.9999,0.0000,0.0000
fgvc8_by_class/cedar_apple_rust/951c6b68c0d1b5ed.jpg,2,1,0.6533,0.1169,0.6533,0.2064,0.0234
fgvc8_by_class/cedar_apple_rust/ff80007f94bf9c50.jpg,2,1,0.9720,0.0003,0.9720,0.0277,0.0000
fgvc8_by_class/cedar_apple_rust/c09ff891e781fa22.jpg,2,1,0.5692,0.3285,0.5692,0.0840,0.0183
fgvc8_by_class/cedar_apple_rust/d2de94932c73c784.jpg,2,1,0.9960,0.0037,0.9960,0.0002,0.0001
fgvc8_by_class/cedar_apple_rust/a03fcf005a91fab9.jpg,2,1,0.9970,0.0029,0.9970,0.0001,0.0000
fgvc8_by_class/cedar_apple_rust/adf991c9db48908b.jpg,2,1,0.8034,0.1931,0.8034,0.0011,0.0025
fgvc8_by_class/cedar_apple_rust/c6790670cee23d87.jpg,2,0,0.9615,0.9615,0.0301,0.0006,0.0078
fgvc8_by_class/cedar_apple_rust/e88f81cf96263f30.jpg,2,1,0.9992,0.0006,0.9992,0.0002,0.0001
fgvc8_by_class/cedar_apple_rust/d9b68812b42d6f4e.jpg,2,0,0.9651,0.9651,0.0207,0.0000,0.0141
fgvc8_by_class/cedar_apple_rust/b713d2f38525ac98.jpg,2,0,0.7126,0.7126,0.1488,0.0008,0.1377
fgvc8_by_class/cedar_apple_rust/ff910611cff94303.jpg,2,0,0.8576,0.8576,0.1095,0.0023,0.0306
fgvc8_by_class/cedar_apple_rust/94e354f5c063bb2c.jpg,2,1,0.9920,0.0006,0.9920,0.0073,0.0000
fgvc8_by_class/cedar_apple_rust/d93778212d07e58b.jpg,2,1,0.9927,0.0018,0.9927,0.0041,0.0013
fgvc8_by_class/cedar_apple_rust/adecc8c68c55d855.jpg,2,1,0.9997,0.0003,0.9997,0.0000,0.0000
fgvc8_by_class/cedar_apple_rust/a23b8f1e6ea19545.jpg,2,1,0.9957,0.0015,0.9957,0.0024,0.0004
fgvc8_by_class/cedar_apple_rust/d21abf964a8d3478.jpg,2,1,0.9815,0.0176,0.9815,0.0001,0.0008
fgvc8_by_class/cedar_apple_rust/e16aa11f2ef83a54.jpg,2,1,0.9996,0.0002,0.9996,0.0000,0.0002
fgvc8_by_class/cedar_apple_rust/b91b3191e2654ee6.jpg,2,2,0.9268,0.0093,0.0634,0.9268,0.0004
fgvc8_by_class/cedar_apple_rust/bd8ac9ca616dc4b4.jpg,2,1,0.9040,0.0893,0.9040,0.0006,0.0061
fgvc8_by_class/cedar_apple_rust/9c8e3773c3901b65.jpg,2,1,0.9931,0.0027,0.9931,0.0042,0.0000
fgvc8_by_class/cedar_apple_rust/92b02f6978bca92d.jpg,2,0,0.7922,0.7922,0.1470,0.0598,0.0010
fgvc8_by_class/cedar_apple_rust/b9dd8aa81d2c3437.jpg,2,1,0.7813,0.0048,0.7813,0.2134,0.0005
fgvc8_by_class/cedar_apple_rust/8cb1e532ae7ef108.jpg,2,1,0.9982,0.0016,0.9982,0.0002,0.0000
fgvc8_by_class/cedar_apple_rust/a9ed31c398d94b0d.jpg,2,2,0.7719,0.2114,0.0076,0.7719,0.0090
fgvc8_by_class/cedar_apple_rust/b76dc38da481b4a5.jpg,2,1,0.9890,0.0051,0.9890,0.0038,0.0021
fgvc8_by_class/cedar_apple_rust/ef5ca3afd4c74080.jpg,2,1,0.9994,0.0001,0.9994,0.0003,0.0003
fgvc8_by_class/cedar_apple_rust/abb6922c108f978f.jpg,2,1,0.8282,0.1696,0.8282,0.0020,0.0002
fgvc8_by_class/cedar_apple_rust/8ea7b9cc8bd2d809.jpg,2,1,0.9957,0.0001,0.9957,0.0042,0.0000
fgvc8_by_class/cedar_apple_rust/bdf6c0c0d827e61a.jpg,2,1,0.9989,0.0004,0.9989,0.0006,0.0001
fgvc8_by_class/cedar_apple_rust/a63378963f44a2a7.jpg,2,1,0.9995,0.0004,0.9995,0.0001,0.0000
fgvc8_by_class/cedar_apple_rust/873407b3fe462935.jpg,2,2,0.8582,0.0495,0.0864,0.8582,0.0059
fgvc8_by_class/cedar_apple_rust/ff76e0956021fa50.jpg,2,1,0.9801,0.0053,0.9801,0.0140,0.0007
fgvc8_by_class/cedar_apple_rust/c93b29566a5394d6.jpg,2,1,0.9477,0.0464,0.9477,0.0018,0.0041
fgvc8_by_class/cedar_apple_rust/bd878b964b8455f0.jpg,2,1,0.9694,0.0262,0.9694,0.0001,0.0043
fgvc8_by_class/cedar_apple_rust/ca00eb62b81fd8af.jpg,2,1,0.9984,0.0012,0.9984,0.0004,0.0000
fgvc8_by_class/cedar_apple_rust/830f26cc6d3cd13e.jpg,2,1,0.9994,0.0000,0.9994,0.0005,0.0000
fgvc8_by_class/cedar_apple_rust/a2da383b31c99e65.jpg,2,1,0.9667,0.0153,0.9667,0.0177,0.0003
fgvc8_by_class/cedar_apple_rust/da1e486ec62c969d.jpg,2,1,0.9977,0.0000,0.9977,0.0023,0.0000
fgvc8_by_class/cedar_apple_rust/9c309a8b35313abf.jpg,2,1,0.6746,0.2941,0.6746,0.0265,0.0049
fgvc8_by_class/cedar_apple_rust/9996528d99714fa5.jpg,2,1,0.9721,0.0149,0.9721,0.0129,0.0001
fgvc8_by_class/cedar_apple_rust/a5eaf4b51ed03d80.jpg,2,1,0.9998,0.0001,0.9998,0.0000,0.0001
fgvc8_by_class/cedar_apple_rust/cf80bff4c60d047c.jpg,2,1,0.8267,0.1285,0.8267,0.0363,0.0085
fgvc8_by_class/cedar_apple_rust/f0663128859b6f3e.jpg,2,1,0.7432,0.2195,0.7432,0.0275,0.0098
fgvc8_by_class/cedar_apple_rust/a14ec61a136f3bd4.jpg,2,1,0.9828,0.0119,0.9828,0.0053,0.0000
fgvc8_by_class/cedar_apple_rust/81cd969c7d0944fb.jpg,2,0,0.7834,0.7834,0.2020,0.0008,0.0138
fgvc8_by_class/cedar_apple_rust/e8a452dee2714ce6.jpg,2,1,0.5271,0.4277,0.5271,0.0327,0.0125
fgvc8_by_class/cedar_apple_rust/f4114b0efb7b84a4.jpg,2,1,0.9757,0.0048,0.9757,0.0006,0.0188
fgvc8_by_class/cedar_apple_rust/b00ff8c27b6c239a.jpg,2,1,0.9623,0.0047,0.9623,0.0329,0.0001
fgvc8_by_class/cedar_apple_rust/fe0f869d74c89864.jpg,2,1,0.9928,0.0008,0.9928,0.0063,0.0001
fgvc8_by_class/cedar_apple_rust/e36acc9aa3c21b96.jpg,2,1,0.9995,0.0002,0.9995,0.0003,0.0000
fgvc8_by_class/cedar_apple_rust/86ba2995cd745965.jpg,2,0,0.9859,0.9859,0.0109,0.0001,0.0031
fgvc8_by_class/cedar_apple_rust/953ab2332aa57ca6.jpg,2,1,0.9554,0.0418,0.9554,0.0021,0.0007
fgvc8_by_class/cedar_apple_rust/b712b81e5fca08cd.jpg,2,1,0.9904,0.0000,0.9904,0.0082,0.0013
fgvc8_by_class/cedar_apple_rust/b4e9c485361b59b5.jpg,2,1,0.8448,0.1513,0.8448,0.0018,0.0020
fgvc8_by_class/cedar_apple_rust/a815cbb7ab8baa28.jpg,2,1,0.9992,0.0007,0.9992,0.0001,0.0001
fgvc8_by_class/cedar_apple_rust/eb57e03f903587a0.jpg,2,0,0.9933,0.9933,0.0008,0.0000,0.0058
fgvc8_by_class/cedar_apple_rust/90d6618fd626f712.jpg,2,1,1.0000,0.0000,1.0000,0.0000,0.0000
fgvc8_by_class/cedar_apple_rust/f2c798246a0a9bdd.jpg,2,0,0.9571,0.9571,0.0133,0.0253,0.0043
fgvc8_by_class/cedar_apple_rust/fd1ad278b64a34c8.jpg,2,0,0.7947,0.7947,0.0345,0.1627,0.0082
fgvc8_by_class/cedar_apple_rust/fbbbb86b18831a50.jpg,2,0,0.6867,0.6867,0.0340,0.2581,0.0212
fgvc8_by_class/cedar_apple_rust/b0d5c71f51c17a8a.jpg,2,1,0.9959,0.0038,0.9959,0.0001,0.0002
fgvc8_by_class/cedar_apple_rust/bd6ac98d3dc93205.jpg,2,1,0.7181,0.0081,0.7181,0.2731,0.0008
fgvc8_by_class/cedar_apple_rust/98a3131f632d637a.jpg,2,0,0.6508,0.6508,0.3383,0.0020,0.0089
fgvc8_by_class/cedar_apple_rust/8dfd544a4a4b6d94.jpg,2,1,0.9948,0.0001,0.9948,0.0052,0.0000
fgvc8_by_class/cedar_apple_rust/c8fc799d502b83d2.jpg,2,0,0.9563,0.9563,0.0036,0.0392,0.0009
fgvc8_by_class/cedar_apple_rust/b7cdc393c29cd218.jpg,2,0,0.8189,0.8189,0.1788,0.0005,0.0017
fgvc8_by_class/cedar_apple_rust/90bb8dcc6f0c58b9.jpg,2,1,0.9986,0.0002,0.9986,0.0005,0.0007
fgvc8_by_class/cedar_apple_rust/b64a9e69e9744d90.jpg,2,3,0.8354,0.1518,0.0127,0.0000,0.8354
fgvc8_by_class/cedar_apple_rust/9168f95b89cc16e6.jpg,2,1,0.8983,0.0994,0.8983,0.0021,0.0002
fgvc8_by_class/cedar_apple_rust/a9e0d38b1cacf4c9.jpg,2,1,0.9969,0.0005,0.9969,0.0022,0.0005
fgvc8_by_class/cedar_apple_rust/efa7c6930e18344d.jpg,2,1,0.9902,0.0016,0.9902,0.0068,0.0015
fgvc8_by_class/cedar_apple_rust/8fc7d83ce185c235.jpg,2,1,0.9846,0.0030,0.9846,0.0117,0.0007
fgvc8_by_class/cedar_apple_rust/e94663ad9c2ee530.jpg,2,1,0.9977,0.0022,0.9977,0.0001,0.0000
fgvc8_by_class/cedar_apple_rust/a1749502de2faa9e.jpg,2,1,0.9955,0.0000,0.9955,0.0044,0.0001
fgvc8_by_class/cedar_apple_rust/90988d2f3ef8f063.jpg,2,1,0.9999,0.0000,0.9999,0.0000,0.0000
fgvc8_by_class/cedar_apple_rust/f50a6d96487aeb81.jpg,2,1,0.9972,0.0021,0.9972,0.0005,0.0002
fgvc8_by_class/cedar_apple_rust/fd7af066068d9c30.jpg,2,1,0.9831,0.0003,0.9831,0.0050,0.0116
fgvc8_by_class/cedar_apple_rust/e2760b9a8e1cc6e9.jpg,2,1,0.9996,0.0000,0.9996,0.0004,0.0000
fgvc8_by_class/cedar_apple_rust/fe62e23f02180bbe.jpg,2,1,0.9955,0.0010,0.9955,0.0032,0.0003
fgvc8_by_class/cedar_apple_rust/fd7cd268d2091d26.jpg,2,0,0.9739,0.9739,0.0156,0.0096,0.0009
fgvc8_by_class/cedar_apple_rust/a239d6d15e81f345.jpg,2,1,0.9305,0.0033,0.9305,0.0215,0.0447
fgvc8_by_class/cedar_apple_rust/839d6e94c94d3659.jpg,2,1,0.7345,0.2533,0.7345,0.0018,0.0104
fgvc8_by_class/cedar_apple_rust/e57254a1dae6d0ca.jpg,2,1,1.0000,0.0000,1.0000,0.0000,0.0000
fgvc8_by_class/cedar_apple_rust/e26b5e8127d74316.jpg,2,1,0.9746,0.0043,0.9746,0.0211,0.0000
fgvc8_by_class/cedar_apple_rust/bf94d4ab3466c294.jpg,2,1,0.9099,0.0039,0.9099,0.0861,0.0001
fgvc8_by_class/cedar_apple_rust/98322eab16bef2c1.jpg,2,1,0.9980,0.0006,0.9980,0.0013,0.0001
fgvc8_by_class/cedar_apple_rust/955f62896264dbb2.jpg,2,1,0.8757,0.0092,0.8757,0.1151,0.0000
fgvc8_by_class/cedar_apple_rust/eaf8dc8d013c2d2d.jpg,2,1,0.9974,0.0025,0.9974,0.0000,0.0000
fgvc8_by_class/cedar_apple_rust/bfbd3ed18009c09b.jpg,2,1,0.9759,0.0131,0.9759,0.0109,0.0000
fgvc8_by_class/cedar_apple_rust/ae834fd220cc0d7f.jpg,2,1,0.9824,0.0000,0.9824,0.0176,0.0001
fgvc8_by_class/cedar_apple_rust/84c93d0fd4bdab30.jpg,2,0,0.4359,0.4359,0.3306,0.2029,0.0306
fgvc8_by_class/cedar_apple_rust/ca34297a60ee7ed0.jpg,2,0,0.6019,0.6019,0.0003,0.3971,0.0008
fgvc8_by_class/cedar_apple_rust/e937984a326b72b2.jpg,2,1,0.9475,0.0465,0.9475,0.0019,0.0041
fgvc8_by_class/cedar_apple_rust/c51b70f7a3c00e3d.jpg,2,1,0.9279,0.0008,0.9279,0.0713,0.0000
fgvc8_by_class/cedar_apple_rust/ed35824a89e7974c.jpg,2,1,0.9814,0.0173,0.9814,0.0001,0.0013
fgvc8_by_class/cedar_apple_rust/f7b0c3983e1e3918.jpg,2,1,0.9993,0.0005,0.9993,0.0000,0.0001
fgvc8_by_class/cedar_apple_rust/8b7ef0421e19ae5a.jpg,2,0,0.9821,0.9821,0.0064,0.0002,0.0114
fgvc8_by_class/cedar_apple_rust/91d0d190ffb486b3.jpg,2,1,0.9760,0.0211,0.9760,0.0007,0.0022
fgvc8_by_class/cedar_apple_rust/9bcc7f0a8298c5da.jpg,2,1,0.9986,0.0004,0.9986,0.0009,0.0001
fgvc8_by_class/cedar_apple_rust/eaa5c70a97f4a42a.jpg,2,1,0.9151,0.0813,0.9151,0.0032,0.0005
fgvc8_by_class/cedar_apple_rust/e8f583a51cdeb118.jpg,2,1,0.9916,0.0010,0.9916,0.0068,0.0007
fgvc8_by_class/cedar_apple_rust/cff880c358c2fb38.jpg,2,1,0.9957,0.0002,0.9957,0.0041,0.0001
fgvc8_by_class/cedar_apple_rust/ca279f60df887289.jpg,2,1,0.5099,0.4121,0.5099,0.0459,0.0321
fgvc8_by_class/cedar_apple_rust/c64c69f0bb8b146b.jpg,2,1,0.9904,0.0045,0.9904,0.0040,0.0011
fgvc8_by_class/cedar_apple_rust/8bd36ac5d1306cce.jpg,2,1,0.9623,0.0095,0.9623,0.0280,0.0002
fgvc8_by_class/cedar_apple_rust/c0d2c496bb3c732d.jpg,2,1,0.9910,0.0086,0.9910,0.0002,0.0002
fgvc8_by_class/cedar_apple_rust/f3f2170b035f42e2.jpg,2,1,0.9903,0.0089,0.9903,0.0007,0.0001
fgvc8_by_class/cedar_apple_rust/e5e01592f030eebb.jpg,2,1,0.9878,0.0009,0.9878,0.0112,0.0001
fgvc8_by_class/cedar_apple_rust/e8f98d8e900fb90b.jpg,2,1,0.9996,0.0002,0.9996,0.0001,0.0000
fgvc8_by_class/cedar_apple_rust/e0db6703687fc928.jpg,2,1,0.9993,0.0000,0.9993,0.0007,0.0000
fgvc8_by_class/cedar_apple_rust/a58597879f5f3030.jpg,2,1,0.8551,0.1437,0.8551,0.0005,0.0007
fgvc8_by_class/cedar_apple_rust/baf3938b42f8c08d.jpg,2,1,0.9990,0.0009,0.9990,0.0000,0.0000
fgvc8_by_class/cedar_apple_rust/fa7990b5b842c752.jpg,2,1,0.9971,0.0013,0.9971,0.0012,0.0005
fgvc8_by_class/cedar_apple_rust/e05cc0eacf5a8e78.jpg,2,1,0.9485,0.0408,0.9485,0.0086,0.0021
fgvc8_by_class/cedar_apple_rust/eed362e199b300da.jpg,2,1,0.9994,0.0002,0.9994,0.0004,0.0000
fgvc8_by_class/cedar_apple_rust/d4b02e7b27151759.jpg,2,1,0.6073,0.3905,0.6073,0.0018,0.0004
fgvc8_by_class/cedar_apple_rust/9ee390fd18622795.jpg,2,1,0.9959,0.0038,0.9959,0.0001,0.0002
fgvc8_by_class/cedar_apple_rust/b398686736974a0f.jpg,2,1,0.9981,0.0017,0.9981,0.0001,0.0002
fgvc8_by_class/cedar_apple_rust/f5a5c3541d282d3d.jpg,2,1,0.9948,0.0051,0.9948,0.0000,0.0001
fgvc8_by_class/cedar_apple_rust/eb8c56d0ca9c1c7a.jpg,2,2,0.9916,0.0018,0.0064,0.9916,0.0002
fgvc8_by_class/cedar_apple_rust/b4fc6a662c2617a5.jpg,2,1,0.8369,0.0654,0.8369,0.0731,0.0246
fgvc8_by_class/cedar_apple_rust/c11b6b5b9ec8632c.jpg,2,1,0.9043,0.0315,0.9043,0.0638,0.0005
fgvc8_by_class/cedar_apple_rust/92bab269d20f43b6.jpg,2,1,0.9786,0.0180,0.9786,0.0028,0.0006
fgvc8_by_class/cedar_apple_rust/81b3556b9595ab4c.jpg,2,0,0.8156,0.8156,0.1497,0.0031,0.0316
fgvc8_by_class/cedar_apple_rust/feb4d6d60a08272d.jpg,2,1,0.6706,0.0113,0.6706,0.3174,0.0007
fgvc8_by_class/cedar_apple_rust/e7c33238184177de.jpg,2,1,0.9789,0.0203,0.9789,0.0006,0.0002
fgvc8_by_class/cedar_apple_rust/90b97a0e1d3e60fa.jpg,2,1,0.9775,0.0148,0.9775,0.0073,0.0003
fgvc8_by_class/cedar_apple_rust/862f7a396a41cf92.jpg,2,1,0.9927,0.0000,0.9927,0.0073,0.0000
fgvc8_by_class/cedar_apple_rust/f80c87b04acbecce.jpg,2,0,0.8548,0.8548,0.0134,0.0000,0.1319
fgvc8_by_class/cedar_apple_rust/f3f6071c28614d6d.jpg,2,1,0.9998,0.0000,0.9998,0.0001,0.0000
fgvc8_by_class/cedar_apple_rust/f65c3b8d5e232829.jpg,2,1,0.9985,0.0004,0.9985,0.0011,0.0000
fgvc8_by_class/cedar_apple_rust/8219aa662e8fd59d.jpg,2,1,0.9925,0.0033,0.9925,0.0040,0.0002
fgvc8_by_class/cedar_apple_rust/a8d4351a75f7c20b.jpg,2,1,0.5607,0.3846,0.5607,0.0510,0.0036
fgvc8_by_class/cedar_apple_rust/d17b9166229d33b1.jpg,2,1,0.9988,0.0008,0.9988,0.0003,0.0001
fgvc8_by_class/cedar_apple_rust/a8b16d891536e5dc.jpg,2,1,0.9946,0.0028,0.9946,0.0022,0.0004
fgvc8_by_class/cedar_apple_rust/9d7238c8a50b4ef5.jpg,2,0,0.4985,0.4985,0.4129,0.0418,0.0468
fgvc8_by_class/cedar_apple_rust/f56af18303f34e81.jpg,2,3,0.8306,0.1073,0.0620,0.0001,0.8306
fgvc8_by_class/cedar_apple_rust/a920cdb61f60e66b.jpg,2,1,0.9320,0.0171,0.9320,0.0015,0.0495
fgvc8_by_class/cedar_apple_rust/c0e6e21b32cde8f4.jpg,2,1,0.9883,0.0040,0.9883,0.0076,0.0001
fgvc8_by_class/cedar_apple_rust/b516256a686f4aab.jpg,2,1,0.9164,0.0116,0.9164,0.0717,0.0002
fgvc8_by_class/cedar_apple_rust/af5e95807a7f2a80.jpg,2,1,0.9980,0.0018,0.9980,0.0000,0.0002
fgvc8_by_class/cedar_apple_rust/91cd70f93719843e.jpg,2,1,0.9933,0.0027,0.9933,0.0038,0.0002
fgvc8_by_class/cedar_apple_rust/ffb93afc2a5e0200.jpg,2,1,0.6428,0.3441,0.6428,0.0117,0.0014
fgvc8_by_class/cedar_apple_rust/87c816312c876ff5.jpg,2,1,0.8610,0.0219,0.8610,0.1169,0.0002
fgvc8_by_class/cedar_apple_rust/ad5a31a3fa04dae4.jpg,2,0,0.9596,0.9596,0.0277,0.0110,0.0016
fgvc8_by_class/cedar_apple_rust/b3fe0390d50bc4c7.jpg,2,0,0.7358,0.7358,0.0829,0.0000,0.1814
fgvc8_by_class/cedar_apple_rust/dcdf3c3166d22524.jpg,2,1,0.9995,0.0001,0.9995,0.0003,0.0001
fgvc8_by_class/cedar_apple_rust/fa5e7484806a9fc5.jpg,2,1,0.6527,0.0132,0.6527,0.3282,0.0059
fgvc8_by_class/cedar_apple_rust/a2950ffaa850afaa.jpg,2,1,0.9992,0.0006,0.9992,0.0000,0.0001
fgvc8_by_class/cedar_apple_rust/cfac66c5346638d1.jpg,2,1,0.9904,0.0007,0.9904,0.0002,0.0086
fgvc8_by_class/cedar_apple_rust/f15a8c9a3aa5526d.jpg,2,1,0.9425,0.0559,0.9425,0.0010,0.0006
fgvc8_by_class/cedar_apple_rust/d3945c098edc9dd1.jpg,2,0,0.7816,0.7816,0.1040,0.0058,0.1085
fgvc8_by_class/cedar_apple_rust/b42559ba33a0c5de.jpg,2,1,0.9994,0.0006,0.9994,0.0000,0.0000
fgvc8_by_class/cedar_apple_rust/c326e748de83971a.jpg,2,1,0.9890,0.0013,0.9890,0.0097,0.0000
fgvc8_by_class/cedar_apple_rust/b462d6a54f13a4b5.jpg,2,1,0.9931,0.0068,0.9931,0.0000,0.0001
fgvc8_by_class/cedar_apple_rust/b71d2ed1226a2d53.jpg,2,1,0.9902,0.0090,0.9902,0.0001,0.0008
fgvc8_by_class/cedar_apple_rust/932e5c69e6074fc4.jpg,2,1,1.0000,0.0000,1.0000,0.0000,0.0000
fgvc8_by_class/cedar_apple_rust/b76dd74acc1084ce.jpg,2,1,0.9996,0.0003,0.9996,0.0000,0.0001
fgvc8_by_class/cedar_apple_rust/97ae1a31133769cc.jpg,2,1,0.9991,0.0002,0.9991,0.0006,0.0001
fgvc8_by_class/cedar_apple_rust/9325f52a34abd05e.jpg,2,0,0.9117,0.9117,0.0850,0.0001,0.0033
fgvc8_by_class/cedar_apple_rust/bd9a85bac028c6fa.jpg,2,1,0.8909,0.1052,0.8909,0.0000,0.0039
fgvc8_by_class/cedar_apple_rust/966b1441eb5897b6.jpg,2,0,0.8268,0.8268,0.1225,0.0011,0.0495
fgvc8_by_class/cedar_apple_rust/a937a4fa4b6849d2.jpg,2,1,0.7679,0.0241,0.7679,0.2065,0.0016
fgvc8_by_class/cedar_apple_rust/acd092328f4e5db3.jpg,2,1,0.9920,0.0080,0.9920,0.0000,0.0000
fgvc8_by_class/cedar_apple_rust/88d5cc6b672d3394.jpg,2,1,0.8412,0.1514,0.8412,0.0070,0.0003
fgvc8_by_class/cedar_apple_rust/ada5969615809efa.jpg,2,1,0.9685,0.0203,0.9685,0.0111,0.0001
fgvc8_by_class/cedar_apple_rust/e7ecc583d571d202.jpg,2,0,0.9878,0.9878,0.0088,0.0030,0.0003
fgvc8_by_class/cedar_apple_rust/9fc9fa18563189e1.jpg,2,1,0.9958,0.0033,0.9958,0.0006,0.0003
fgvc8_by_class/cedar_apple_rust/c74c363ccd9f2514.jpg,2,0,0.7792,0.7792,0.1806,0.0042,0.0360
fgvc8_by_class/cedar_apple_rust/9924d1727fd32c86.jpg,2,0,0.9833,0.9833,0.0022,0.0043,0.0102
fgvc8_by_class/cedar_apple_rust/d94b212dabe9af80.jpg,2,0,0.9862,0.9862,0.0040,0.0001,0.0097
fgvc8_by_class/cedar_apple_rust/e5d5e90925ae05e9.jpg,2,0,0.9271,0.9271,0.0676,0.0014,0.0039
fgvc8_by_class/cedar_apple_rust/acd0254acb9679a7.jpg,2,1,0.9997,0.0002,0.9997,0.0001,0.0001
fgvc8_by_class/cedar_apple_rust/88217ddaba74dac8.jpg,2,1,0.7999,0.0498,0.7999,0.1499,0.0005
fgvc8_by_class/cedar_apple_rust/8abc65c20f33e4da.jpg,2,1,0.9971,0.0000,0.9971,0.0028,0.0000
fgvc8_by_class/cedar_apple_rust/d783907d695c7548.jpg,2,1,0.5562,0.4244,0.5562,0.0049,0.0145
fgvc8_by_class/cedar_apple_rust/f1f4d431b8e8ce11.jpg,2,1,0.9990,0.0005,0.9990,0.0005,0.0000
fgvc8_by_class/cedar_apple_rust/d7ec32d72c84dc18.jpg,2,1,0.4401,0.3016,0.4401,0.2575,0.0008
fgvc8_by_class/cedar_apple_rust/d89c9cda9274322f.jpg,2,0,0.6464,0.6464,0.2119,0.1330,0.0087
fgvc8_by_class/cedar_apple_rust/f5cb84ba2a746b84.jpg,2,1,0.9925,0.0073,0.9925,0.0001,0.0001
fgvc8_by_class/cedar_apple_rust/dba976f439624125.jpg,2,1,0.9268,0.0695,0.9268,0.0003,0.0034
fgvc8_by_class/cedar_apple_rust/b4b4c849751fcb0b.jpg,2,0,0.8697,0.8697,0.1193,0.0047,0.0063
fgvc8_by_class/cedar_apple_rust/ec2dc69457b284da.jpg,2,1,0.9527,0.0468,0.9527,0.0001,0.0004
fgvc8_by_class/cedar_apple_rust/fa5e87569e989890.jpg,2,1,0.9904,0.0000,0.9904,0.0096,0.0000
fgvc8_by_class/cedar_apple_rust/afbc97909cc3581c.jpg,2,1,0.9822,0.0147,0.9822,0.0002,0.0028
fgvc8_by_class/cedar_apple_rust/b0e1870fbe96668a.jpg,2,1,0.9655,0.0344,0.9655,0.0001,0.0000
fgvc8_by_class/cedar_apple_rust/e5b54e2f18655598.jpg,2,0,0.6403,0.6403,0.0794,0.2797,0.0006
fgvc8_by_class/cedar_apple_rust/f2b4979c49cb7c01.jpg,2,1,0.5799,0.4185,0.5799,0.0008,0.0007
fgvc8_by_class/cedar_apple_rust/e50d1e683aab90dd.jpg,2,1,0.7853,0.0012,0.7853,0.0001,0.2134
fgvc8_by_class/cedar_apple_rust/c07f6dd8974b52c0.jpg,2,1,0.9690,0.0003,0.9690,0.0308,0.0000
fgvc8_by_class/cedar_apple_rust/9d986012da6c95fb.jpg,2,1,0.9954,0.0021,0.9954,0.0022,0.0003
fgvc8_by_class/cedar_apple_rust/c53252d80af82ff5.jpg,2,1,0.8920,0.0954,0.8920,0.0094,0.0032
fgvc8_by_class/cedar_apple_rust/a0a99ce57b4e616c.jpg,2,1,0.9946,0.0053,0.9946,0.0000,0.0001
fgvc8_by_class/cedar_apple_rust/f4c00e3edcca3a39.jpg,2,1,0.9999,0.0000,0.9999,0.0001,0.0000
fgvc8_by_class/cedar_apple_rust/94e2530ba5b2f4b6.jpg,2,1,0.9098,0.0673,0.9098,0.0213,0.0016
fgvc8_by_class/cedar_apple_rust/8b534adf4c8a3c35.jpg,2,1,1.0000,0.0000,1.0000,0.0000,0.0000
fgvc8_by_class/cedar_apple_rust/f5d6cbd3494c3019.jpg,2,1,0.9948,0.0040,0.9948,0.0010,0.0002
fgvc8_by_class/cedar_apple_rust/b5c68a156b48e2ed.jpg,2,0,0.5413,0.5413,0.4324,0.0001,0.0262
fgvc8_by_class/cedar_apple_rust/d2972b4bc332d22d.jpg,2,1,0.7772,0.0500,0.7772,0.1726,0.0002
fgvc8_by_class/cedar_apple_rust/ddb4bca0c9be6824.jpg,2,1,0.9527,0.0453,0.9527,0.0011,0.0009
fgvc8_by_class/cedar_apple_rust/c9f437e4f9c96808.jpg,2,1,0.9980,0.0014,0.9980,0.0001,0.0005
fgvc8_by_class/cedar_apple_rust/ad16c91be15586e9.jpg,2,1,0.8841,0.0227,0.8841,0.0927,0.0005
fgvc8_by_class/cedar_apple_rust/aa65e0a58e8e17ce.jpg,2,1,0.8362,0.1087,0.8362,0.0003,0.0547
fgvc8_by_class/cedar_apple_rust/d61236da9659d538.jpg,2,1,0.7721,0.2094,0.7721,0.0175,0.0010
fgvc8_by_class/cedar_apple_rust/eba3c12f62d41c33.jpg,2,1,0.9971,0.0018,0.9971,0.0009,0.0002
fgvc8_by_class/cedar_apple_rust/b8a0078b6c67b1d7.jpg,2,1,0.9864,0.0131,0.9864,0.0001,0.0004
fgvc8_by_class/cedar_apple_rust/c707995e62ccce70.jpg,2,1,0.9995,0.0004,0.9995,0.0000,0.0000
fgvc8_by_class/cedar_apple_rust/f844039df3cc6794.jpg,2,1,0.9997,0.0003,0.9997,0.0000,0.0000
fgvc8_by_class/cedar_apple_rust/cd4f26bf83cc2093.jpg,2,1,0.9983,0.0008,0.9983,0.0009,0.0000
fgvc8_by_class/cedar_apple_rust/8d4c3e7bc3ae8c88.jpg,2,1,0.9598,0.0289,0.9598,0.0000,0.0112
fgvc8_by_class/cedar_apple_rust/bc3495f24a69176c.jpg,2,1,0.9476,0.0507,0.9476,0.0006,0.0012
fgvc8_by_class/cedar_apple_rust/ea01f3d49b327952.jpg,2,1,0.8756,0.0134,0.8756,0.1106,0.0004
fgvc8_by_class/cedar_apple_rust/c5d73e82da2e2750.jpg,2,1,0.9794,0.0005,0.9794,0.0200,0.0001
fgvc8_by_class/cedar_apple_rust/cf637d94e83a08d8.jpg,2,0,0.9289,0.9289,0.0028,0.0544,0.0139
fgvc8_by_class/cedar_apple_rust/f89c24ce9ee1d4d0.jpg,2,1,0.9996,0.0001,0.9996,0.0002,0.0000
fgvc8_by_class/cedar_apple_rust/c9b6374b07e6c780.jpg,2,1,0.9978,0.0013,0.9978,0.0008,0.0001
fgvc8_by_class/cedar_apple_rust/c02d627b97976551.jpg,2,1,0.9792,0.0033,0.9792,0.0163,0.0012
fgvc8_by_class/cedar_apple_rust/c8d316dca6252d6b.jpg,2,1,0.9958,0.0039,0.9958,0.0001,0.0003
fgvc8_by_class/cedar_apple_rust/a152cbcb6dd4342e.jpg,2,1,0.9994,0.0003,0.9994,0.0003,0.0000
fgvc8_by_class/cedar_apple_rust/b966d08f6e385724.jpg,2,1,0.9975,0.0018,0.9975,0.0006,0.0001
fgvc8_by_class/cedar_apple_rust/add89428dac1e9f8.jpg,2,1,0.8827,0.1112,0.8827,0.0002,0.0059
fgvc8_by_class/cedar_apple_rust/eef180431f1f1e85.jpg,2,0,0.6413,0.6413,0.1782,0.0005,0.1800
fgvc8_by_class/cedar_apple_rust/eaa4c0c2cf438f2f.jpg,2,1,0.5688,0.3501,0.5688,0.0143,0.0668
fgvc8_by_class/cedar_apple_rust/d2f08fdbc4122dcc.jpg,2,1,0.9980,0.0007,0.9980,0.0012,0.0001
fgvc8_by_class/cedar_apple_rust/dacb69a15c2cb615.jpg,2,1,0.8882,0.1005,0.8882,0.0100,0.0012
fgvc8_by_class/cedar_apple_rust/ea15ea31b178648f.jpg,2,1,0.9856,0.0005,0.9856,0.0138,0.0001
fgvc8_by_class/cedar_apple_rust/dcac40666556793d.jpg,2,1,0.9979,0.0013,0.9979,0.0007,0.0001
fgvc8_by_class/cedar_apple_rust/efc3beb1403c0276.jpg,2,1,1.0000,0.0000,1.0000,0.0000,0.0000
fgvc8_by_class/cedar_apple_rust/c97935761e150397.jpg,2,1,0.9987,0.0006,0.9987,0.0001,0.0006
fgvc8_by_class/cedar_apple_rust/e99a95cf1c606af0.jpg,2,0,0.9621,0.9621,0.0015,0.0002,0.0362
fgvc8_by_class/cedar_apple_rust/e79326836f4980be.jpg,2,1,0.9952,0.0039,0.9952,0.0009,0.0000
fgvc8_by_class/cedar_apple_rust/9ddd9a046f6c088f.jpg,2,1,0.9782,0.0070,0.9782,0.0148,0.0000
fgvc8_by_class/cedar_apple_rust/ab5468d49775859c.jpg,2,1,0.8651,0.0194,0.8651,0.1140,0.0015
fgvc8_by_class/cedar_apple_rust/bab5d2920798d665.jpg,2,1,0.8797,0.1148,0.8797,0.0052,0.0002
fgvc8_by_class/cedar_apple_rust/cc07acf417d8b4d2.jpg,2,1,0.6720,0.0603,0.6720,0.0048,0.2629
fgvc8_by_class/cedar_apple_rust/b3f5b7cb8281160e.jpg,2,2,0.5549,0.0012,0.4407,0.5549,0.0033
fgvc8_by_class/cedar_apple_rust/a1c34f4a4f8565f1.jpg,2,1,0.9552,0.0425,0.9552,0.0001,0.0022
fgvc8_by_class/cedar_apple_rust/aa19152955afc1ed.jpg,2,1,0.9805,0.0032,0.9805,0.0162,0.0001
fgvc8_by_class/cedar_apple_rust/b7904d3eb61c0cda.jpg,2,1,0.9995,0.0004,0.9995,0.0000,0.0000
fgvc8_by_class/cedar_apple_rust/a24dd6cb0417fb32.jpg,2,1,0.9970,0.0029,0.9970,0.0000,0.0001
fgvc8_by_class/cedar_apple_rust/d88fea7a12ab44b4.jpg,2,0,0.5383,0.5383,0.3938,0.0001,0.0678
fgvc8_by_class/cedar_apple_rust/c3a3bcc20364e6cf.jpg,2,0,0.9458,0.9458,0.0403,0.0000,0.0139
fgvc8_by_class/cedar_apple_rust/c1e025b5d2736af2.jpg,2,0,0.9967,0.9967,0.0017,0.0000,0.0016
fgvc8_by_class/cedar_apple_rust/92cf6f6c4492ed41.jpg,2,1,0.9609,0.0230,0.9609,0.0064,0.0097
fgvc8_by_class/cedar_apple_rust/807947b90eb77856.jpg,2,0,0.5738,0.5738,0.3298,0.0008,0.0956
fgvc8_by_class/cedar_apple_rust/cf9cc993c3d32581.jpg,2,0,0.7705,0.7705,0.2142,0.0047,0.0106
fgvc8_by_class/cedar_apple_rust/a953ca8d81db7619.jpg,2,0,0.7756,0.7756,0.1452,0.0377,0.0415
fgvc8_by_class/cedar_apple_rust/96955e87649ea43a.jpg,2,0,0.7963,0.7963,0.0134,0.1664,0.0239
fgvc8_by_class/cedar_apple_rust/c7c3877e8c449f90.jpg,2,1,0.4995,0.3178,0.4995,0.0004,0.1823
fgvc8_by_class/cedar_apple_rust/cf61b53c018e70db.jpg,2,1,0.9998,0.0001,0.9998,0.0001,0.0000
fgvc8_by_class/cedar_apple_rust/c8c93d85973a0bf4.jpg,2,1,0.9417,0.0393,0.9417,0.0150,0.0039
fgvc8_by_class/cedar_apple_rust/8f5263c61a8cdbe2.jpg,2,0,0.6507,0.6507,0.0884,0.0048,0.2561
fgvc8_by_class/cedar_apple_rust/a054d06ad8977dd3.jpg,2,1,0.5993,0.2638,0.5993,0.0007,0.1361
fgvc8_by_class/cedar_apple_rust/8a5c2ed32fdb6882.jpg,2,1,0.9936,0.0000,0.9936,0.0063,0.0000
fgvc8_by_class/cedar_apple_rust/f08b8e71ecb3021f.jpg,2,1,0.9865,0.0125,0.9865,0.0000,0.0010
fgvc8_by_class/cedar_apple_rust/e22e9a365cd1ea58.jpg,2,0,0.7929,0.7929,0.2016,0.0013,0.0042
fgvc8_by_class/cedar_apple_rust/9c853768dada948e.jpg,2,1,0.9930,0.0029,0.9930,0.0041,0.0000
fgvc8_by_class/cedar_apple_rust/ad91da698d70c935.jpg,2,2,0.9660,0.0222,0.0107,0.9660,0.0011
fgvc8_by_class/cedar_apple_rust/be82831fe8c471c7.jpg,2,1,0.9993,0.0003,0.9993,0.0000,0.0004
fgvc8_by_class/cedar_apple_rust/c780633f9d9d2970.jpg,2,1,0.9703,0.0024,0.9703,0.0272,0.0001
fgvc8_by_class/cedar_apple_rust/baab9f82c8459b2c.jpg,2,1,0.9961,0.0032,0.9961,0.0006,0.0001
fgvc8_by_class/cedar_apple_rust/ded76497102790e6.jpg,2,0,0.9942,0.9942,0.0007,0.0008,0.0042
fgvc8_by_class/cedar_apple_rust/bfd64081a4fd9d24.jpg,2,0,0.9313,0.9313,0.0437,0.0018,0.0233
fgvc8_by_class/cedar_apple_rust/a9f465ce356e5290.jpg,2,1,0.9694,0.0008,0.9694,0.0275,0.0023
fgvc8_by_class/cedar_apple_rust/be8bb696c4925153.jpg,2,1,0.5787,0.0669,0.5787,0.3503,0.0042
fgvc8_by_class/cedar_apple_rust/f7844bc3ac4bc83c.jpg,2,1,0.9833,0.0160,0.9833,0.0003,0.0004
fgvc8_by_class/cedar_apple_rust/f7e88294feb460c1.jpg,2,1,0.9415,0.0581,0.9415,0.0002,0.0003
fgvc8_by_class/cedar_apple_rust/c09e35c7d027fa16.jpg,2,1,0.6459,0.3471,0.6459,0.0052,0.0018
fgvc8_by_class/cedar_apple_rust/9e86de42723231bd.jpg,2,1,0.9637,0.0196,0.9637,0.0164,0.0003
fgvc8_by_class/cedar_apple_rust/ca289a85f551d337.jpg,2,1,0.9992,0.0003,0.9992,0.0003,0.0002
fgvc8_by_class/cedar_apple_rust/e121839ddd3885bd.jpg,2,1,0.9985,0.0007,0.9985,0.0001,0.0007
fgvc8_by_class/cedar_apple_rust/a1f1c07a6fb73580.jpg,2,1,0.9846,0.0086,0.9846,0.0064,0.0004
fgvc8_by_class/cedar_apple_rust/9291d9cec42d8e4f.jpg,2,0,0.9963,0.9963,0.0002,0.0002,0.0034
fgvc8_by_class/cedar_apple_rust/c53532c8cc5ed0ee.jpg,2,1,0.9888,0.0102,0.9888,0.0007,0.0003
fgvc8_by_class/cedar_apple_rust/ad17c993cd30c61d.jpg,2,1,0.9596,0.0353,0.9596,0.0046,0.0005
fgvc8_by_class/cedar_apple_rust/c3e9e7d933452132.jpg,2,1,0.9369,0.0269,0.9369,0.0359,0.0003
fgvc8_by_class/cedar_apple_rust/a2eb3d1c6010df73.jpg,2,1,0.7343,0.2218,0.7343,0.0438,0.0001
fgvc8_by_class/cedar_apple_rust/e47f2080fa283eb7.jpg,2,1,0.9999,0.0000,0.9999,0.0000,0.0000
fgvc8_by_class/cedar_apple_rust/d45994a5d94ea96a.jpg,2,1,0.9944,0.0048,0.9944,0.0004,0.0003
fgvc8_by_class/cedar_apple_rust/ffa0ad0756929391.jpg,2,1,0.9995,0.0002,0.9995,0.0002,0.0000
fgvc8_by_class/cedar_apple_rust/a1fa72e822bc2997.jpg,2,1,0.9988,0.0000,0.9988,0.0008,0.0004
fgvc8_by_class/cedar_apple_rust/89cb83b03f3c60cf.jpg,2,1,0.9805,0.0165,0.9805,0.0029,0.0002
fgvc8_by_class/cedar_apple_rust/c4e8374fe19989a9.jpg,2,1,0.9736,0.0088,0.9736,0.0175,0.0002
fgvc8_by_class/cedar_apple_rust/f0c8a0ccf9fda311.jpg,2,0,0.9606,0.9606,0.0370,0.0003,0.0021
fgvc8_by_class/cedar_apple_rust/bee07c213c9fc6c0.jpg,2,1,0.7362,0.2554,0.7362,0.0002,0.0083
fgvc8_by_class/cedar_apple_rust/d389cb2c7824f792.jpg,2,0,0.7622,0.7622,0.1603,0.0179,0.0596
fgvc8_by_class/cedar_apple_rust/fa59a131c835d4b5.jpg,2,1,0.6856,0.0060,0.6856,0.3042,0.0041
fgvc8_by_class/cedar_apple_rust/a304cc79f10c9fc7.jpg,2,1,0.9819,0.0175,0.9819,0.0004,0.0001
fgvc8_by_class/cedar_apple_rust/aaa840f5e80adef5.jpg,2,1,0.9637,0.0321,0.9637,0.0010,0.0033
fgvc8_by_class/cedar_apple_rust/fa49aa4383550fb6.jpg,2,0,0.9357,0.9357,0.0124,0.0012,0.0507
fgvc8_by_class/cedar_apple_rust/a029a1f8cd99d79a.jpg,2,1,0.9560,0.0065,0.9560,0.0161,0.0214
fgvc8_by_class/cedar_apple_rust/831abdc76c05e23d.jpg,2,1,0.8217,0.0436,0.8217,0.1343,0.0004
fgvc8_by_class/cedar_apple_rust/e9c8c69fc4c12ea9.jpg,2,1,0.9984,0.0005,0.9984,0.0009,0.0002
fgvc8_by_class/cedar_apple_rust/97c36b7ccaa15641.jpg,2,1,0.9994,0.0001,0.9994,0.0005,0.0000
fgvc8_by_class/cedar_apple_rust/f7c3e10f0b3e380c.jpg,2,1,0.7238,0.0109,0.7238,0.2652,0.0001
fgvc8_by_class/cedar_apple_rust/f8ac9c2bc19e70f0.jpg,2,1,1.0000,0.0000,1.0000,0.0000,0.0000
fgvc8_by_class/cedar_apple_rust/ca0e38bf3850fd43.jpg,2,2,0.7170,0.2258,0.0520,0.7170,0.0052
fgvc8_by_class/cedar_apple_rust/bea1821cd85fb13a.jpg,2,1,0.9858,0.0118,0.9858,0.0021,0.0002
fgvc8_by_class/cedar_apple_rust/90f4bbf5d25454a8.jpg,2,0,0.6891,0.6891,0.3052,0.0048,0.0009
fgvc8_by_class/cedar_apple_rust/c282f061e9ec5e9e.jpg,2,0,0.9976,0.9976,0.0017,0.0001,0.0005
fgvc8_by_class/cedar_apple_rust/f5cb4a7832e1a13c.jpg,2,1,0.9999,0.0001,0.9999,0.0000,0.0000
fgvc8_by_class/cedar_apple_rust/fe6c0005f1f60b97.jpg,2,1,0.9980,0.0012,0.9980,0.0003,0.0005
fgvc8_by_class/cedar_apple_rust/9bda896a2c98eba1.jpg,2,1,0.9946,0.0047,0.9946,0.0005,0.0002
fgvc8_by_class/cedar_apple_rust/c444fec780ef181f.jpg,2,1,1.0000,0.0000,1.0000,0.0000,0.0000
fgvc8_by_class/cedar_apple_rust/fcd4c6ca1b786183.jpg,2,1,0.9995,0.0003,0.9995,0.0001,0.0001
fgvc8_by_class/cedar_apple_rust/879fc2e00f8274db.jpg,2,0,0.7313,0.7313,0.2618,0.0004,0.0065
fgvc8_by_class/cedar_apple_rust/837449e974cb39c5.jpg,2,0,0.6302,0.6302,0.3570,0.0088,0.0040
fgvc8_by_class/cedar_apple_rust/e8212ddeec024fec.jpg,2,0,0.7583,0.7583,0.2363,0.0001,0.0053
fgvc8_by_class/cedar_apple_rust/8d0f987126dcd44f.jpg,2,1,0.9997,0.0000,0.9997,0.0003,0.0000
fgvc8_by_class/cedar_apple_rust/c2c519d2a99ad4eb.jpg,2,2,0.6434,0.0905,0.2653,0.6434,0.0008
fgvc8_by_class/cedar_apple_rust/a4ba528c9d596f2c.jpg,2,1,0.9336,0.0657,0.9336,0.0001,0.0006
fgvc8_by_class/cedar_apple_rust/85947d1e914af03f.jpg,2,1,0.9852,0.0007,0.9852,0.0142,0.0000
fgvc8_by_class/cedar_apple_rust/d44b7c4cb314523f.jpg,2,1,0.9856,0.0004,0.9856,0.0136,0.0003
fgvc8_by_class/cedar_apple_rust/fb9287c0b18aa5ec.jpg,2,1,0.9865,0.0048,0.9865,0.0050,0.0036
fgvc8_by_class/cedar_apple_rust/f1a4e1e483988f3e.jpg,2,1,0.9759,0.0074,0.9759,0.0122,0.0046
fgvc8_by_class/cedar_apple_rust/f026cd80cf0d1e7e.jpg,2,1,0.7067,0.2929,0.7067,0.0000,0.0005
fgvc8_by_class/cedar_apple_rust/f088c2842fe3763f.jpg,2,1,0.8873,0.0981,0.8873,0.0011,0.0135
fgvc8_by_class/cedar_apple_rust/dd28c8d8bcf8a90b.jpg,2,0,0.9864,0.9864,0.0005,0.0003,0.0128
fgvc8_by_class/cedar_apple_rust/cf26309b627133d9.jpg,2,1,0.9985,0.0005,0.9985,0.0004,0.0007
fgvc8_by_class/cedar_apple_rust/85f0c2c0db4b4f4f.jpg,2,1,0.9475,0.0449,0.9475,0.0073,0.0003
fgvc8_by_class/cedar_apple_rust/baa48e75eaa38352.jpg,2,1,0.9987,0.0004,0.9987,0.0000,0.0009
fgvc8_by_class/cedar_apple_rust/85746b8835eb4ad9.jpg,2,1,0.9884,0.0038,0.9884,0.0077,0.0001
fgvc8_by_class/cedar_apple_rust/f8f83c1d085de760.jpg,2,1,0.9994,0.0004,0.9994,0.0002,0.0000
fgvc8_by_class/cedar_apple_rust/b7b5ae29694a4986.jpg,2,0,0.6351,0.6351,0.3619,0.0001,0.0029
fgvc8_by_class/cedar_apple_rust/c9e681f71dc0d558.jpg,2,1,0.9603,0.0367,0.9603,0.0016,0.0015
fgvc8_by_class/cedar_apple_rust/968155652ff1d8c5.jpg,2,1,0.8188,0.1740,0.8188,0.0008,0.0064
fgvc8_by_class/cedar_apple_rust/e5474ac26d1f89b4.jpg,2,1,0.9890,0.0005,0.9890,0.0002,0.0104
fgvc8_by_class/cedar_apple_rust/f2e840c2639fa7d8.jpg,2,1,0.7185,0.0398,0.7185,0.2393,0.0025
fgvc8_by_class/cedar_apple_rust/d89062fbf4452a9e.jpg,2,1,0.9955,0.0017,0.9955,0.0028,0.0001
fgvc8_by_class/cedar_apple_rust/e142c5320be5fb87.jpg,2,1,0.9993,0.0005,0.9993,0.0000,0.0001
fgvc8_by_class/cedar_apple_rust/95ac93e87a9744d1.jpg,2,1,1.0000,0.0000,1.0000,0.0000,0.0000
fgvc8_by_class/cedar_apple_rust/ecb986c159db8352.jpg,2,1,0.9997,0.0002,0.9997,0.0001,0.0000
fgvc8_by_class/cedar_apple_rust/ae72ae638d21152f.jpg,2,1,0.9634,0.0208,0.9634,0.0121,0.0038
fgvc8_by_class/cedar_apple_rust/ac5a41484f5acfb6.jpg,2,2,0.9426,0.0059,0.0512,0.9426,0.0003
fgvc8_by_class/cedar_apple_rust/b0bc031e44f8d7e6.jpg,2,1,0.9992,0.0007,0.9992,0.0000,0.0001
fgvc8_by_class/cedar_apple_rust/910d36e85b12f1b7.jpg,2,0,0.9189,0.9189,0.0677,0.0099,0.0036
fgvc8_by_class/cedar_apple_rust/faf1f1c2bc4d1290.jpg,2,1,0.9941,0.0051,0.9941,0.0001,0.0007
fgvc8_by_class/cedar_apple_rust/e1e795b53861c9c8.jpg,2,1,0.9990,0.0007,0.9990,0.0002,0.0002
fgvc8_by_class/cedar_apple_rust/d94e3ad8ae3ac870.jpg,2,1,0.9998,0.0001,0.9998,0.0001,0.0000
fgvc8_by_class/cedar_apple_rust/ed93a0fa560e6531.jpg,2,1,0.9979,0.0016,0.9979,0.0002,0.0003
fgvc8_by_class/cedar_apple_rust/dc6b7a9d1596a025.jpg,2,1,0.8303,0.0100,0.8303,0.1592,0.0004
fgvc8_by_class/cedar_apple_rust/f77ac00babf3012a.jpg,2,1,0.9669,0.0144,0.9669,0.0182,0.0005
fgvc8_by_class/cedar_apple_rust/faf5d1410ac7171c.jpg,2,1,0.9985,0.0001,0.9985,0.0014,0.0000
fgvc8_by_class/cedar_apple_rust/bf3ea0d7c2c38305.jpg,2,1,0.4745,0.1221,0.4745,0.0000,0.4035
fgvc8_by_class/cedar_apple_rust/920e33d67f8b01b3.jpg,2,1,0.9994,0.0000,0.9994,0.0006,0.0000
fgvc8_by_class/cedar_apple_rust/efe436a84b54da88.jpg,2,1,0.9580,0.0400,0.9580,0.0019,0.0002
fgvc8_by_class/cedar_apple_rust/d4b48a715da3d847.jpg,2,1,0.9997,0.0003,0.9997,0.0000,0.0000
fgvc8_by_class/cedar_apple_rust/a0d4c54addcab45e.jpg,2,1,0.8057,0.1624,0.8057,0.0304,0.0014
fgvc8_by_class/cedar_apple_rust/df282dfbd3112944.jpg,2,1,0.9985,0.0003,0.9985,0.0012,0.0000
fgvc8_by_class/cedar_apple_rust/ef2699cc46946aaa.jpg,2,1,0.9924,0.0033,0.9924,0.0043,0.0000
fgvc8_by_class/cedar_apple_rust/9cd8737391d5c960.jpg,2,1,0.9999,0.0000,0.9999,0.0001,0.0000
fgvc8_by_class/cedar_apple_rust/b5da750f9a3034d2.jpg,2,1,0.8123,0.1813,0.8123,0.0000,0.0064
fgvc8_by_class/cedar_apple_rust/d3c96892b78e4674.jpg,2,1,0.9988,0.0010,0.9988,0.0001,0.0001
fgvc8_by_class/cedar_apple_rust/a36196d0ca1d69bd.jpg,2,1,0.6172,0.1328,0.6172,0.2481,0.0019
fgvc8_by_class/cedar_apple_rust/8e8727a1a53eb2e1.jpg,2,1,0.8980,0.0936,0.8980,0.0075,0.0009
fgvc8_by_class/cedar_apple_rust/c5e1af4bc07439d4.jpg,2,1,0.9976,0.0004,0.9976,0.0019,0.0001
fgvc8_by_class/cedar_apple_rust/e4fea416c274fc60.jpg,2,1,0.4834,0.0440,0.4834,0.4713,0.0014
fgvc8_by_class/cedar_apple_rust/b4b1f967c1158b91.jpg,2,1,0.9954,0.0001,0.9954,0.0043,0.0002
fgvc8_by_class/cedar_apple_rust/850367cf187768d6.jpg,2,1,0.9970,0.0000,0.9970,0.0029,0.0000
fgvc8_by_class/cedar_apple_rust/f815179781aeb433.jpg,2,1,0.8618,0.0004,0.8618,0.1377,0.0001
fgvc8_by_class/cedar_apple_rust/fab0992adc3580eb.jpg,2,1,0.9746,0.0244,0.9746,0.0001,0.0010
fgvc8_by_class/cedar_apple_rust/daf0fe310c0789f2.jpg,2,1,0.8997,0.0036,0.8997,0.0965,0.0002
fgvc8_by_class/cedar_apple_rust/a3ebb2ab31622933.jpg,2,1,0.9990,0.0002,0.9990,0.0007,0.0001
fgvc8_by_class/cedar_apple_rust/9e501ca1739f9fc0.jpg,2,1,0.9907,0.0089,0.9907,0.0000,0.0004
fgvc8_by_class/cedar_apple_rust/ebb09e03786d7512.jpg,2,1,0.9931,0.0059,0.9931,0.0001,0.0009
fgvc8_by_class/cedar_apple_rust/efa1c46306b79496.jpg,2,1,1.0000,0.0000,1.0000,0.0000,0.0000
fgvc8_by_class/cedar_apple_rust/e08799ce343e9de0.jpg,2,1,0.9999,0.0000,0.9999,0.0000,0.0000
fgvc8_by_class/cedar_apple_rust/bc62cd122f6dd2b0.jpg,2,1,0.9947,0.0024,0.9947,0.0029,0.0000
fgvc8_by_class/cedar_apple_rust/9a76aa9da3592d11.jpg,2,0,0.9514,0.9514,0.0292,0.0124,0.0069
fgvc8_by_class/cedar_apple_rust/86977a4aa7a4d25a.jpg,2,1,0.9859,0.0129,0.9859,0.0005,0.0007
fgvc8_by_class/cedar_apple_rust/e274cdb0294fc13d.jpg,2,0,0.9389,0.9389,0.0137,0.0441,0.0033
fgvc8_by_class/cedar_apple_rust/b52592c0e9b3f4d1.jpg,2,1,0.9297,0.0254,0.9297,0.0449,0.0001
fgvc8_by_class/cedar_apple_rust/f58f42171bb497c0.jpg,2,1,0.9999,0.0000,0.9999,0.0000,0.0000
fgvc8_by_class/cedar_apple_rust/d2cd93c936a145e9.jpg,2,1,0.9983,0.0011,0.9983,0.0005,0.0002
fgvc8_by_class/cedar_apple_rust/b897c367857a9330.jpg,2,1,0.9892,0.0103,0.9892,0.0001,0.0005
fgvc8_by_class/cedar_apple_rust/f0dc2882bdb32ae5.jpg,2,1,0.9304,0.0016,0.9304,0.0669,0.0010
fgvc8_by_class/cedar_apple_rust/dee2bd94d74a1441.jpg,2,1,0.9992,0.0002,0.9992,0.0006,0.0000
fgvc8_by_class/cedar_apple_rust/a8bdb5d25a2d803d.jpg,2,1,0.6716,0.0207,0.6716,0.3069,0.0008
fgvc8_by_class/cedar_apple_rust/d2d9c2bca7a72458.jpg,2,1,0.8397,0.0861,0.8397,0.0691,0.0051
fgvc8_by_class/cedar_apple_rust/bf8124945878fba9.jpg,2,1,0.5124,0.0055,0.5124,0.4804,0.0018
fgvc8_by_class/cedar_apple_rust/ffb49264717c2831.jpg,2,1,0.9991,0.0007,0.9991,0.0001,0.0000
fgvc8_by_class/cedar_apple_rust/c5689187c8bf31cd.jpg,2,1,1.0000,0.0000,1.0000,0.0000,0.0000
fgvc8_by_class/cedar_apple_rust/92186d68b7da926d.jpg,2,1,0.9956,0.0030,0.9956,0.0012,0.0002
fgvc8_by_class/cedar_apple_rust/d903386fdb02467b.jpg,2,1,0.9432,0.0333,0.9432,0.0232,0.0003
fgvc8_by_class/cedar_apple_rust/e7bdc668416c1f90.jpg,2,1,0.9850,0.0005,0.9850,0.0106,0.0038
fgvc8_by_class/cedar_apple_rust/90e61d52cd97746c.jpg,2,1,0.9970,0.0003,0.9970,0.0020,0.0007
fgvc8_by_class/cedar_apple_rust/a8496f3163636b59.jpg,2,1,0.6495,0.1160,0.6495,0.2332,0.0013
fgvc8_by_class/cedar_apple_rust/9dda402577d1c8da.jpg,2,1,0.9958,0.0013,0.9958,0.0028,0.0000
fgvc8_by_class/cedar_apple_rust/d407669e43f03373.jpg,2,1,0.9896,0.0003,0.9896,0.0101,0.0000
fgvc8_by_class/cedar_apple_rust/82798f32ab063ecd.jpg,2,1,0.9114,0.0824,0.9114,0.0047,0.0015
fgvc8_by_class/cedar_apple_rust/b940e6265f8b46ab.jpg,2,1,0.9507,0.0388,0.9507,0.0099,0.0005
fgvc8_by_class/cedar_apple_rust/fff080b2c394cf48.jpg,2,1,0.9996,0.0003,0.9996,0.0000,0.0000
fgvc8_by_class/cedar_apple_rust/b5f14a88f02d4f96.jpg,2,1,0.8183,0.1735,0.8183,0.0047,0.0035
fgvc8_by_class/cedar_apple_rust/963ffc6b98d60940.jpg,2,1,0.9729,0.0002,0.9729,0.0268,0.0001
fgvc8_by_class/cedar_apple_rust/d197c19af84bee80.jpg,2,0,0.8085,0.8085,0.1515,0.0392,0.0008
fgvc8_by_class/cedar_apple_rust/95d22134969d4f67.jpg,2,1,0.8567,0.0007,0.8567,0.1426,0.0000
fgvc8_by_class/cedar_apple_rust/96edb05689bd12cc.jpg,2,1,0.9983,0.0011,0.9983,0.0005,0.0001
fgvc8_by_class/cedar_apple_rust/8abacb9cc20ec997.jpg,2,1,0.9670,0.0252,0.9670,0.0030,0.0049
fgvc8_by_class/cedar_apple_rust/e6f260b7b415d434.jpg,2,1,0.9199,0.0015,0.9199,0.0784,0.0002
fgvc8_by_class/cedar_apple_rust/859b5d802ded92e5.jpg,2,1,0.7153,0.0161,0.7153,0.2683,0.0003
fgvc8_by_class/cedar_apple_rust/94dc686b55ab2d52.jpg,2,0,0.9948,0.9948,0.0041,0.0004,0.0007
fgvc8_by_class/cedar_apple_rust/e58390afc33c3fa0.jpg,2,2,0.5128,0.1095,0.3708,0.5128,0.0069
fgvc8_by_class/cedar_apple_rust/9b36d8a080376fda.jpg,2,1,0.9992,0.0005,0.9992,0.0003,0.0000
fgvc8_by_class/cedar_apple_rust/f0b6b692caa0f11e.jpg,2,1,0.9770,0.0114,0.9770,0.0077,0.0040
fgvc8_by_class/cedar_apple_rust/e8acc52aa33321fb.jpg,2,1,0.9873,0.0121,0.9873,0.0000,0.0005
fgvc8_by_class/cedar_apple_rust/8f58cc94917738a7.jpg,2,1,0.8769,0.0083,0.8769,0.1146,0.0003
fgvc8_by_class/cedar_apple_rust/a07bd9c10f18faa6.jpg,2,1,0.9999,0.0000,0.9999,0.0000,0.0000
fgvc8_by_class/cedar_apple_rust/c3b5e1921d133c3b.jpg,2,1,0.9996,0.0000,0.9996,0.0003,0.0000
fgvc8_by_class/cedar_apple_rust/be8495536175517c.jpg,2,0,0.9344,0.9344,0.0299,0.0000,0.0356
fgvc8_by_class/cedar_apple_rust/c1076633bd0947ed.jpg,2,1,0.9109,0.0130,0.9109,0.0016,0.0745
fgvc8_by_class/cedar_apple_rust/851edcf908ed2e1c.jpg,2,1,1.0000,0.0000,1.0000,0.0000,0.0000
fgvc8_by_class/cedar_apple_rust/eff706e8118a50f8.jpg,2,1,0.9381,0.0585,0.9381,0.0018,0.0016
fgvc8_by_class/cedar_apple_rust/ca9a3f310dd3286b.jpg,2,1,0.9999,0.0000,0.9999,0.0001,0.0000
fgvc8_by_class/cedar_apple_rust/f09554f026c55d4f.jpg,2,0,0.8014,0.8014,0.0234,0.0184,0.1568
fgvc8_by_class/cedar_apple_rust/860a8fbf3c6c00fd.jpg,2,1,0.9977,0.0020,0.9977,0.0001,0.0003
fgvc8_by_class/cedar_apple_rust/a9e9391e1b99e701.jpg,2,1,0.9995,0.0000,0.9995,0.0005,0.0000
fgvc8_by_class/cedar_apple_rust/e90e1ac8b7e7aa50.jpg,2,1,0.9981,0.0017,0.9981,0.0002,0.0000
fgvc8_by_class/cedar_apple_rust/f432afbd96b013c0.jpg,2,1,0.9997,0.0003,0.9997,0.0001,0.0000
fgvc8_by_class/cedar_apple_rust/fbe5c19185a5d115.jpg,2,1,0.7445,0.0830,0.7445,0.0002,0.1722
fgvc8_by_class/cedar_apple_rust/c738d13e73467988.jpg,2,1,0.9949,0.0042,0.9949,0.0008,0.0001
fgvc8_by_class/cedar_apple_rust/808c7cabba2f9572.jpg,2,0,0.9852,0.9852,0.0002,0.0000,0.0145
fgvc8_by_class/cedar_apple_rust/c7bf8058ce81e995.jpg,2,1,0.9965,0.0020,0.9965,0.0015,0.0001
fgvc8_by_class/cedar_apple_rust/f0ebc75c98d303c2.jpg,2,0,0.8331,0.8331,0.1575,0.0093,0.0001
fgvc8_by_class/cedar_apple_rust/e6b79b5a58e4b018.jpg,2,1,0.9956,0.0038,0.9956,0.0006,0.0000
fgvc8_by_class/cedar_apple_rust/88723fc5719e69a8.jpg,2,1,0.5958,0.2181,0.5958,0.1853,0.0008
fgvc8_by_class/cedar_apple_rust/ff3ae03f80710f60.jpg,2,1,0.8373,0.0460,0.8373,0.1153,0.0014
fgvc8_by_class/cedar_apple_rust/f66b696596d48c82.jpg,2,1,0.9993,0.0003,0.9993,0.0003,0.0001
fgvc8_by_class/cedar_apple_rust/d7a19c4dc5b39854.jpg,2,1,0.8309,0.1675,0.8309,0.0003,0.0014
fgvc8_by_class/cedar_apple_rust/b788c7f41a1d2572.jpg,2,1,0.8967,0.1002,0.8967,0.0029,0.0001
fgvc8_by_class/cedar_apple_rust/b6c6c2359e9b1499.jpg,2,2,0.4799,0.0410,0.4789,0.4799,0.0002
fgvc8_by_class/cedar_apple_rust/dee13184115f269f.jpg,2,0,0.9438,0.9438,0.0190,0.0101,0.0271
fgvc8_by_class/cedar_apple_rust/c9d47c94302fb8da.jpg,2,1,0.9968,0.0001,0.9968,0.0031,0.0000
fgvc8_by_class/cedar_apple_rust/cff8c191854b3a9c.jpg,2,1,0.9261,0.0024,0.9261,0.0711,0.0004
fgvc8_by_class/cedar_apple_rust/e3f394aa8b297720.jpg,2,1,0.6943,0.2969,0.6943,0.0015,0.0073
fgvc8_by_class/cedar_apple_rust/eaf1d8ab4554ca43.jpg,2,1,0.9996,0.0001,0.9996,0.0002,0.0001
fgvc8_by_class/cedar_apple_rust/efc1d12a682ce14f.jpg,2,1,0.5049,0.4903,0.5049,0.0001,0.0047
fgvc8_by_class/cedar_apple_rust/fdcfc0e456cab088.jpg,2,0,0.8216,0.8216,0.1770,0.0009,0.0005
fgvc8_by_class/cedar_apple_rust/fa097addd4f84260.jpg,2,1,0.5349,0.0334,0.5349,0.4315,0.0002
fgvc8_by_class/cedar_apple_rust/fbbc50c2d8c1a599.jpg,2,1,0.9799,0.0152,0.9799,0.0007,0.0042
fgvc8_by_class/cedar_apple_rust/d80e32d8e7698f68.jpg,2,1,0.9227,0.0738,0.9227,0.0004,0.0032
fgvc8_by_class/cedar_apple_rust/d2a58497704bbf16.jpg,2,1,0.9949,0.0027,0.9949,0.0023,0.0001
fgvc8_by_class/cedar_apple_rust/cc73e005cc36f31e.jpg,2,1,0.9835,0.0146,0.9835,0.0016,0.0003
fgvc8_by_class/cedar_apple_rust/c230109be4dd9f3b.jpg,2,1,0.9980,0.0002,0.9980,0.0018,0.0000
fgvc8_by_class/cedar_apple_rust/c5339e87235c6ac5.jpg,2,1,0.9999,0.0000,0.9999,0.0000,0.0000
fgvc8_by_class/cedar_apple_rust/eec2edcc5094d68a.jpg,2,1,0.9945,0.0017,0.9945,0.0038,0.0000
fgvc8_by_class/cedar_apple_rust/86f977df90306ac0.jpg,2,1,0.9556,0.0086,0.9556,0.0354,0.0004
fgvc8_by_class/cedar_apple_rust/fd05c11e0fa88f8d.jpg,2,2,0.9863,0.0029,0.0097,0.9863,0.0011
fgvc8_by_class/cedar_apple_rust/bb6a36dcc829ac23.jpg,2,1,0.6909,0.2822,0.6909,0.0257,0.0011
fgvc8_by_class/cedar_apple_rust/f43556994b35d710.jpg,2,1,0.9999,0.0000,0.9999,0.0000,0.0000
fgvc8_by_class/cedar_apple_rust/812b87c3326c97bb.jpg,2,1,0.9724,0.0198,0.9724,0.0031,0.0047
fgvc8_by_class/cedar_apple_rust/81a063b69c99ed9e.jpg,2,1,0.9916,0.0065,0.9916,0.0011,0.0008
fgvc8_by_class/cedar_apple_rust/fdb4128a44fef031.jpg,2,1,0.9426,0.0522,0.9426,0.0049,0.0002
fgvc8_by_class/healthy/80a13fcd9a4fb14b.jpg,3,3,0.6151,0.1638,0.2211,0.0000,0.6151
fgvc8_by_class/healthy/ceb03137c7cc323c.jpg,3,1,0.9047,0.0893,0.9047,0.0041,0.0019
fgvc8_by_class/healthy/b96b81a41f9272f8.jpg,3,0,0.9728,0.9728,0.0265,0.0001,0.0005
fgvc8_by_class/healthy/c2d48d955be6543c.jpg,3,0,0.8756,0.8756,0.0030,0.0001,0.1213
fgvc8_by_class/healthy/b4689274cab6d89b.jpg,3,1,0.5831,0.4111,0.5831,0.0001,0.0057
fgvc8_by_class/healthy/b0c19fcb826d6897.jpg,3,0,0.9937,0.9937,0.0031,0.0000,0.0031
fgvc8_by_class/healthy/bc65d81236e15c73.jpg,3,1,0.8564,0.1337,0.8564,0.0000,0.0100
fgvc8_by_class/healthy/962bd6978cda982a.jpg,3,0,0.9053,0.9053,0.0445,0.0000,0.0502
fgvc8_by_class/healthy/e05e96c2608acf3f.jpg,3,1,0.9801,0.0145,0.9801,0.0000,0.0054
fgvc8_by_class/healthy/8374250d6fb1966b.jpg,3,1,0.9665,0.0269,0.9665,0.0006,0.0060
fgvc8_by_class/healthy/dea69666de2868c8.jpg,3,0,0.8808,0.8808,0.0753,0.0000,0.0439
fgvc8_by_class/healthy/f16b9b7874302e4a.jpg,3,1,0.9941,0.0053,0.9941,0.0000,0.0006
fgvc8_by_class/healthy/ff05d2fc83e00e94.jpg,3,0,0.8140,0.8140,0.0029,0.0000,0.1831
fgvc8_by_class/healthy/bc0ad0f8db49a8ad.jpg,3,0,0.8557,0.8557,0.0181,0.0000,0.1262
fgvc8_by_class/healthy/87b7627ec0ccc3c2.jpg,3,1,0.9282,0.0340,0.9282,0.0005,0.0373
fgvc8_by_class/healthy/d0cf6727001c78df.jpg,3,1,0.9983,0.0010,0.9983,0.0006,0.0000
fgvc8_by_class/healthy/a553d00d8a2cd77d.jpg,3,3,0.8973,0.1027,0.0000,0.0000,0.8973
fgvc8_by_class/healthy/dfeff4a88a901451.jpg,3,0,0.8368,0.8368,0.0172,0.0000,0.1460
fgvc8_by_class/healthy/fae9d575ce304a10.jpg,3,3,0.9903,0.0092,0.0004,0.0000,0.9903
fgvc8_by_class/healthy/85edd994308a6f65.jpg,3,1,0.7796,0.1885,0.7796,0.0016,0.0303
fgvc8_by_class/healthy/a56e9013fac1cb47.jpg,3,0,0.8577,0.8577,0.0001,0.0000,0.1422
fgvc8_by_class/healthy/b45ec2b6c5c10fc3.jpg,3,0,0.6293,0.6293,0.0775,0.0000,0.2932
fgvc8_by_class/healthy/f6c5ca901f78b107.jpg,3,3,0.8036,0.0025,0.1939,0.0000,0.8036
fgvc8_by_class/healthy/a5976e1d847b30c9.jpg,3,1,0.9132,0.0835,0.9132,0.0001,0.0033
fgvc8_by_class/healthy/a30b7c9e90c79738.jpg,3,0,0.7931,0.7931,0.1925,0.0000,0.0144
fgvc8_by_class/healthy/b491d39e3b8a9362.jpg,3,1,0.9304,0.0675,0.9304,0.0005,0.0016
fgvc8_by_class/healthy/fcfac0d10d0b8db8.jpg,3,3,0.7840,0.2065,0.0095,0.0000,0.7840
fgvc8_by_class/healthy/8e79802b3fb770c8.jpg,3,0,0.5000,0.5000,0.4942,0.0001,0.0056
fgvc8_by_class/healthy/ad2294b5cea33e13.jpg,3,0,0.9937,0.9937,0.0006,0.0000,0.0057
fgvc8_by_class/healthy/edab8ab09d9bd050.jpg,3,0,0.4426,0.4426,0.1780,0.0000,0.3793
fgvc8_by_class/healthy/f88b97d202faa790.jpg,3,3,0.8941,0.1059,0.0000,0.0000,0.8941
fgvc8_by_class/healthy/969c0db8e2372dc9.jpg,3,3,0.6509,0.3351,0.0140,0.0000,0.6509
fgvc8_by_class/healthy/f6a6e2ca93274c58.jpg,3,3,0.6240,0.3301,0.0459,0.0000,0.6240
fgvc8_by_class/healthy/a9fa63a5d45e8c42.jpg,3,0,0.5922,0.5922,0.1818,0.0008,0.2252
fgvc8_by_class/healthy/b40b87834a4fdb2e.jpg,3,3,0.9577,0.0405,0.0017,0.0000,0.9577
fgvc8_by_class/healthy/fa29a8c8be68f834.jpg,3,0,0.7151,0.7151,0.0004,0.0000,0.2845
fgvc8_by_class/healthy/d54f7030c8e56fb0.jpg,3,1,0.9683,0.0269,0.9683,0.0004,0.0044
fgvc8_by_class/healthy/c5e853419f1f606e.jpg,3,1,0.8189,0.1764,0.8189,0.0002,0.0045
fgvc8_by_class/healthy/b6f48968b991958e.jpg,3,1,0.9862,0.0032,0.9862,0.0005,0.0101
fgvc8_by_class/healthy/ca26391c54b358ef.jpg,3,0,0.7566,0.7566,0.2278,0.0015,0.0141
fgvc8_by_class/healthy/a89097fa5afb011b.jpg,3,1,0.4861,0.0483,0.4861,0.0000,0.4656
fgvc8_by_class/healthy/dbce307920ca678d.jpg,3,0,0.8479,0.8479,0.1398,0.0020,0.0103
fgvc8_by_class/healthy/f4f3828b0dfe20e2.jpg,3,1,0.4983,0.4925,0.4983,0.0006,0.0086
fgvc8_by_class/healthy/f0b41a4b0d9cc75b.jpg,3,0,0.5019,0.5019,0.4970,0.0001,0.0010
fgvc8_by_class/healthy/a1a171d3a7adce50.jpg,3,0,0.7815,0.7815,0.2075,0.0003,0.0108
fgvc8_by_class/healthy/cbd22f823e2f9461.jpg,3,0,0.7578,0.7578,0.0000,0.0000,0.2422
fgvc8_by_class/healthy/f87b430fa80d17d4.jpg,3,3,0.5947,0.3448,0.0605,0.0000,0.5947
fgvc8_by_class/healthy/b8b7c08cb7758499.jpg,3,0,0.6067,0.6067,0.3902,0.0004,0.0027
fgvc8_by_class/healthy/98bfd5f08d00e0de.jpg,3,1,0.8970,0.1022,0.8970,0.0000,0.0008
fgvc8_by_class/healthy/f5d26591843f5456.jpg,3,1,0.9731,0.0209,0.9731,0.0021,0.0038
fgvc8_by_class/healthy/d76a39826033bcce.jpg,3,1,0.9709,0.0260,0.9709,0.0005,0.0026
fgvc8_by_class/healthy/d0973e720f60e11f.jpg,3,1,0.6249,0.3739,0.6249,0.0006,0.0006
fgvc8_by_class/healthy/c64730bc11fc31de.jpg,3,1,0.9705,0.0214,0.9705,0.0000,0.0081
fgvc8_by_class/healthy/a7dec204c6b8bea8.jpg,3,0,0.6195,0.6195,0.0191,0.0000,0.3614
fgvc8_by_class/healthy/e3c1969c8fd0fc90.jpg,3,0,0.7666,0.7666,0.0041,0.0000,0.2293
fgvc8_by_class/healthy/f1dadac0dd622a07.jpg,3,1,0.5290,0.4605,0.5290,0.0003,0.0102
fgvc8_by_class/healthy/c9241964d0eddbd5.jpg,3,1,0.9763,0.0192,0.9763,0.0043,0.0002
fgvc8_by_class/healthy/c1d58317fa8ccd0d.jpg,3,0,0.7861,0.7861,0.1810,0.0000,0.0329
fgvc8_by_class/healthy/8476bd24bd4b89a5.jpg,3,0,0.9552,0.9552,0.0358,0.0001,0.0089
fgvc8_by_class/healthy/813b28597df0abd2.jpg,3,0,0.9849,0.9849,0.0097,0.0000,0.0054
fgvc8_by_class/healthy/b49bcbb745e1d880.jpg,3,1,0.9087,0.0838,0.9087,0.0000,0.0075
fgvc8_by_class/healthy/f1e9023edef80171.jpg,3,0,0.4770,0.4770,0.2150,0.0012,0.3068
fgvc8_by_class/healthy/f0e98f8d8898ed98.jpg,3,0,0.9764,0.9764,0.0020,0.0000,0.0216
fgvc8_by_class/healthy/be0d85dcd8b81d38.jpg,3,0,0.8901,0.8901,0.0337,0.0001,0.0761
fgvc8_by_class/healthy/a95fd07a812c8f65.jpg,3,0,0.8516,0.8516,0.0041,0.0000,0.1443
fgvc8_by_class/healthy/a429d29769cf3a4c.jpg,3,0,0.9805,0.9805,0.0006,0.0000,0.0189
fgvc8_by_class/healthy/b00b1fe017ee41dd.jpg,3,0,0.5355,0.5355,0.4616,0.0001,0.0029
fgvc8_by_class/healthy/fc96c0c0c7ea0ce7.jpg,3,3,0.7606,0.2393,0.0000,0.0000,0.7606
fgvc8_by_class/healthy/c0a42dfd195dd331.jpg,3,0,0.9385,0.9385,0.0466,0.0007,0.0142
fgvc8_by_class/healthy/f8de0a0a7a7a1633.jpg,3,1,0.5736,0.3847,0.5736,0.0008,0.0409
fgvc8_by_class/healthy/fb91c09c5cd83de0.jpg,3,0,0.8853,0.8853,0.1078,0.0000,0.0069
fgvc8_by_class/healthy/c01f3997195b90f3.jpg,3,0,0.9277,0.9277,0.0475,0.0001,0.0247
fgvc8_by_class/healthy/ef2580343f9a36ca.jpg,3,3,0.7378,0.2560,0.0062,0.0000,0.7378
fgvc8_by_class/healthy/cf7891ca13dbe980.jpg,3,1,0.9035,0.0910,0.9035,0.0002,0.0053
fgvc8_by_class/healthy/d22c694f76c6d618.jpg,3,1,0.7403,0.2578,0.7403,0.0003,0.0016
fgvc8_by_class/healthy/aacaa2da5a38da71.jpg,3,0,0.7827,0.7827,0.1975,0.0001,0.0197
fgvc8_by_class/healthy/ad61976790b48f92.jpg,3,1,0.6493,0.1732,0.6493,0.0001,0.1773
fgvc8_by_class/healthy/f495908f8f9e6560.jpg,3,0,0.4940,0.4940,0.4334,0.0000,0.0725
fgvc8_by_class/healthy/811598a55ef8297f.jpg,3,1,0.9999,0.0001,0.9999,0.0000,0.0000
fgvc8_by_class/healthy/e3918e811cba3d3d.jpg,3,0,0.9348,0.9348,0.0528,0.0003,0.0121
fgvc8_by_class/healthy/a1bed512ea5a5ac2.jpg,3,0,0.6186,0.6186,0.3708,0.0001,0.0106
fgvc8_by_class/healthy/e63ab47a94411ced.jpg,3,0,0.6414,0.6414,0.3200,0.0001,0.0385
fgvc8_by_class/healthy/f482c216cff5181f.jpg,3,0,0.9786,0.9786,0.0003,0.0000,0.0211
fgvc8_by_class/healthy/fa28d49a096e3be1.jpg,3,0,0.9941,0.9941,0.0006,0.0000,0.0052
fgvc8_by_class/healthy/d0bc607d2d72f341.jpg,3,0,0.7982,0.7982,0.0639,0.0000,0.1379
fgvc8_by_class/healthy/fd7694555a9807a8.jpg,3,3,0.9938,0.0032,0.0030,0.0000,0.9938
fgvc8_by_class/healthy/e4f19402ce83f13f.jpg,3,0,0.9006,0.9006,0.0486,0.0003,0.0505
fgvc8_by_class/healthy/adb4d2a0d2d7a2ca.jpg,3,0,0.9597,0.9597,0.0002,0.0000,0.0401
fgvc8_by_class/healthy/f51828873ed39be0.jpg,3,0,0.7244,0.7244,0.0664,0.0000,0.2092
fgvc8_by_class/healthy/a57f9e7e8b008583.jpg,3,0,0.6985,0.6985,0.2580,0.0001,0.0434
fgvc8_by_class/healthy/badc8a6845327d53.jpg,3,1,0.8467,0.1527,0.8467,0.0000,0.0005
fgvc8_by_class/healthy/cb661b6c82793e98.jpg,3,1,0.9997,0.0001,0.9997,0.0002,0.0000
fgvc8_by_class/healthy/a1f53e88d48d2fa8.jpg,3,3,0.9973,0.0024,0.0002,0.0000,0.9973
fgvc8_by_class/healthy/f84d985729ba0aab.jpg,3,0,0.7909,0.7909,0.1904,0.0004,0.0182
fgvc8_by_class/healthy/91803d6d7aaa627e.jpg,3,0,0.7213,0.7213,0.2592,0.0002,0.0193
fgvc8_by_class/healthy/faebdc1a0ae9b880.jpg,3,1,0.9802,0.0197,0.9802,0.0000,0.0001
fgvc8_by_class/healthy/83a65ed1d28e9d83.jpg,3,0,0.7754,0.7754,0.0151,0.0001,0.2095
fgvc8_by_class/healthy/d8a16383a77e54b1.jpg,3,3,0.7578,0.2422,0.0000,0.0000,0.7578
fgvc8_by_class/healthy/b481dff018e7b870.jpg,3,0,0.8489,0.8489,0.0001,0.0000,0.1510
fgvc8_by_class/healthy/e99c99cf4d072712.jpg,3,1,0.7779,0.0485,0.7779,0.0000,0.1736
fgvc8_by_class/healthy/c6943070f79b18de.jpg,3,1,0.8917,0.1029,0.8917,0.0002,0.0051
fgvc8_by_class/healthy/a3f71324666c44bd.jpg,3,0,0.9659,0.9659,0.0142,0.0001,0.0199
fgvc8_by_class/healthy/ad2bd48aa8e517b4.jpg,3,0,0.8243,0.8243,0.0015,0.0000,0.1741
fgvc8_by_class/healthy/aecd941dde09e825.jpg,3,0,0.5283,0.5283,0.1487,0.0000,0.3230
fgvc8_by_class/healthy/d3f72f4a34647812.jpg,3,1,0.9931,0.0011,0.9931,0.0000,0.0058
fgvc8_by_class/healthy/8ba5d79798b86815.jpg,3,0,0.9629,0.9629,0.0001,0.0000,0.0370
fgvc8_by_class/healthy/fa89c7342f72308b.jpg,3,0,0.5821,0.5821,0.0003,0.0000,0.4176
fgvc8_by_class/healthy/a078976b5f86f1c0.jpg,3,1,0.6178,0.3320,0.6178,0.0000,0.0502
fgvc8_by_class/healthy/90a1b29e3556c9b7.jpg,3,0,0.9521,0.9521,0.0393,0.0000,0.0086
fgvc8_by_class/healthy/a39bd3c311438f3c.jpg,3,1,0.9477,0.0489,0.9477,0.0001,0.0034
fgvc8_by_class/healthy/e13dc681d6c251de.jpg,3,1,0.5113,0.4701,0.5113,0.0010,0.0176
fgvc8_by_class/healthy/85c5705c1f5abab8.jpg,3,0,0.9853,0.9853,0.0003,0.0000,0.0144
fgvc8_by_class/healthy/8949deb5aa9445f2.jpg,3,0,0.9622,0.9622,0.0332,0.0008,0.0038
fgvc8_by_class/healthy/84713e23c0d37b6e.jpg,3,3,0.9147,0.0630,0.0223,0.0000,0.9147
fgvc8_by_class/healthy/9af6d185bdc8660c.jpg,3,0,0.8763,0.8763,0.0383,0.0000,0.0854
fgvc8_by_class/healthy/fc738523d240a7cd.jpg,3,0,0.8253,0.8253,0.1594,0.0000,0.0152
fgvc8_by_class/healthy/b48ac9c8edc5e6c2.jpg,3,1,0.7723,0.1957,0.7723,0.0000,0.0320
fgvc8_by_class/healthy/b8cf1acafc310873.jpg,3,0,0.9869,0.9869,0.0003,0.0000,0.0128
fgvc8_by_class/healthy/a1a815ddb5611e9b.jpg,3,0,0.6408,0.6408,0.0433,0.0000,0.3160
fgvc8_by_class/healthy/faf500951f6a00fb.jpg,3,3,0.5417,0.4277,0.0305,0.0001,0.5417
fgvc8_by_class/healthy/81f98780ca8fcaed.jpg,3,0,0.9893,0.9893,0.0003,0.0000,0.0104
fgvc8_by_class/healthy/c88e88dd80f9bf51.jpg,3,0,0.9827,0.9827,0.0001,0.0000,0.0172
fgvc8_by_class/healthy/d0e04197af4b9d2d.jpg,3,0,0.9363,0.9363,0.0008,0.0000,0.0629
fgvc8_by_class/healthy/adcad2aa52d57342.jpg,3,0,0.9938,0.9938,0.0010,0.0000,0.0052
fgvc8_by_class/healthy/fe7a17c56884c662.jpg,3,0,0.9999,0.9999,0.0000,0.0000,0.0001
fgvc8_by_class/healthy/f4bd967a98c54984.jpg,3,3,0.5631,0.4369,0.0000,0.0000,0.5631
fgvc8_by_class/healthy/d45bc4df1c25612d.jpg,3,0,0.7211,0.7211,0.2522,0.0001,0.0267
fgvc8_by_class/healthy/a9bfd73e09b00cc1.jpg,3,0,0.9781,0.9781,0.0128,0.0000,0.0091
fgvc8_by_class/healthy/98ddd09991a9370f.jpg,3,0,0.8870,0.8870,0.0948,0.0000,0.0182
fgvc8_by_class/healthy/fbbec0c0052674dd.jpg,3,3,0.7482,0.2506,0.0012,0.0000,0.7482
fgvc8_by_class/healthy/9699c29285f81eed.jpg,3,0,0.8129,0.8129,0.0043,0.0000,0.1828
fgvc8_by_class/healthy/95f001e87e7562e3.jpg,3,0,0.9059,0.9059,0.0509,0.0009,0.0423
fgvc8_by_class/healthy/c65a0fc4c80fd4eb.jpg,3,1,0.9739,0.0137,0.9739,0.0000,0.0123
fgvc8_by_class/healthy/f0bd9f01383ee348.jpg,3,3,0.7035,0.2511,0.0452,0.0003,0.7035
fgvc8_by_class/healthy/96d969468ccd9565.jpg,3,0,0.7668,0.7668,0.1973,0.0011,0.0347
fgvc8_by_class/healthy/8e68163c62dc57d5.jpg,3,0,0.5468,0.5468,0.4292,0.0001,0.0239
fgvc8_by_class/healthy/bffb10816192a1fa.jpg,3,0,0.9247,0.9247,0.0197,0.0000,0.0556
fgvc8_by_class/healthy/dcf87ad164a74642.jpg,3,0,0.9943,0.9943,0.0051,0.0001,0.0006
fgvc8_by_class/healthy/9fd08acafc84e664.jpg,3,1,0.9974,0.0023,0.9974,0.0001,0.0001
fgvc8_by_class/healthy/d2149a9ee9592eb1.jpg,3,1,0.7405,0.2411,0.7405,0.0006,0.0179
fgvc8_by_class/healthy/aef1c2828f5d3a64.jpg,3,0,0.6786,0.6786,0.2902,0.0000,0.0312
fgvc8_by_class/healthy/95c25b7a7d1a0695.jpg,3,3,0.7716,0.1551,0.0733,0.0000,0.7716
fgvc8_by_class/healthy/ab8091d5e98bc8de.jpg,3,3,0.5177,0.4807,0.0015,0.0000,0.5177
fgvc8_by_class/healthy/cfc2ce06e432be0b.jpg,3,0,0.9941,0.9941,0.0010,0.0000,0.0049
fgvc8_by_class/healthy/fca994619de4e48a.jpg,3,0,0.6635,0.6635,0.1363,0.0002,0.2000
fgvc8_by_class/healthy/de81c03d2f09e6ce.jpg,3,0,0.9292,0.9292,0.0656,0.0004,0.0048
fgvc8_by_class/healthy/fa96105d4969ab78.jpg,3,0,0.8111,0.8111,0.0521,0.0001,0.1367
fgvc8_by_class/healthy/aea5474bad36b290.jpg,3,0,0.7826,0.7826,0.2030,0.0000,0.0144
fgvc8_by_class/healthy/eab0bcc3392fc20e.jpg,3,0,0.9837,0.9837,0.0004,0.0000,0.0159
fgvc8_by_class/healthy/99cbf69166724332.jpg,3,1,0.9310,0.0584,0.9310,0.0014,0.0092
fgvc8_by_class/healthy/e49e853c9ea51c27.jpg,3,3,0.8482,0.0067,0.1451,0.0000,0.8482
fgvc8_by_class/healthy/fe708516c8dc8adc.jpg,3,0,0.8954,0.8954,0.0062,0.0000,0.0983
fgvc8_by_class/healthy/89b71da28857e672.jpg,3,1,0.7819,0.2024,0.7819,0.0001,0.0156
fgvc8_by_class/healthy/f48ba2ce9ad84955.jpg,3,1,0.8282,0.1265,0.8282,0.0000,0.0453
fgvc8_by_class/healthy/fe339ee1038c07ac.jpg,3,1,0.9664,0.0319,0.9664,0.0001,0.0016
fgvc8_by_class/healthy/daefc1c8905f8139.jpg,3,0,0.7011,0.7011,0.2724,0.0000,0.0265
fgvc8_by_class/healthy/96299a350b35bb66.jpg,3,0,0.5159,0.5159,0.1094,0.0001,0.3745
fgvc8_by_class/healthy/c78e37e386c98989.jpg,3,1,0.9903,0.0083,0.9903,0.0000,0.0014
fgvc8_by_class/healthy/f497879797b06109.jpg,3,0,0.9418,0.9418,0.0445,0.0001,0.0135
fgvc8_by_class/healthy/c1cd9ac4a877a2dc.jpg,3,0,0.6808,0.6808,0.0001,0.0000,0.3191
fgvc8_by_class/healthy/8f302a9511b7e74e.jpg,3,0,0.9700,0.9700,0.0151,0.0000,0.0149
fgvc8_by_class/healthy/c4163a4b696b963b.jpg,3,0,0.6163,0.6163,0.3738,0.0007,0.0092
fgvc8_by_class/healthy/b565d204cd796d31.jpg,3,0,0.7097,0.7097,0.2277,0.0000,0.0626
fgvc8_by_class/healthy/d7b8c3c20f61389b.jpg,3,0,0.9789,0.9789,0.0001,0.0000,0.0210
fgvc8_by_class/healthy/96d1a52dac752237.jpg,3,0,0.9668,0.9668,0.0242,0.0001,0.0089
fgvc8_by_class/healthy/fbeec286cc9a5411.jpg,3,3,0.4196,0.3499,0.2304,0.0000,0.4196
fgvc8_by_class/healthy/a8469cafcc95cda1.jpg,3,0,0.9771,0.9771,0.0216,0.0000,0.0013
fgvc8_by_class/healthy/dfcd1a844cf2c89a.jpg,3,0,0.9302,0.9302,0.0028,0.0000,0.0670
fgvc8_by_class/healthy/90f45f2e2d1e2789.jpg,3,0,0.6371,0.6371,0.3560,0.0003,0.0067
fgvc8_by_class/healthy/fa3996a09fc2b90a.jpg,3,3,0.9626,0.0373,0.0001,0.0000,0.9626
fgvc8_by_class/healthy/f4b525d4b067b44c.jpg,3,0,0.9993,0.9993,0.0005,0.0000,0.0002
fgvc8_by_class/healthy/972896b94aaba4b5.jpg,3,0,0.4686,0.4686,0.3134,0.0000,0.2179
fgvc8_by_class/healthy/e0c2d2a2e2b6f51e.jpg,3,0,0.8653,0.8653,0.1312,0.0017,0.0018
fgvc8_by_class/healthy/ff847e06b4476660.jpg,3,3,0.9612,0.0388,0.0000,0.0000,0.9612
fgvc8_by_class/healthy/a22dc553bfd2ac0a.jpg,3,1,0.9813,0.0183,0.9813,0.0002,0.0002
fgvc8_by_class/healthy/e2c88ea3f155399c.jpg,3,0,0.9470,0.9470,0.0241,0.0001,0.0288
fgvc8_by_class/healthy/beb960c19fa688b1.jpg,3,0,0.9613,0.9613,0.0001,0.0000,0.0386
fgvc8_by_class/healthy/d8e47368301ee6cb.jpg,3,0,0.8627,0.8627,0.0593,0.0000,0.0779
fgvc8_by_class/healthy/fcc29a2fcc761892.jpg,3,0,0.6210,0.6210,0.0216,0.0000,0.3573
fgvc8_by_class/healthy/f0f597a1282f6472.jpg,3,3,0.5086,0.4911,0.0003,0.0000,0.5086
fgvc8_by_class/healthy/9b1667817e72266c.jpg,3,0,0.5228,0.5228,0.4533,0.0005,0.0234
fgvc8_by_class/healthy/9360389668b6dcdd.jpg,3,1,0.9581,0.0414,0.9581,0.0003,0.0002
fgvc8_by_class/healthy/80f4549ce81eefe1.jpg,3,1,0.9658,0.0205,0.9658,0.0008,0.0128
fgvc8_by_class/healthy/d3b9e199bc299461.jpg,3,1,0.6175,0.3753,0.6175,0.0014,0.0059
fgvc8_by_class/healthy/d18f7a9ae8f88d80.jpg,3,0,0.6361,0.6361,0.3058,0.0002,0.0580
fgvc8_by_class/healthy/f0c00bc0afc7a2ef.jpg,3,1,0.5443,0.4530,0.5443,0.0023,0.0003
fgvc8_by_class/healthy/e88fc05453f9a8ea.jpg,3,0,0.7254,0.7254,0.2378,0.0001,0.0366
fgvc8_by_class/healthy/aa90c2dbc5cd4dc6.jpg,3,3,0.7578,0.2422,0.0000,0.0000,0.7578
fgvc8_by_class/healthy/af0fce9658945a25.jpg,3,1,0.9874,0.0108,0.9874,0.0000,0.0018
fgvc8_by_class/healthy/e5ecc08a3c793873.jpg,3,3,0.6884,0.1036,0.2079,0.0000,0.6884
fgvc8_by_class/healthy/9dff08c36ca1037a.jpg,3,3,0.5849,0.3520,0.0631,0.0000,0.5849
fgvc8_by_class/healthy/c3d373e2e6063e44.jpg,3,0,0.8143,0.8143,0.1684,0.0001,0.0172
fgvc8_by_class/healthy/ad1ed212c992c9db.jpg,3,0,0.5310,0.5310,0.3246,0.0000,0.1443
fgvc8_by_class/healthy/e3a027abe04b1f4e.jpg,3,3,0.8770,0.1220,0.0011,0.0000,0.8770
fgvc8_by_class/healthy/aa35d69a5e5229e1.jpg,3,1,0.9451,0.0521,0.9451,0.0001,0.0028
fgvc8_by_class/healthy/e996c0951aa9d5ae.jpg,3,0,0.9567,0.9567,0.0032,0.0000,0.0401
fgvc8_by_class/healthy/a4b61ee1e996d4e0.jpg,3,0,0.5508,0.5508,0.4470,0.0001,0.0021
fgvc8_by_class/healthy/a0e98ad2b21ed65b.jpg,3,1,0.8563,0.1366,0.8563,0.0002,0.0069
fgvc8_by_class/healthy/a7da82951078773b.jpg,3,0,0.8097,0.8097,0.1396,0.0001,0.0506
fgvc8_by_class/healthy/a64cf7a8cc933c32.jpg,3,0,0.9980,0.9980,0.0002,0.0000,0.0018
fgvc8_by_class/healthy/c59bfac9182682de.jpg,3,1,0.7924,0.1542,0.7924,0.0000,0.0533
fgvc8_by_class/healthy/ef115aa9b49c056e.jpg,3,1,0.6517,0.3441,0.6517,0.0007,0.0036
fgvc8_by_class/healthy/89b949916b36cb9c.jpg,3,3,0.6348,0.3596,0.0057,0.0000,0.6348
fgvc8_by_class/healthy/a5d4d6c2ca0f4d17.jpg,3,0,0.9332,0.9332,0.0048,0.0000,0.0619
fgvc8_by_class/healthy/8911ca992a69eded.jpg,3,0,0.9533,0.9533,0.0034,0.0000,0.0433
fgvc8_by_class/healthy/a564f35bdc6c5602.jpg,3,0,0.9551,0.9551,0.0353,0.0000,0.0095
fgvc8_by_class/healthy/ff5e82d08bc3508b.jpg,3,0,0.7071,0.7071,0.2742,0.0001,0.0186
fgvc8_by_class/healthy/ad17d11fe75a8450.jpg,3,0,0.7496,0.7496,0.0003,0.0000,0.2501
fgvc8_by_class/healthy/edbce0d41d602b2b.jpg,3,1,0.9672,0.0301,0.9672,0.0001,0.0025
fgvc8_by_class/healthy/e0b6771e0beae901.jpg,3,1,0.9453,0.0419,0.9453,0.0003,0.0124
fgvc8_by_class/healthy/c5a2da4d9b2d51a5.jpg,3,1,0.7039,0.2738,0.7039,0.0010,0.0212
fgvc8_by_class/healthy/b560d2de9f29609a.jpg,3,0,0.9798,0.9798,0.0029,0.0000,0.0174
fgvc8_by_class/healthy/b89919f54baa216e.jpg,3,0,0.9968,0.9968,0.0005,0.0000,0.0026
fgvc8_by_class/healthy/f191871c3d759781.jpg,3,0,0.9458,0.9458,0.0288,0.0002,0.0251
fgvc8_by_class/healthy/d5183f837846ef60.jpg,3,1,0.5312,0.4579,0.5312,0.0002,0.0107
fgvc8_by_class/healthy/e8d5975c822aae2d.jpg,3,0,0.6697,0.6697,0.0000,0.0000,0.3303
fgvc8_by_class/healthy/bc51d26af4e5a08b.jpg,3,0,0.8044,0.8044,0.1740,0.0001,0.0215
fgvc8_by_class/healthy/f8b5d792d04b8949.jpg,3,0,0.9881,0.9881,0.0059,0.0000,0.0060
fgvc8_by_class/healthy/845e6e3b919ed660.jpg,3,0,0.8431,0.8431,0.0608,0.0001,0.0961
fgvc8_by_class/healthy/da16e2d596f10875.jpg,3,0,0.7533,0.7533,0.0002,0.0000,0.2465
fgvc8_by_class/healthy/cb99c188efc035e9.jpg,3,1,0.9764,0.0094,0.9764,0.0000,0.0142
fgvc8_by_class/healthy/c5ef7ee4a0a6a144.jpg,3,0,0.9620,0.9620,0.0015,0.0000,0.0365
fgvc8_by_class/healthy/9e6b2a936acf8542.jpg,3,0,0.9186,0.9186,0.0156,0.0000,0.0658
fgvc8_by_class/healthy/ed4ac5299e3139c3.jpg,3,3,0.8534,0.1013,0.0452,0.0000,0.8534
fgvc8_by_class/healthy/c8f34a9e5a6835cc.jpg,3,0,0.7120,0.7120,0.2871,0.0002,0.0007
fgvc8_by_class/healthy/f80f89f0d0c671cd.jpg,3,0,0.8681,0.8681,0.0029,0.0000,0.1290
fgvc8_by_class/healthy/f4c5cfa6c056a970.jpg,3,1,0.9790,0.0196,0.9790,0.0001,0.0014
fgvc8_by_class/healthy/bb92259da5fbc500.jpg,3,0,0.9748,0.9748,0.0000,0.0000,0.0251
fgvc8_by_class/healthy/f588106b4a037f77.jpg,3,3,0.7999,0.1907,0.0093,0.0000,0.7999
fgvc8_by_class/healthy/b4ab90aa4df4ef80.jpg,3,1,0.6312,0.3646,0.6312,0.0005,0.0036
fgvc8_by_class/healthy/dde28ec3cf565404.jpg,3,0,0.9318,0.9318,0.0277,0.0001,0.0404
fgvc8_by_class/healthy/aa5442c9da6ab93b.jpg,3,0,0.6911,0.6911,0.0004,0.0000,0.3085
fgvc8_by_class/healthy/bc9668d8ae99945c.jpg,3,0,0.8538,0.8538,0.1195,0.0000,0.0267
fgvc8_by_class/healthy/b8afa0aa8e671a17.jpg,3,0,0.9437,0.9437,0.0334,0.0000,0.0229
fgvc8_by_class/healthy/fea880b74f960c8b.jpg,3,0,0.5016,0.5016,0.3355,0.0001,0.1629
fgvc8_by_class/healthy/b5bfdcda1d182150.jpg,3,1,0.7691,0.2300,0.7691,0.0002,0.0007
fgvc8_by_class/healthy/deef9a7818684187.jpg,3,0,0.7490,0.7490,0.2456,0.0001,0.0053
fgvc8_by_class/healthy/f4cf9f10696b052c.jpg,3,1,0.9618,0.0301,0.9618,0.0000,0.0081
fgvc8_by_class/healthy/f87cc0d03e9e3616.jpg,3,3,0.3629,0.2766,0.3597,0.0008,0.3629
fgvc8_by_class/healthy/a89693a28b45ded6.jpg,3,1,0.5537,0.4389,0.5537,0.0020,0.0054
fgvc8_by_class/healthy/bfe8c0ec4ac5c552.jpg,3,0,0.8952,0.8952,0.0513,0.0000,0.0535
fgvc8_by_class/healthy/ece5cd0b1cf09269.jpg,3,3,0.4990,0.4508,0.0501,0.0000,0.4990
fgvc8_by_class/healthy/ad93e0face381634.jpg,3,0,0.8513,0.8513,0.0001,0.0000,0.1485
fgvc8_by_class/healthy/d0c6893a3633f359.jpg,3,0,0.6541,0.6541,0.2971,0.0001,0.0487
fgvc8_by_class/healthy/9f2174f703ca3961.jpg,3,3,0.7800,0.0581,0.1619,0.0000,0.7800
fgvc8_by_class/healthy/d82f93d9a31905f8.jpg,3,1,0.9942,0.0056,0.9942,0.0000,0.0002
fgvc8_by_class/healthy/cbec2f02c0f27cca.jpg,3,1,0.7618,0.2267,0.7618,0.0016,0.0098
fgvc8_by_class/healthy/a7c2efca8b1b882a.jpg,3,0,0.8639,0.8639,0.0966,0.0118,0.0276
fgvc8_by_class/healthy/a9d282fa8bc135ad.jpg,3,0,0.8872,0.8872,0.0051,0.0000,0.1076
fgvc8_by_class/healthy/fa8bd0dfaa18a115.jpg,3,0,0.7091,0.7091,0.2169,0.0001,0.0739
fgvc8_by_class/healthy/85a335c53f94c6a3.jpg,3,1,0.9001,0.0985,0.9001,0.0005,0.0010
fgvc8_by_class/healthy/f83a91551f1e683a.jpg,3,3,0.4838,0.4590,0.0572,0.0001,0.4838
fgvc8_by_class/healthy/b143e06856e91bf3.jpg,3,1,0.8390,0.1583,0.8390,0.0002,0.0026
fgvc8_by_class/healthy/e112d5f2c561169f.jpg,3,3,0.8973,0.1027,0.0000,0.0000,0.8973
fgvc8_by_class/healthy/c9938c1d3ae6b3a1.jpg,3,0,0.9556,0.9556,0.0316,0.0000,0.0128
fgvc8_by_class/healthy/a46b50cd233dece2.jpg,3,1,0.8282,0.1481,0.8282,0.0001,0.0237
fgvc8_by_class/healthy/c4bf629ca7a8817a.jpg,3,0,0.8387,0.8387,0.0024,0.0000,0.1588
fgvc8_by_class/healthy/eb10cbb9ad1a8c2b.jpg,3,0,0.9710,0.9710,0.0235,0.0000,0.0054
fgvc8_by_class/healthy/f610d8adc9c207fa.jpg,3,3,0.7760,0.1543,0.0697,0.0000,0.7760
fgvc8_by_class/healthy/aac5b615f2b91983.jpg,3,0,0.9680,0.9680,0.0047,0.0014,0.0258
fgvc8_by_class/healthy/81b61a9974673bcc.jpg,3,1,0.9965,0.0023,0.9965,0.0000,0.0012
fgvc8_by_class/healthy/c7669eb11b1a3b18.jpg,3,1,0.9626,0.0337,0.9626,0.0012,0.0025
fgvc8_by_class/healthy/fd2e5244551730ed.jpg,3,0,0.9961,0.9961,0.0001,0.0000,0.0038
fgvc8_by_class/healthy/a6b8d775d2c50163.jpg,3,0,0.9371,0.9371,0.0045,0.0000,0.0584
fgvc8_by_class/healthy/b2999b69da846d98.jpg,3,3,0.7075,0.2892,0.0033,0.0000,0.7075
fgvc8_by_class/healthy/a857f057f08ade81.jpg,3,3,0.5991,0.3387,0.0622,0.0000,0.5991
fgvc8_by_class/healthy/fc0fc85755b184b1.jpg,3,3,0.7022,0.2950,0.0028,0.0000,0.7022
fgvc8_by_class/healthy/e083471e9e9893b7.jpg,3,3,0.5742,0.4177,0.0081,0.0000,0.5742
fgvc8_by_class/healthy/d9f3a4cd32678c30.jpg,3,0,0.5755,0.5755,0.3819,0.0000,0.0425
fgvc8_by_class/healthy/a09f86e08fc5e03f.jpg,3,0,0.4731,0.4731,0.4731,0.0001,0.0537
fgvc8_by_class/healthy/ba6ab2d045d235f4.jpg,3,3,0.5543,0.4454,0.0003,0.0000,0.5543
fgvc8_by_class/healthy/a17e809da90db6b3.jpg,3,0,0.9896,0.9896,0.0000,0.0000,0.0104
fgvc8_by_class/healthy/c97f0593ac3974b0.jpg,3,3,0.5233,0.4765,0.0003,0.0000,0.5233
fgvc8_by_class/healthy/da0dcde42ccfe680.jpg,3,1,0.8122,0.1870,0.8122,0.0000,0.0008
fgvc8_by_class/healthy/c8d2da9a82c6e3ad.jpg,3,0,0.9590,0.9590,0.0013,0.0000,0.0397
fgvc8_by_class/healthy/ba919478dc6ccc66.jpg,3,0,0.6318,0.6318,0.1266,0.0001,0.2415
fgvc8_by_class/healthy/a2d2c2ca5ad55ea5.jpg,3,1,0.7449,0.2534,0.7449,0.0002,0.0014
fgvc8_by_class/healthy/ce1c2dac3192c737.jpg,3,1,0.8512,0.1445,0.8512,0.0006,0.0037
fgvc8_by_class/healthy/c0a3e1e98755fd44.jpg,3,1,0.8111,0.1842,0.8111,0.0000,0.0047
fgvc8_by_class/healthy/b4ba97508bd588e5.jpg,3,0,0.7949,0.7949,0.2038,0.0001,0.0013
fgvc8_by_class/healthy/a4c99cde7ca46266.jpg,3,0,0.9472,0.9472,0.0452,0.0000,0.0075
fgvc8_by_class/healthy/967b689242d493f5.jpg,3,1,0.9094,0.0174,0.9094,0.0002,0.0731
fgvc8_by_class/healthy/d2427dac331d695c.jpg,3,0,0.9879,0.9879,0.0017,0.0000,0.0104
fgvc8_by_class/healthy/a8ef34d3b0f14370.jpg,3,3,0.5745,0.4186,0.0069,0.0000,0.5745
fgvc8_by_class/healthy/d4337000e09fb7bd.jpg,3,1,0.5419,0.4423,0.5419,0.0001,0.0157
fgvc8_by_class/healthy/e0ea0ad5f7030f17.jpg,3,0,0.4781,0.4781,0.0462,0.0003,0.4753
fgvc8_by_class/healthy/f7dacac706874d04.jpg,3,0,0.7272,0.7272,0.2018,0.0004,0.0706
fgvc8_by_class/healthy/85c06fa14595979f.jpg,3,0,0.7246,0.7246,0.0004,0.0000,0.2750
fgvc8_by_class/healthy/f4f03ec0d2d085b7.jpg,3,0,0.7327,0.7327,0.2055,0.0015,0.0603
fgvc8_by_class/healthy/aaff3ba4f8924092.jpg,3,0,0.8946,0.8946,0.0916,0.0000,0.0138
fgvc8_by_class/healthy/df32c54b91cc32e8.jpg,3,0,0.9914,0.9914,0.0000,0.0000,0.0085
fgvc8_by_class/healthy/cdea993dece06830.jpg,3,0,0.9086,0.9086,0.0014,0.0000,0.0900
fgvc8_by_class/healthy/8ddaac1bd6c8cd0a.jpg,3,0,0.9666,0.9666,0.0000,0.0000,0.0334
fgvc8_by_class/healthy/ff12c2c20aa43fb6.jpg,3,0,0.7866,0.7866,0.0000,0.0000,0.2134
fgvc8_by_class/healthy/fcd486545a7a2a27.jpg,3,3,0.8317,0.1308,0.0374,0.0000,0.8317
fgvc8_by_class/healthy/ad6ad650c8a555b6.jpg,3,0,0.8209,0.8209,0.0803,0.0001,0.0987
fgvc8_by_class/healthy/de6c448e38d3961e.jpg,3,0,0.9885,0.9885,0.0001,0.0000,0.0114
fgvc8_by_class/healthy/fdad80d016de1acc.jpg,3,0,0.9888,0.9888,0.0001,0.0000,0.0111
fgvc8_by_class/healthy/e2fa3a23d3cb0d12.jpg,3,0,0.5077,0.5077,0.4192,0.0006,0.0725
fgvc8_by_class/healthy/dda12f3f81052d74.jpg,3,0,0.9945,0.9945,0.0042,0.0000,0.0013
fgvc8_by_class/healthy/db6067d944836ea3.jpg,3,1,0.9902,0.0090,0.9902,0.0005,0.0003
fgvc8_by_class/healthy/9fd400d5d66976a2.jpg,3,0,0.5870,0.5870,0.0173,0.0016,0.3941
fgvc8_by_class/healthy/97a58fc648ae9878.jpg,3,0,0.6195,0.6195,0.0761,0.0000,0.3043
fgvc8_by_class/healthy/d5b23ff00ba8c583.jpg,3,0,0.9858,0.9858,0.0008,0.0000,0.0133
fgvc8_by_class/healthy/c0e1616f4d439b9b.jpg,3,3,0.9930,0.0070,0.0000,0.0000,0.9930
fgvc8_by_class/healthy/afcf958fcaca0109.jpg,3,0,0.9421,0.9421,0.0032,0.0000,0.0546
fgvc8_by_class/healthy/d73b2cd90f4886b4.jpg,3,1,0.6228,0.1365,0.6228,0.0001,0.2406
fgvc8_by_class/healthy/cfb54e1b11de221c.jpg,3,1,0.8029,0.1841,0.8029,0.0001,0.0129
fgvc8_by_class/healthy/ae7e82e8d2415dca.jpg,3,0,0.8620,0.8620,0.1133,0.0003,0.0245
fgvc8_by_class/healthy/ab6c85b5c894f45a.jpg,3,0,0.5712,0.5712,0.0075,0.0000,0.4212
fgvc8_by_class/healthy/f4270a944de9e7e0.jpg,3,0,0.7838,0.7838,0.1947,0.0005,0.0210
fgvc8_by_class/healthy/97b5e5ccc74c4544.jpg,3,1,0.9073,0.0848,0.9073,0.0007,0.0073
fgvc8_by_class/healthy/a158872f4a725b6e.jpg,3,1,0.7873,0.2022,0.7873,0.0000,0.0105
fgvc8_by_class/healthy/ad377f20e0ca52a5.jpg,3,0,0.6113,0.6113,0.0001,0.0000,0.3886
fgvc8_by_class/healthy/f294f1c270e52ca7.jpg,3,1,0.9835,0.0159,0.9835,0.0006,0.0000
fgvc8_by_class/healthy/bdfb41d1f9a28070.jpg,3,0,0.8689,0.8689,0.0037,0.0000,0.1274
fgvc8_by_class/healthy/ef0e87a0da86e19a.jpg,3,3,0.4174,0.3467,0.2360,0.0000,0.4174
fgvc8_by_class/healthy/d89fc424df921a56.jpg,3,1,0.8104,0.1808,0.8104,0.0001,0.0087
fgvc8_by_class/healthy/c7b79dc84d496498.jpg,3,1,0.6111,0.3847,0.6111,0.0029,0.0012
fgvc8_by_class/healthy/f0e1c69f98d11939.jpg,3,0,0.8728,0.8728,0.0012,0.0000,0.1260
fgvc8_by_class/healthy/dd4e6b947a61d061.jpg,3,3,0.7754,0.2174,0.0071,0.0000,0.7754
fgvc8_by_class/healthy/b6dcb7944a82384f.jpg,3,0,0.6983,0.6983,0.2998,0.0008,0.0011
fgvc8_by_class/healthy/bbbdc0d16223259b.jpg,3,1,0.8735,0.1040,0.8735,0.0001,0.0224
fgvc8_by_class/healthy/c3b0339cccecac27.jpg,3,0,0.7371,0.7371,0.0001,0.0000,0.2628
fgvc8_by_class/healthy/cde12b82c8799cc7.jpg,3,3,0.6324,0.3674,0.0002,0.0000,0.6324
fgvc8_by_class/healthy/e4fbdc902d920fc2.jpg,3,0,0.9759,0.9759,0.0000,0.0000,0.0241
fgvc8_by_class/healthy/bb1e4d683c97a44a.jpg,3,1,0.6223,0.3241,0.6223,0.0002,0.0533
fgvc8_by_class/healthy/c0f896d7dbad05a0.jpg,3,0,0.9081,0.9081,0.0878,0.0000,0.0040
fgvc8_by_class/healthy/da0775fd870855b0.jpg,3,1,0.9991,0.0006,0.9991,0.0000,0.0002
fgvc8_by_class/healthy/f4e402c49407fde7.jpg,3,3,0.8436,0.1314,0.0250,0.0000,0.8436
fgvc8_by_class/healthy/f43cc332c3b2cb1a.jpg,3,0,0.5341,0.5341,0.4604,0.0001,0.0054
fgvc8_by_class/healthy/9484ebb59493bcc5.jpg,3,0,0.9960,0.9960,0.0000,0.0000,0.0040
fgvc8_by_class/healthy/a45acb7c84669f23.jpg,3,3,0.7241,0.0162,0.2597,0.0000,0.7241
fgvc8_by_class/healthy/94a386b68ebfd0d0.jpg,3,0,0.9659,0.9659,0.0237,0.0004,0.0100
fgvc8_by_class/healthy/b8bd80f8b1c9e07c.jpg,3,3,0.7349,0.2651,0.0000,0.0000,0.7349
fgvc8_by_class/healthy/bfef9081d499c609.jpg,3,0,0.8807,0.8807,0.0629,0.0000,0.0564
fgvc8_by_class/healthy/d7806f2be4e1d0c3.jpg,3,0,0.6836,0.6836,0.3099,0.0000,0.0064
fgvc8_by_class/healthy/b1d299c58197ea96.jpg,3,1,0.8303,0.1680,0.8303,0.0003,0.0014
fgvc8_by_class/healthy/e5ac9c05f197471a.jpg,3,3,0.9372,0.0069,0.0558,0.0000,0.9372
fgvc8_by_class/healthy/adb0dcc2cdc0c2f6.jpg,3,1,0.5829,0.3960,0.5829,0.0002,0.0209
fgvc8_by_class/healthy/a83bee3bc07e808d.jpg,3,0,0.9962,0.9962,0.0000,0.0000,0.0038
fgvc8_by_class/healthy/b5788bcf0e9c9053.jpg,3,3,0.7364,0.2636,0.0001,0.0000,0.7364
fgvc8_by_class/healthy/eeec941f18c07c78.jpg,3,0,0.9806,0.9806,0.0090,0.0001,0.0103
fgvc8_by_class/healthy/b4a6c316dd5f4858.jpg,3,3,0.6498,0.3492,0.0010,0.0000,0.6498
fgvc8_by_class/healthy/a49d9e8c4936a573.jpg,3,0,0.9973,0.9973,0.0000,0.0000,0.0027
fgvc8_by_class/healthy/aee095975641dab2.jpg,3,0,0.8093,0.8093,0.0860,0.0003,0.1044
fgvc8_by_class/healthy/a0a5b23a8ec8cfa7.jpg,3,1,0.9840,0.0145,0.9840,0.0005,0.0010
fgvc8_by_class/healthy/e642dddf1c19312c.jpg,3,1,0.7415,0.2563,0.7415,0.0001,0.0021
fgvc8_by_class/healthy/a514ca4d47235f37.jpg,3,1,0.8463,0.1511,0.8463,0.0012,0.0013
fgvc8_by_class/healthy/bed5b1091f2748f0.jpg,3,1,0.9942,0.0051,0.9942,0.0001,0.0006
fgvc8_by_class/healthy/feeacab409b2a053.jpg,3,0,0.8689,0.8689,0.0049,0.0000,0.1262
fgvc8_by_class/healthy/f72d2b1b007f9483.jpg,3,1,0.7436,0.2560,0.7436,0.0000,0.0004
fgvc8_by_class/healthy/b0e6cfe4e649e444.jpg,3,0,0.9753,0.9753,0.0018,0.0000,0.0229
fgvc8_by_class/healthy/85929aad6d5591d9.jpg,3,0,0.7474,0.7474,0.2214,0.0000,0.0312
fgvc8_by_class/healthy/c05f368311f83e2f.jpg,3,0,0.8474,0.8474,0.0033,0.0000,0.1493
fgvc8_by_class/healthy/bfc0d260c7179e2c.jpg,3,0,0.8058,0.8058,0.1803,0.0017,0.0122
fgvc8_by_class/healthy/93a1d1d6e69a7451.jpg,3,0,0.9879,0.9879,0.0025,0.0000,0.0097
fgvc8_by_class/healthy/d2d2cb146522776b.jpg,3,1,0.9692,0.0289,0.9692,0.0010,0.0009
fgvc8_by_class/healthy/ede81a32efa83ac0.jpg,3,1,0.7383,0.2435,0.7383,0.0009,0.0173
fgvc8_by_class/healthy/e5be46a8172e62f0.jpg,3,0,0.9982,0.9982,0.0006,0.0000,0.0013
fgvc8_by_class/healthy/b99416e07cf1ed88.jpg,3,0,0.6995,0.6995,0.2950,0.0021,0.0034
fgvc8_by_class/healthy/b5fc90d457c3220f.jpg,3,0,0.6475,0.6475,0.0495,0.0000,0.3029
fgvc8_by_class/healthy/80a4c7f6ad9a55d8.jpg,3,0,0.5327,0.5327,0.0691,0.0000,0.3982
fgvc8_by_class/healthy/c0368d6668ff209f.jpg,3,0,0.6377,0.6377,0.3556,0.0002,0.0064
fgvc8_by_class/healthy/c2c5f8f132927f18.jpg,3,1,0.9633,0.0357,0.9633,0.0007,0.0004
fgvc8_by_class/healthy/b44990446afe1fa7.jpg,3,0,0.8674,0.8674,0.1209,0.0001,0.0117
fgvc8_by_class/healthy/aa8afc4cc07d1f70.jpg,3,1,0.7601,0.2309,0.7601,0.0001,0.0089
fgvc8_by_class/healthy/daa264512ab3b3e5.jpg,3,0,0.9128,0.9128,0.0775,0.0009,0.0089
fgvc8_by_class/healthy/fdd605c4d0e0e83d.jpg,3,0,0.9500,0.9500,0.0316,0.0000,0.0184
fgvc8_by_class/healthy/bdf7f8d8e882808c.jpg,3,0,0.6984,0.6984,0.2358,0.0002,0.0656
fgvc8_by_class/healthy/ea36ea5c4d9552a1.jpg,3,0,0.6817,0.6817,0.0000,0.0000,0.3183
fgvc8_by_class/healthy/94c350bfec80bf2c.jpg,3,3,0.5380,0.4620,0.0000,0.0000,0.5380
fgvc8_by_class/healthy/ffe7838f0024ff00.jpg,3,0,0.9931,0.9931,0.0000,0.0000,0.0068
fgvc8_by_class/healthy/a1f89448e061bf7b.jpg,3,0,0.9213,0.9213,0.0038,0.0000,0.0749
fgvc8_by_class/healthy/f4a5e018fe318ec3.jpg,3,0,0.8471,0.8471,0.0919,0.0000,0.0610
fgvc8_by_class/healthy/839b918b7ced00fc.jpg,3,1,0.4946,0.4447,0.4946,0.0013,0.0594
fgvc8_by_class/healthy/8a791370f72487ae.jpg,3,3,0.5564,0.4436,0.0000,0.0000,0.5564
fgvc8_by_class/healthy/dca33a9ae3261a72.jpg,3,3,0.8212,0.1662,0.0126,0.0000,0.8212
fgvc8_by_class/healthy/a5d6da89493522eb.jpg,3,1,0.5680,0.4164,0.5680,0.0001,0.0155
fgvc8_by_class/healthy/d5e61a986ec3d01d.jpg,3,3,0.6926,0.3073,0.0001,0.0000,0.6926
fgvc8_by_class/healthy/ea57e41fc0fd00f0.jpg,3,0,0.6112,0.6112,0.0003,0.0000,0.3885
fgvc8_by_class/healthy/a2cac0c2e9bbf12d.jpg,3,0,0.9825,0.9825,0.0124,0.0000,0.0050
fgvc8_by_class/healthy/cdca8f5b017325e4.jpg,3,3,0.7809,0.2177,0.0015,0.0000,0.7809
fgvc8_by_class/healthy/f50c827f954fa81a.jpg,3,0,0.9615,0.9615,0.0332,0.0000,0.0053
fgvc8_by_class/healthy/915f5a3ee086c13d.jpg,3,1,0.9856,0.0106,0.9856,0.0000,0.0038
fgvc8_by_class/healthy/f9d1d38ec42a5e28.jpg,3,0,0.9023,0.9023,0.0704,0.0000,0.0273
fgvc8_by_class/healthy/b505c7a5e0db0da3.jpg,3,0,0.9625,0.9625,0.0345,0.0001,0.0029
fgvc8_by_class/healthy/f4e38c8d28cf112f.jpg,3,0,0.6573,0.6573,0.0003,0.0000,0.3423
fgvc8_by_class/healthy/b00c977d23f02fd4.jpg,3,1,0.5432,0.3898,0.5432,0.0000,0.0670
fgvc8_by_class/healthy/b47199950ddf268c.jpg,3,1,0.6920,0.2982,0.6920,0.0000,0.0097
fgvc8_by_class/healthy/96d88e1f6a9e4986.jpg,3,0,0.7933,0.7933,0.0187,0.0000,0.1881
fgvc8_by_class/healthy/ca3d0936e52669c7.jpg,3,3,0.5678,0.4320,0.0002,0.0000,0.5678
fgvc8_by_class/healthy/c52c1a7265f13d8e.jpg,3,0,0.8080,0.8080,0.1137,0.0000,0.0782
fgvc8_by_class/healthy/e1bd81a46d56e45a.jpg,3,0,0.7754,0.7754,0.0037,0.0000,0.2209
fgvc8_by_class/healthy/da51a8593de5466c.jpg,3,3,0.8071,0.1847,0.0082,0.0000,0.8071
fgvc8_by_class/healthy/a2c3ca6db8b45a9a.jpg,3,1,0.8365,0.1448,0.8365,0.0001,0.0186
fgvc8_by_class/healthy/dfc6621a8d273139.jpg,3,0,0.9793,0.9793,0.0149,0.0000,0.0058
fgvc8_by_class/healthy/fcf485f4d0a00bc7.jpg,3,0,0.5383,0.5383,0.0013,0.0000,0.4604
fgvc8_by_class/healthy/cfd9b1c23922e70c.jpg,3,1,0.7636,0.1998,0.7636,0.0000,0.0365
fgvc8_by_class/healthy/ab919c8f84cbcd1c.jpg,3,0,0.5468,0.5468,0.4376,0.0000,0.0156
fgvc8_by_class/healthy/b84e05ccaa9bb13b.jpg,3,1,0.7889,0.0554,0.7889,0.0000,0.1556
fgvc8_by_class/healthy/a38d13f853d0f8f0.jpg,3,0,0.9965,0.9965,0.0000,0.0000,0.0035
fgvc8_by_class/healthy/84f81ac3c5ed6566.jpg,3,0,0.9669,0.9669,0.0001,0.0000,0.0330
fgvc8_by_class/healthy/edef81038cf08c9b.jpg,3,0,0.8322,0.8322,0.1446,0.0000,0.0231
fgvc8_by_class/healthy/a6b1944391edd66a.jpg,3,0,0.7097,0.7097,0.2182,0.0001,0.0720
fgvc8_by_class/healthy/aba055a8d25fbd41.jpg,3,0,0.9959,0.9959,0.0003,0.0000,0.0038
fgvc8_by_class/healthy/a5869acf84c9cdc5.jpg,3,1,0.9965,0.0021,0.9965,0.0000,0.0013
fgvc8_by_class/healthy/c5691ba1c2975b3a.jpg,3,3,0.8437,0.1404,0.0158,0.0000,0.8437
fgvc8_by_class/healthy/ff08c71cf0b42ba2.jpg,3,0,0.9763,0.9763,0.0044,0.0000,0.0192
fgvc8_by_class/healthy/d69ca9cac9c5944d.jpg,3,1,0.8900,0.1073,0.8900,0.0000,0.0027
fgvc8_by_class/healthy/b43f8a609d7f094c.jpg,3,0,0.9990,0.9990,0.0002,0.0000,0.0009
fgvc8_by_class/healthy/93b38ee5a405357c.jpg,3,0,0.8641,0.8641,0.0490,0.0002,0.0867
fgvc8_by_class/healthy/fc01c79c9ee107e1.jpg,3,0,0.7009,0.7009,0.0000,0.0000,0.2991
fgvc8_by_class/healthy/c1313b58da19bde1.jpg,3,1,0.9983,0.0014,0.9983,0.0001,0.0002
fgvc8_by_class/healthy/d76be28063672d15.jpg,3,0,0.5969,0.5969,0.0008,0.0000,0.4023
fgvc8_by_class/healthy/fad4d0ffda104b20.jpg,3,1,0.8451,0.0823,0.8451,0.0000,0.0726
fgvc8_by_class/healthy/81b331e1c1720fdf.jpg,3,3,0.6834,0.3165,0.0001,0.0000,0.6834
fgvc8_by_class/healthy/d6a5c30fade81c45.jpg,3,0,0.9789,0.9789,0.0175,0.0000,0.0036
fgvc8_by_class/healthy/f585d0d2caeaeb02.jpg,3,0,0.9820,0.9820,0.0013,0.0000,0.0167
fgvc8_by_class/healthy/94b531898979f38b.jpg,3,0,0.8505,0.8505,0.0000,0.0000,0.1495
fgvc8_by_class/healthy/e1f5b4e4a38c561c.jpg,3,0,0.7333,0.7333,0.2569,0.0001,0.0097
fgvc8_by_class/healthy/fd1fa7f0040be03a.jpg,3,0,0.8750,0.8750,0.1070,0.0000,0.0181
fgvc8_by_class/healthy/b512dae909d6d4d4.jpg,3,0,0.8686,0.8686,0.0603,0.0001,0.0710
fgvc8_by_class/healthy/c7c7d058d9c38556.jpg,3,0,0.9753,0.9753,0.0091,0.0000,0.0156
fgvc8_by_class/healthy/fc30c5c30a4f7a9c.jpg,3,0,0.5026,0.5026,0.3713,0.0001,0.1260
fgvc8_by_class/healthy/dbf568c23557c08a.jpg,3,1,0.8447,0.0822,0.8447,0.0001,0.0730
fgvc8_by_class/healthy/94a0d880a99fb5fd.jpg,3,1,0.9563,0.0339,0.9563,0.0000,0.0098
fgvc8_by_class/healthy/da0c77d1c00bfcc3.jpg,3,0,0.6547,0.6547,0.3311,0.0003,0.0139
fgvc8_by_class/healthy/8d5133fd9ca75428.jpg,3,3,0.5295,0.4664,0.0040,0.0000,0.5295
fgvc8_by_class/healthy/a18e9b0d487664f7.jpg,3,0,0.6601,0.6601,0.3378,0.0014,0.0007
fgvc8_by_class/healthy/b4e0ca59d6d46b46.jpg,3,1,0.9938,0.0049,0.9938,0.0006,0.0008
fgvc8_by_class/healthy/f0bc7202cfea5b18.jpg,3,1,0.9623,0.0370,0.9623,0.0003,0.0004
fgvc8_by_class/healthy/c9aac762267331d9.jpg,3,0,0.9913,0.9913,0.0006,0.0000,0.0082
fgvc8_by_class/healthy/af31d6b348d32549.jpg,3,0,0.8564,0.8564,0.1021,0.0000,0.0416
fgvc8_by_class/healthy/97603f943f0ac1dc.jpg,3,3,0.9707,0.0288,0.0005,0.0000,0.9707
fgvc8_by_class/healthy/adb47b81930395cd.jpg,3,0,0.8866,0.8866,0.0080,0.0000,0.1055
fgvc8_by_class/healthy/9ef144c9da1a616d.jpg,3,1,0.8715,0.0942,0.8715,0.0001,0.0342
fgvc8_by_class/healthy/aea503cabc71e18e.jpg,3,0,0.8848,0.8848,0.0827,0.0018,0.0307
fgvc8_by_class/healthy/88216ed77666562e.jpg,3,0,0.5449,0.5449,0.0113,0.0000,0.4438
fgvc8_by_class/healthy/e0c45ec7e48df01b.jpg,3,3,0.9954,0.0046,0.0000,0.0000,0.9954
fgvc8_by_class/healthy/b5a7888e09cee987.jpg,3,1,0.9907,0.0087,0.9907,0.0003,0.0003
fgvc8_by_class/healthy/c6c4c4961b3f13e3.jpg,3,0,0.6392,0.6392,0.3503,0.0000,0.0105
fgvc8_by_class/healthy/c8232d72e49307df.jpg,3,1,0.9828,0.0164,0.9828,0.0000,0.0008
fgvc8_by_class/healthy/adfdc4e00ec3411f.jpg,3,0,0.7839,0.7839,0.0001,0.0000,0.2160
fgvc8_by_class/healthy/d6c64d877cfc3808.jpg,3,0,0.9937,0.9937,0.0003,0.0000,0.0060
fgvc8_by_class/healthy/d0e4bb7ee916032a.jpg,3,1,0.5110,0.4554,0.5110,0.0005,0.0331
fgvc8_by_class/healthy/d6a1d5ca9fb42b40.jpg,3,0,0.9975,0.9975,0.0007,0.0000,0.0017
fgvc8_by_class/healthy/df99c2f09c4e30a3.jpg,3,1,0.9689,0.0254,0.9689,0.0003,0.0053
fgvc8_by_class/healthy/b7cc0f91c0d9e9c8.jpg,3,0,0.8610,0.8610,0.1266,0.0004,0.0120
fgvc8_by_class/healthy/dd9781df23b58520.jpg,3,1,0.9754,0.0242,0.9754,0.0003,0.0001
fgvc8_by_class/healthy/ebd095f2942d86d4.jpg,3,0,0.8623,0.8623,0.0002,0.0000,0.1375
fgvc8_by_class/healthy/f99bd07118e01f3c.jpg,3,1,0.6530,0.1635,0.6530,0.0000,0.1835
fgvc8_by_class/healthy/c2a9ebb1307c7cc4.jpg,3,1,0.9996,0.0004,0.9996,0.0000,0.0000
fgvc8_by_class/healthy/b8572f41970fe0f0.jpg,3,1,0.7662,0.2305,0.7662,0.0000,0.0032
fgvc8_by_class/healthy/f49f808296935b1f.jpg,3,0,0.4565,0.4565,0.1079,0.0000,0.4356
fgvc8_by_class/healthy/d480c5bd2f3e14f4.jpg,3,0,0.5065,0.5065,0.4861,0.0000,0.0074
fgvc8_by_class/healthy/d75acafcf82444a4.jpg,3,0,0.9651,0.9651,0.0047,0.0000,0.0302
fgvc8_by_class/healthy/f4e1de628984e9d4.jpg,3,1,0.9954,0.0034,0.9954,0.0006,0.0006
fgvc8_by_class/healthy/bc8292dbca8dc85d.jpg,3,0,0.7923,0.7923,0.1027,0.0000,0.1050
fgvc8_by_class/healthy/c96cc5d28d346c9b.jpg,3,0,0.9249,0.9249,0.0008,0.0000,0.0743
fgvc8_by_class/healthy/b2969a8dca1bc51e.jpg,3,1,0.5621,0.4361,0.5621,0.0004,0.0014
fgvc8_by_class/healthy/fdb184d0d9cd234a.jpg,3,1,0.4890,0.3680,0.4890,0.0002,0.1428
fgvc8_by_class/healthy/fe1cdcc88fe025e0.jpg,3,0,0.9819,0.9819,0.0143,0.0001,0.0037
fgvc8_by_class/healthy/f5a5c4f50f8a8478.jpg,3,1,0.9939,0.0056,0.9939,0.0002,0.0003
fgvc8_by_class/healthy/aa9e90cec8b5ada1.jpg,3,0,0.9361,0.9361,0.0591,0.0000,0.0047
fgvc8_by_class/healthy/8722c2d61db5eea8.jpg,3,0,0.7289,0.7289,0.0034,0.0000,0.2676
fgvc8_by_class/healthy/fe57c0983120dbb3.jpg,3,0,0.9960,0.9960,0.0003,0.0000,0.0037
fgvc8_by_class/healthy/e19ca5d094ef7542.jpg,3,0,0.7971,0.7971,0.1063,0.0000,0.0965
fgvc8_by_class/healthy/d4b535926ae9682b.jpg,3,0,0.6197,0.6197,0.1432,0.0000,0.2371
fgvc8_by_class/healthy/f8f18ac01fda20fa.jpg,3,0,0.9126,0.9126,0.0007,0.0000,0.0867
fgvc8_by_class/healthy/818ad34b7a6ab59c.jpg,3,1,0.9960,0.0034,0.9960,0.0005,0.0002
fgvc8_by_class/healthy/b8a7129a2ff86cc1.jpg,3,0,0.7795,0.7795,0.1493,0.0001,0.0711
fgvc8_by_class/healthy/fc17ca8dbdc83e00.jpg,3,0,0.9978,0.9978,0.0005,0.0000,0.0017
fgvc8_by_class/healthy/eacec0dd03a03fd1.jpg,3,0,0.9231,0.9231,0.0037,0.0000,0.0732
fgvc8_by_class/healthy/c0642fcf6b8bb10e.jpg,3,3,0.6481,0.3415,0.0104,0.0000,0.6481
fgvc8_by_class/healthy/e3949fb818373526.jpg,3,1,0.8565,0.1288,0.8565,0.0004,0.0143
fgvc8_by_class/healthy/94adc09d958de497.jpg,3,0,0.9769,0.9769,0.0000,0.0000,0.0231
fgvc8_by_class/healthy/e009d6350e67dd63.jpg,3,1,0.7626,0.2344,0.7626,0.0000,0.0029
fgvc8_by_class/healthy/effe81808a831aaf.jpg,3,0,0.8350,0.8350,0.0019,0.0000,0.1631
fgvc8_by_class/healthy/abec8d940df8da28.jpg,3,0,0.7408,0.7408,0.0077,0.0000,0.2515
fgvc8_by_class/healthy/f4259813f6ee3870.jpg,3,1,0.6583,0.3317,0.6583,0.0005,0.0095
fgvc8_by_class/healthy/aa6284e75eb56d50.jpg,3,0,0.8987,0.8987,0.0005,0.0000,0.1008
fgvc8_by_class/healthy/bdb29857980a4bb6.jpg,3,1,0.9162,0.0325,0.9162,0.0001,0.0512
fgvc8_by_class/healthy/ac4b87b4a992565d.jpg,3,3,0.5620,0.4377,0.0004,0.0000,0.5620
fgvc8_by_class/healthy/c5b03a4f4e813dcd.jpg,3,0,0.8581,0.8581,0.0337,0.0002,0.1080
fgvc8_by_class/healthy/959c972230b5fc66.jpg,3,0,0.9759,0.9759,0.0058,0.0000,0.0182
fgvc8_by_class/healthy/f07ad72d014c4fb8.jpg,3,1,0.8658,0.1278,0.8658,0.0001,0.0062
fgvc8_by_class/healthy/a0b295d2a96aedb4.jpg,3,1,0.9233,0.0572,0.9233,0.0001,0.0194
fgvc8_by_class/healthy/aa6fdfb645aa0288.jpg,3,0,0.8809,0.8809,0.0684,0.0001,0.0506
fgvc8_by_class/healthy/bf57c0de8abc4064.jpg,3,0,0.9412,0.9412,0.0006,0.0000,0.0582
fgvc8_by_class/healthy/b0b51a9dbbc28e92.jpg,3,3,0.9998,0.0001,0.0001,0.0000,0.9998
fgvc8_by_class/healthy/b9a211a8dbff0b48.jpg,3,0,0.9866,0.9866,0.0013,0.0001,0.0120
fgvc8_by_class/healthy/ad6d188768f1e62c.jpg,3,1,0.9441,0.0535,0.9441,0.0001,0.0023
fgvc8_by_class/healthy/e849f04f662f5a19.jpg,3,0,0.9691,0.9691,0.0026,0.0000,0.0283
fgvc8_by_class/healthy/c69ec6c7e213f421.jpg,3,0,0.5380,0.5380,0.1409,0.0470,0.2741
fgvc8_by_class/healthy/fcabce515e21ba40.jpg,3,0,0.9727,0.9727,0.0009,0.0000,0.0263
fgvc8_by_class/healthy/c092878b8fdf6e28.jpg,3,0,0.9618,0.9618,0.0021,0.0000,0.0361
fgvc8_by_class/healthy/c6f83b8fc1607954.jpg,3,0,0.9966,0.9966,0.0023,0.0001,0.0011
fgvc8_by_class/healthy/aa15cb3a69cf1ac4.jpg,3,1,0.8526,0.1464,0.8526,0.0000,0.0009
fgvc8_by_class/healthy/f0c4c91ec5a4b43f.jpg,3,0,0.9744,0.9744,0.0145,0.0000,0.0111
fgvc8_by_class/healthy/a65ed56dbc9414a8.jpg,3,1,0.8846,0.1106,0.8846,0.0004,0.0044
fgvc8_by_class/healthy/fe9985cac88f49a4.jpg,3,3,0.9598,0.0027,0.0374,0.0000,0.9598
fgvc8_by_class/healthy/f48bbf6d05545298.jpg,3,1,0.9938,0.0059,0.9938,0.0000,0.0003
fgvc8_by_class/healthy/e1f393bdd810701d.jpg,3,0,0.9657,0.9657,0.0277,0.0002,0.0063
fgvc8_by_class/healthy/f9e583ba189352d2.jpg,3,1,0.8764,0.1172,0.8764,0.0012,0.0052
fgvc8_by_class/healthy/c19d1ab0d0e1797e.jpg,3,3,0.4076,0.3639,0.2284,0.0001,0.4076
fgvc8_by_class/healthy/da143dc39eb0e235.jpg,3,0,0.6271,0.6271,0.3092,0.0001,0.0636
fgvc8_by_class/healthy/ccbf3e4341d4a1ca.jpg,3,1,0.9997,0.0001,0.9997,0.0000,0.0003
fgvc8_by_class/healthy/d989873b2238fa65.jpg,3,0,0.6169,0.6169,0.2571,0.0000,0.1259
fgvc8_by_class/healthy/fc7b8a4342e46726.jpg,3,1,0.9992,0.0007,0.9992,0.0001,0.0000
fgvc8_by_class/healthy/f5c5d09cc8d26d94.jpg,3,1,0.9992,0.0006,0.9992,0.0000,0.0002
fgvc8_by_class/healthy/e0fd9ed2de40a8a8.jpg,3,0,0.9416,0.9416,0.0000,0.0000,0.0583
fgvc8_by_class/healthy/a7a49ebec8c1ba48.jpg,3,0,0.8888,0.8888,0.0624,0.0000,0.0488
fgvc8_by_class/healthy/e0bc8ff183c117e2.jpg,3,1,0.9552,0.0392,0.9552,0.0029,0.0028
fgvc8_by_class/healthy/b6af86108dda964b.jpg,3,0,0.7210,0.7210,0.2769,0.0002,0.0019
fgvc8_by_class/healthy/c1853f3ed1d028e7.jpg,3,0,0.4005,0.4005,0.2938,0.0002,0.3055
fgvc8_by_class/healthy/8585704f5178cf9b.jpg,3,0,0.9903,0.9903,0.0063,0.0002,0.0032
fgvc8_by_class/healthy/fd68ddd0880c9a9d.jpg,3,0,0.9064,0.9064,0.0855,0.0000,0.0082
fgvc8_by_class/healthy/cea13e1073b2c25f.jpg,3,0,0.7341,0.7341,0.0041,0.0000,0.2618
fgvc8_by_class/healthy/aa9a946c4c23f3f1.jpg,3,1,0.8443,0.1075,0.8443,0.0000,0.0482
fgvc8_by_class/healthy/af22956d94707a9a.jpg,3,3,0.9720,0.0277,0.0003,0.0000,0.9720
fgvc8_by_class/healthy/a4a3f85b8fc390b8.jpg,3,0,0.5481,0.5481,0.4310,0.0001,0.0208
fgvc8_by_class/healthy/a8dc903f5a0f14af.jpg,3,0,0.5065,0.5065,0.0007,0.0000,0.4928
fgvc8_by_class/healthy/fc37c03f82e90f30.jpg,3,1,0.8191,0.1754,0.8191,0.0000,0.0054
fgvc8_by_class/healthy/add6524ac9ad4a17.jpg,3,0,0.8778,0.8778,0.1172,0.0001,0.0050
fgvc8_by_class/healthy/b4a3c8859bd25b3a.jpg,3,0,0.8442,0.8442,0.0192,0.0000,0.1365
fgvc8_by_class/healthy/d6e89229eadcc9c2.jpg,3,0,0.9171,0.9171,0.0662,0.0003,0.0163
fgvc8_by_class/healthy/db529ed10936632b.jpg,3,1,0.9279,0.0492,0.9279,0.0008,0.0222
fgvc8_by_class/healthy/89f491c55b07ea78.jpg,3,3,0.5443,0.4548,0.0010,0.0000,0.5443
fgvc8_by_class/healthy/9e8288fe9a2d6d29.jpg,3,3,0.7212,0.1840,0.0948,0.0001,0.7212
fgvc8_by_class/healthy/a2bd01164c85f9f7.jpg,3,0,0.8634,0.8634,0.0000,0.0000,0.1366
fgvc8_by_class/healthy/94282376ca4dbd3d.jpg,3,1,0.9524,0.0465,0.9524,0.0000,0.0011
fgvc8_by_class/healthy/fcf1a57a554a2149.jpg,3,1,0.9480,0.0472,0.9480,0.0010,0.0038
fgvc8_by_class/healthy/feed807cde00f029.jpg,3,0,0.9565,0.9565,0.0188,0.0000,0.0247
fgvc8_by_class/healthy/b268f1daa1657c45.jpg,3,0,0.5039,0.5039,0.0000,0.0000,0.4961
fgvc8_by_class/healthy/d5c8c17998c57c87.jpg,3,0,0.8994,0.8994,0.0148,0.0000,0.0858
fgvc8_by_class/healthy/b6efc0c185d8f198.jpg,3,0,0.9899,0.9899,0.0080,0.0000,0.0021
fgvc8_by_class/healthy/f95e2fe11800c33f.jpg,3,1,0.6217,0.2012,0.6217,0.0000,0.1771
fgvc8_by_class/healthy/ac5a64bd49b2a8b5.jpg,3,1,0.8413,0.1339,0.8413,0.0004,0.0244
fgvc8_by_class/healthy/8eda9490a3f38ea9.jpg,3,0,0.8976,0.8976,0.0065,0.0000,0.0959
fgvc8_by_class/healthy/90d349c987f42f1d.jpg,3,0,0.8205,0.8205,0.0000,0.0000,0.1795
fgvc8_by_class/healthy/b4f365f16229c2d2.jpg,3,0,0.9513,0.9513,0.0097,0.0000,0.0390
fgvc8_by_class/healthy/c1c2b5d2491f66dc.jpg,3,0,0.9119,0.9119,0.0030,0.0000,0.0851
fgvc8_by_class/healthy/ed2fdf00c0f580cd.jpg,3,0,0.8361,0.8361,0.1514,0.0001,0.0124
fgvc8_by_class/healthy/9054ff819960dcf6.jpg,3,0,0.9814,0.9814,0.0117,0.0001,0.0068
fgvc8_by_class/healthy/c94d815dc459bd1b.jpg,3,0,0.5832,0.5832,0.0033,0.0000,0.4135
fgvc8_by_class/healthy/a1a5d2a29ba355f8.jpg,3,1,0.7958,0.1575,0.7958,0.0001,0.0466
fgvc8_by_class/healthy/ae419697c89ada4b.jpg,3,3,0.8957,0.0937,0.0106,0.0000,0.8957
fgvc8_by_class/healthy/e5eac4d0cf081e73.jpg,3,3,0.6032,0.3687,0.0280,0.0000,0.6032
fgvc8_by_class/healthy/d578edc09203cbc7.jpg,3,3,0.8230,0.1766,0.0004,0.0000,0.8230
fgvc8_by_class/healthy/ba29d0fb91d0358d.jpg,3,1,0.9922,0.0032,0.9922,0.0000,0.0046
fgvc8_by_class/healthy/dd2d101ec2db3d07.jpg,3,1,0.9496,0.0430,0.9496,0.0002,0.0072
fgvc8_by_class/healthy/86aa7d75862569b4.jpg,3,0,0.9982,0.9982,0.0002,0.0000,0.0017
fgvc8_by_class/healthy/921a1b74d672e966.jpg,3,0,0.4990,0.4990,0.4210,0.0000,0.0800
fgvc8_by_class/healthy/8ba1f83ded8204eb.jpg,3,0,0.9683,0.9683,0.0001,0.0000,0.0316
fgvc8_by_class/healthy/ef3096ecb2a0870f.jpg,3,1,0.9960,0.0033,0.9960,0.0004,0.0003
fgvc8_by_class/healthy/8bc2979962db6549.jpg,3,1,0.7972,0.1724,0.7972,0.0000,0.0304
fgvc8_by_class/healthy/a119961b589fe56a.jpg,3,0,0.8193,0.8193,0.1510,0.0000,0.0298
fgvc8_by_class/healthy/b04dd238ddb254d5.jpg,3,0,0.9168,0.9168,0.0203,0.0000,0.0629
fgvc8_by_class/healthy/ba2090ba17da1f7c.jpg,3,1,0.8725,0.0702,0.8725,0.0000,0.0573
fgvc8_by_class/healthy/d23648cf298d36f4.jpg,3,1,0.9604,0.0376,0.9604,0.0002,0.0019
fgvc8_by_class/healthy/a95ade521c733e11.jpg,3,1,0.9982,0.0012,0.9982,0.0000,0.0006
fgvc8_by_class/healthy/b3b956ab154823dc.jpg,3,0,0.8415,0.8415,0.0938,0.0004,0.0644
fgvc8_by_class/healthy/804e673e9ec3d12b.jpg,3,1,0.9929,0.0067,0.9929,0.0000,0.0004
fgvc8_by_class/healthy/d6dedcc28dc245c8.jpg,3,0,0.9798,0.9798,0.0005,0.0000,0.0196
fgvc8_by_class/healthy/e0a0ce2d1dd33793.jpg,3,1,0.8844,0.1138,0.8844,0.0001,0.0017
fgvc8_by_class/healthy/d9a3c996b2b16532.jpg,3,3,0.9997,0.0002,0.0001,0.0000,0.9997
fgvc8_by_class/healthy/f1ecd2ef00f316c0.jpg,3,3,0.9804,0.0196,0.0000,0.0000,0.9804
fgvc8_by_class/healthy/babe831283c1cf55.jpg,3,0,0.7737,0.7737,0.0189,0.0000,0.2074
fgvc8_by_class/healthy/8d334c9373cd9853.jpg,3,1,0.9609,0.0363,0.9609,0.0026,0.0003
fgvc8_by_class/healthy/cb9f246872b4d3b0.jpg,3,3,0.7763,0.2229,0.0008,0.0000,0.7763
fgvc8_by_class/healthy/85ee63732c8cf3c0.jpg,3,0,0.9838,0.9838,0.0030,0.0000,0.0132
fgvc8_by_class/healthy/fad5d4a45e45284b.jpg,3,0,0.5345,0.5345,0.4337,0.0000,0.0319
fgvc8_by_class/healthy/e9c1c32b5479e8b1.jpg,3,0,0.8668,0.8668,0.0614,0.0000,0.0718
fgvc8_by_class/healthy/cbc2bc3b90c9c693.jpg,3,3,0.7697,0.2150,0.0153,0.0000,0.7697
fgvc8_by_class/healthy/a758ea6f48a719a2.jpg,3,1,0.9708,0.0253,0.9708,0.0001,0.0038
fgvc8_by_class/healthy/80825b2e837f697d.jpg,3,3,0.8973,0.0689,0.0338,0.0000,0.8973
fgvc8_by_class/healthy/b7f4829bb39a0aa1.jpg,3,0,0.4998,0.4998,0.0138,0.0000,0.4864
fgvc8_by_class/healthy/9b718db9041ce36e.jpg,3,1,0.9431,0.0102,0.9431,0.0000,0.0467
fgvc8_by_class/healthy/a8a9d5991e180f3f.jpg,3,0,0.8031,0.8031,0.1783,0.0002,0.0183
fgvc8_by_class/healthy/c6cd66a452a59b5a.jpg,3,0,0.8819,0.8819,0.0006,0.0000,0.1175
fgvc8_by_class/healthy/fea6d0b482d44fc2.jpg,3,0,0.8580,0.8580,0.0963,0.0000,0.0457
fgvc8_by_class/healthy/bda9a5decc242c94.jpg,3,0,0.8390,0.8390,0.0301,0.0000,0.1309
fgvc8_by_class/healthy/934cad982ef1f036.jpg,3,0,0.9725,0.9725,0.0255,0.0004,0.0017
fgvc8_by_class/healthy/bff0c4839189ccd9.jpg,3,0,0.8589,0.8589,0.1189,0.0001,0.0221
fgvc8_by_class/healthy/8aba6e9603cf27c2.jpg,3,1,0.9533,0.0272,0.9533,0.0000,0.0195
fgvc8_by_class/healthy/f08ac2505faf0b67.jpg,3,0,0.9497,0.9497,0.0238,0.0000,0.0265
fgvc8_by_class/healthy/b2e1c155d4fa207e.jpg,3,0,0.8459,0.8459,0.0651,0.0002,0.0887
fgvc8_by_class/healthy/9139d03c4fc91fe4.jpg,3,1,0.9279,0.0713,0.9279,0.0001,0.0007
fgvc8_by_class/healthy/801d6dcd96e48ebc.jpg,3,0,0.9298,0.9298,0.0006,0.0000,0.0696
fgvc8_by_class/healthy/b4518ade814d6b67.jpg,3,1,0.6008,0.3932,0.6008,0.0002,0.0058
fgvc8_by_class/healthy/80f515f574cb609e.jpg,3,0,0.8212,0.8212,0.0033,0.0000,0.1755
fgvc8_by_class/healthy/c66c0f0ddc7f3141.jpg,3,1,0.5891,0.3845,0.5891,0.0056,0.0207
fgvc8_by_class/healthy/c0e06a871f3a5afc.jpg,3,3,0.6606,0.3283,0.0111,0.0000,0.6606
fgvc8_by_class/healthy/e14f90e19d7e9825.jpg,3,0,0.9425,0.9425,0.0023,0.0000,0.0552
fgvc8_by_class/healthy/e9a3c056cb6bc354.jpg,3,0,0.5158,0.5158,0.4798,0.0000,0.0044
fgvc8_by_class/healthy/aa94964aaa4df52d.jpg,3,1,0.5795,0.1945,0.5795,0.0000,0.2260
fgvc8_by_class/healthy/92c5db4cbce6852a.jpg,3,1,0.9900,0.0035,0.9900,0.0034,0.0031
fgvc8_by_class/healthy/b692f2a6206961fb.jpg,3,0,0.8226,0.8226,0.0175,0.0002,0.1596
fgvc8_by_class/healthy/bad9386066974d1d.jpg,3,1,0.5296,0.4601,0.5296,0.0002,0.0101
fgvc8_by_class/healthy/f9fdd115893ad810.jpg,3,3,0.6228,0.3733,0.0039,0.0000,0.6228
fgvc8_by_class/healthy/8783d06a2f3c8d76.jpg,3,0,0.5807,0.5807,0.0614,0.0001,0.3577
fgvc8_by_class/healthy/95aa53c32965a0ef.jpg,3,0,0.9600,0.9600,0.0215,0.0001,0.0184
fgvc8_by_class/healthy/90c790666f674f58.jpg,3,0,0.8941,0.8941,0.0175,0.0000,0.0884
fgvc8_by_class/healthy/9165dbe148936277.jpg,3,1,0.8833,0.1080,0.8833,0.0004,0.0083
fgvc8_by_class/healthy/d4be768b702d6544.jpg,3,0,0.9944,0.9944,0.0001,0.0000,0.0055
fgvc8_by_class/healthy/e262d5e7de842a94.jpg,3,3,0.8892,0.0791,0.0317,0.0000,0.8892
fgvc8_by_class/healthy/d298b77db0a1664a.jpg,3,1,0.8607,0.1335,0.8607,0.0050,0.0008
fgvc8_by_class/healthy/aaa9d194cbd69ac8.jpg,3,1,0.4462,0.4435,0.4462,0.0000,0.1103
fgvc8_by_class/healthy/837bf495000ef75c.jpg,3,0,0.9783,0.9783,0.0000,0.0000,0.0217
fgvc8_by_class/healthy/ffa8d5410c2f454d.jpg,3,1,0.9943,0.0056,0.9943,0.0001,0.0000
fgvc8_by_class/healthy/c8d0dc9ada2339b3.jpg,3,0,0.8100,0.8100,0.1659,0.0000,0.0241
fgvc8_by_class/healthy/beb4618f31d86645.jpg,3,0,0.6293,0.6293,0.3290,0.0003,0.0414
fgvc8_by_class/healthy/96dbc812c2eab36c.jpg,3,1,0.4250,0.1515,0.4250,0.0001,0.4233
fgvc8_by_class/healthy/a2b59583525fe938.jpg,3,0,0.9376,0.9376,0.0124,0.0000,0.0500
fgvc8_by_class/healthy/8282c0bddf3ecd4a.jpg,3,0,0.9066,0.9066,0.0134,0.0001,0.0798
fgvc8_by_class/healthy/abb8a707af00af51.jpg,3,0,0.6909,0.6909,0.0043,0.0000,0.3048
fgvc8_by_class/healthy/ea675274ca82ac9b.jpg,3,1,0.8485,0.1445,0.8485,0.0062,0.0009
fgvc8_by_class/healthy/cfb92e3983c83b44.jpg,3,1,0.8510,0.1400,0.8510,0.0002,0.0087
fgvc8_by_class/healthy/caafc5239ae33382.jpg,3,0,0.9373,0.9373,0.0602,0.0000,0.0026
fgvc8_by_class/healthy/ace2bf9ee3990211.jpg,3,3,0.6620,0.3342,0.0038,0.0000,0.6620
fgvc8_by_class/healthy/956f3ad4c6a13493.jpg,3,1,0.8365,0.0675,0.8365,0.0028,0.0932
fgvc8_by_class/healthy/b40fd44a8bddc790.jpg,3,3,0.9404,0.0444,0.0152,0.0000,0.9404
fgvc8_by_class/healthy/f50da5b61a7620ad.jpg,3,0,0.9787,0.9787,0.0023,0.0000,0.0190
fgvc8_by_class/healthy/f4edc092864b7e8c.jpg,3,1,0.9492,0.0197,0.9492,0.0000,0.0311
fgvc8_by_class/healthy/a129da94b4cdf3a2.jpg,3,0,0.5737,0.5737,0.0000,0.0000,0.4263
fgvc8_by_class/healthy/e121d215c73b8e3b.jpg,3,1,0.4275,0.3055,0.4275,0.0000,0.2670
fgvc8_by_class/healthy/a48cdb969552a6b5.jpg,3,0,0.9959,0.9959,0.0000,0.0000,0.0041
fgvc8_by_class/healthy/a8c2e867c0ebd48f.jpg,3,0,0.9914,0.9914,0.0001,0.0000,0.0085
fgvc8_by_class/healthy/f09fca099f91881f.jpg,3,1,0.9880,0.0107,0.9880,0.0001,0.0011
fgvc8_by_class/healthy/b58ac089edbd2eb0.jpg,3,1,0.9936,0.0059,0.9936,0.0000,0.0005
fgvc8_by_class/healthy/f2e4ed29aa4a2d1a.jpg,3,1,0.9948,0.0043,0.9948,0.0008,0.0001
fgvc8_by_class/healthy/add824f81f986e89.jpg,3,0,0.9973,0.9973,0.0000,0.0000,0.0027
fgvc8_by_class/healthy/ebb14c6612d989ec.jpg,3,1,0.9807,0.0074,0.9807,0.0000,0.0119
fgvc8_by_class/healthy/d50f866815fb64a3.jpg,3,1,0.8644,0.1211,0.8644,0.0002,0.0144
fgvc8_by_class/healthy/84efc0807fee703a.jpg,3,0,0.5472,0.5472,0.2693,0.0002,0.1833
fgvc8_by_class/healthy/ba7402f751a9ad29.jpg,3,0,0.6363,0.6363,0.3459,0.0004,0.0174
fgvc8_by_class/healthy/94e9c93678307b27.jpg,3,1,0.5749,0.1263,0.5749,0.0000,0.2988
fgvc8_by_class/healthy/e0a9d2c1ba4d1bbc.jpg,3,3,0.9949,0.0051,0.0000,0.0000,0.9949
fgvc8_by_class/healthy/cc85f50c7f18d68c.jpg,3,0,0.9718,0.9718,0.0253,0.0000,0.0028
fgvc8_by_class/healthy/b6bdd2910dd910e5.jpg,3,3,0.9996,0.0004,0.0000,0.0000,0.9996
fgvc8_by_class/healthy/d629f4c3ca878749.jpg,3,1,0.5649,0.4348,0.5649,0.0000,0.0003
fgvc8_by_class/healthy/a53ad564ad6aa50e.jpg,3,1,0.7437,0.2550,0.7437,0.0011,0.0002
fgvc8_by_class/healthy/f6a0c8934f4d91dc.jpg,3,1,0.7485,0.1159,0.7485,0.0000,0.1355
fgvc8_by_class/healthy/b625695a2ad416e7.jpg,3,0,0.8747,0.8747,0.0023,0.0000,0.1231
fgvc8_by_class/healthy/ece8c33c8e107575.jpg,3,0,0.8757,0.8757,0.0203,0.0000,0.1040
fgvc8_by_class/healthy/d7707b87601e9721.jpg,3,0,0.7268,0.7268,0.0175,0.0001,0.2556
fgvc8_by_class/healthy/d49ccce41ec5609f.jpg,3,3,0.5655,0.2957,0.1387,0.0002,0.5655
fgvc8_by_class/healthy/a5591a2a71b541ef.jpg,3,0,0.9690,0.9690,0.0004,0.0000,0.0306
fgvc8_by_class/healthy/85796f16e00653f5.jpg,3,0,0.8725,0.8725,0.1081,0.0000,0.0194
fgvc8_by_class/healthy/a9f6cc1f46c8d1c1.jpg,3,3,0.8690,0.1252,0.0058,0.0000,0.8690
fgvc8_by_class/healthy/89287577168fe721.jpg,3,0,0.7605,0.7605,0.0043,0.0000,0.2351
fgvc8_by_class/healthy/d7d824eb48d7502e.jpg,3,1,0.9068,0.0590,0.9068,0.0004,0.0338
fgvc8_by_class/healthy/ec3f8031947375e2.jpg,3,3,0.8397,0.1603,0.0001,0.0000,0.8397
fgvc8_by_class/healthy/f49bcb4f513c2318.jpg,3,0,0.8756,0.8756,0.0962,0.0000,0.0281
fgvc8_by_class/healthy/82ec9b372f852f18.jpg,3,1,0.9950,0.0045,0.9950,0.0002,0.0003
fgvc8_by_class/healthy/c6be6222e3f183e2.jpg,3,1,0.9505,0.0476,0.9505,0.0003,0.0017
fgvc8_by_class/healthy/d22ce0979e948dd9.jpg,3,3,0.6298,0.1876,0.1826,0.0000,0.6298
fgvc8_by_class/healthy/fd79c0956a34a34c.jpg,3,0,0.6872,0.6872,0.0172,0.0000,0.2956
fgvc8_by_class/healthy/9d48d164ee86678b.jpg,3,0,0.9201,0.9201,0.0015,0.0000,0.0784
fgvc8_by_class/healthy/fe06ce32b8f108cd.jpg,3,0,0.8470,0.8470,0.1081,0.0000,0.0449
fgvc8_by_class/healthy/e93ec57218685d55.jpg,3,0,0.9773,0.9773,0.0002,0.0000,0.0225
fgvc8_by_class/healthy/ff8ac1dcf03c8322.jpg,3,0,0.8552,0.8552,0.0132,0.0000,0.1317
fgvc8_by_class/healthy/caad24d0fcf2ac91.jpg,3,0,0.7484,0.7484,0.0000,0.0000,0.2516
fgvc8_by_class/healthy/b36cb29b649a6aa4.jpg,3,0,0.9271,0.9271,0.0278,0.0001,0.0449
fgvc8_by_class/healthy/a5b8b7b852b90d49.jpg,3,0,0.8714,0.8714,0.0001,0.0000,0.1285
fgvc8_by_class/healthy/a5697ad4da605a6c.jpg,3,0,0.8106,0.8106,0.0006,0.0000,0.1888
fgvc8_by_class/healthy/fdf0043206b37f07.jpg,3,0,0.9911,0.9911,0.0071,0.0007,0.0012
fgvc8_by_class/healthy/adb6d6e1030fc683.jpg,3,1,0.6568,0.3361,0.6568,0.0002,0.0069
fgvc8_by_class/healthy/899ccb9eac627427.jpg,3,0,0.9464,0.9464,0.0423,0.0001,0.0113
fgvc8_by_class/healthy/a393d36b6534325a.jpg,3,0,0.9788,0.9788,0.0009,0.0000,0.0203
fgvc8_by_class/healthy/f26cc934c4e0ee17.jpg,3,0,0.9857,0.9857,0.0000,0.0000,0.0143
fgvc8_by_class/healthy/afa1d78b438344e6.jpg,3,0,0.9867,0.9867,0.0093,0.0000,0.0039
fgvc8_by_class/healthy/a0d0dadf0f266a72.jpg,3,3,0.7480,0.2515,0.0005,0.0000,0.7480
fgvc8_by_class/healthy/cad070a8429fd73d.jpg,3,0,0.9159,0.9159,0.0760,0.0001,0.0080
fgvc8_by_class/healthy/e004d1da9e915f9b.jpg,3,0,0.7873,0.7873,0.0327,0.0002,0.1798
fgvc8_by_class/healthy/e5adc490107378ef.jpg,3,3,0.7671,0.2029,0.0300,0.0000,0.7671
fgvc8_by_class/healthy/94823adddd55ae60.jpg,3,0,0.9058,0.9058,0.0581,0.0001,0.0360
fgvc8_by_class/healthy/be8f858087562f6a.jpg,3,0,0.7604,0.7604,0.0077,0.0000,0.2319
fgvc8_by_class/healthy/f1dbaf25507a2541.jpg,3,0,0.8360,0.8360,0.1605,0.0001,0.0034
fgvc8_by_class/healthy/a56dd542a9aaa9aa.jpg,3,1,0.8854,0.1109,0.8854,0.0025,0.0011
fgvc8_by_class/healthy/c341e1c71db9f071.jpg,3,1,0.9540,0.0412,0.9540,0.0000,0.0048
fgvc8_by_class/healthy/91af19dc085faab1.jpg,3,0,0.7342,0.7342,0.2654,0.0000,0.0003
fgvc8_by_class/healthy/8ab0e7d97708718e.jpg,3,0,0.9176,0.9176,0.0000,0.0000,0.0824
fgvc8_by_class/healthy/8bb571d0d2ce8aaa.jpg,3,0,0.8207,0.8207,0.0970,0.0000,0.0823
fgvc8_by_class/healthy/da926adf9c38640e.jpg,3,0,0.9800,0.9800,0.0100,0.0000,0.0100
fgvc8_by_class/healthy/ff0a863660b26c9b.jpg,3,0,0.5648,0.5648,0.1826,0.0000,0.2526
fgvc8_by_class/healthy/9192cdf1898afaaa.jpg,3,0,0.8952,0.8952,0.0970,0.0005,0.0074
fgvc8_by_class/healthy/8bc7b160da67d225.jpg,3,3,0.5554,0.4445,0.0001,0.0000,0.5554
fgvc8_by_class/healthy/f4fcc34f4a074aa4.jpg,3,1,0.9979,0.0020,0.9979,0.0000,0.0001
fgvc8_by_class/healthy/d83f37f1c9508a91.jpg,3,1,0.9857,0.0124,0.9857,0.0006,0.0013
fgvc8_by_class/healthy/a16cb5978fd34a18.jpg,3,3,0.7613,0.2377,0.0010,0.0000,0.7613
fgvc8_by_class/healthy/8e97869f9e143863.jpg,3,0,0.5970,0.5970,0.0006,0.0000,0.4024
fgvc8_by_class/healthy/bdfd94811a303ab3.jpg,3,3,0.4951,0.4318,0.0732,0.0000,0.4951
fgvc8_by_class/healthy/d664d0342dc7c68f.jpg,3,0,0.7352,0.7352,0.2546,0.0003,0.0100
fgvc8_by_class/healthy/ba2092abd0faa95b.jpg,3,3,0.7042,0.2958,0.0000,0.0000,0.7042
fgvc8_by_class/healthy/9be41b823d13e3c6.jpg,3,0,0.6926,0.6926,0.1539,0.0000,0.1535
fgvc8_by_class/healthy/ecc13507413766d7.jpg,3,0,0.9670,0.9670,0.0272,0.0001,0.0058
fgvc8_by_class/healthy/8d7e68ad52278762.jpg,3,0,0.9717,0.9717,0.0243,0.0001,0.0039
fgvc8_by_class/healthy/e5569673d061b067.jpg,3,3,0.5602,0.4397,0.0002,0.0000,0.5602
