relpath,label,class
plantvillage_leakfree/train/apple_scab/01f3deaa-6143-4b6c-9c22-620a46d8be04___FREC_Scab 3112.jpg,0,apple_scab
plantvillage_leakfree/train/apple_scab/0208f4eb-45a4-4399-904e-989ac2c6257c___FREC_Scab 3037.jpg,0,apple_scab
plantvillage_leakfree/train/apple_scab/023123cb-7b69-4c9f-a521-766d7c8543bb___FREC_Scab 3487.jpg,0,apple_scab
plantvillage_leakfree/train/apple_scab/0261a6e4-21f8-481a-8827-b674e6955644___FREC_Scab 3055.jpg,0,apple_scab
plantvillage_leakfree/train/apple_scab/03354abb-aa1c-4f9d-a1ef-9f40505cd539___FREC_Scab 3355.jpg,0,apple_scab
plantvillage_leakfree/train/apple_scab/0340dc35-5215-48ab-8db7-06af99fcb358___FREC_Scab 2966.jpg,0,apple_scab
plantvillage_leakfree/train/apple_scab/03eccb1a-0368-4ac7-9f48-7546037b775a___FREC_Scab 3334.jpg,0,apple_scab
plantvillage_leakfree/train/apple_scab/058d5e64-2c57-45ba-94cb-ac83fd1885a0___FREC_Scab 3181.jpg,0,apple_scab
plantvillage_leakfree/train/apple_scab/0631708e-5bac-4611-8ff9-6d5ee87ce3b3___FREC_Scab 3252.jpg,0,apple_scab
plantvillage_leakfree/train/apple_scab/0672ab32-9fce-41f3-ae69-e39c48a0a292___FREC_Scab 3347.jpg,0,apple_scab
plantvillage_leakfree/train/apple_scab/06cf74b6-d895-4a09-b3b1-bc63579f8c33___FREC_Scab 3128.jpg,0,apple_scab
plantvillage_leakfree/train/apple_scab/073b509f-c1ea-4e61-881b-2e874c5f4199___FREC_Scab 3286.jpg,0,apple_scab
plantvillage_leakfree/train/apple_scab/075b1885-250b-4b3e-8168-e54efdbb04e8___FREC_Scab 3173.jpg,0,apple_scab
plantvillage_leakfree/train/apple_scab/0812e1e4-6d1b-4264-8f23-6519354fc5a6___FREC_Scab 3293.jpg,0,apple_scab
plantvillage_leakfree/train/apple_scab/0896ecbc-1af2-4868-8279-ed302acb29bc___FREC_Scab 3339.jpg,0,apple_scab
plantvillage_leakfree/train/apple_scab/08c42d78-aa7b-4106-b0c1-b260f898dcba___FREC_Scab 3151.jpg,0,apple_scab
plantvillage_leakfree/train/apple_scab/095c9131-a0cb-47de-898a-f9371f208c01___FREC_Scab 3109.jpg,0,apple_scab
plantvillage_leakfree/train/apple_scab/09ba6ad9-aa8d-4493-b1bf-818a4b30c4aa___FREC_Scab 2981.jpg,0,apple_scab
plantvillage_leakfree/train/apple_scab/09e40e4f-f8bc-4537-b20d-0b244760dbf4___FREC_Scab 3216.jpg,0,apple_scab
plantvillage_leakfree/train/apple_scab/0a14783a-838a-4d4f-a671-ff98011714c6___FREC_Scab 3288.jpg,0,apple_scab
plantvillage_leakfree/train/apple_scab/0a6812de-7416-4ffe-aba9-307599a02c84___FREC_Scab 2973.jpg,0,apple_scab
plantvillage_leakfree/train/apple_scab/0b170906-9436-4c0d-84c1-c396ad9d909b___FREC_Scab 3101.jpg,0,apple_scab
plantvillage_leakfree/train/apple_scab/0c620ec5-11cf-4120-94ab-1311e99df147___FREC_Scab 3131.jpg,0,apple_scab
plantvillage_leakfree/train/apple_scab/0d3c0790-7833-470b-ac6e-94d0a3bf3e7c___FREC_Scab 2959.jpg,0,apple_scab
plantvillage_leakfree/train/apple_scab/0d8d5b80-962d-4381-8d3b-9eca3f2f1bb0___FREC_Scab 3449.jpg,0,apple_scab
plantvillage_leakfree/train/apple_scab/0e90fe4a-e8b6-4186-9429-a9fea180af9a___FREC_Scab 3391.jpg,0,apple_scab
plantvillage_leakfree/train/apple_scab/0ea78733-9404-4536-8793-a108c66269b3___FREC_Scab 3145.jpg,0,apple_scab
plantvillage_leakfree/train/apple_scab/10072248-60e2-4190-b4df-14e8ab61008c___FREC_Scab 3445.jpg,0,apple_scab
plantvillage_leakfree/train/apple_scab/106aaa5f-c98d-482d-88ef-8e5170e9072d___FREC_Scab 3489.jpg,0,apple_scab
plantvillage_leakfree/train/apple_scab/11f5b020-3dfd-400c-9819-7d229bc5f929___FREC_Scab 2945.jpg,0,apple_scab
plantvillage_leakfree/train/apple_scab/12bc3d5c-2409-426e-b6cb-a08cbf488153___FREC_Scab 3154.jpg,0,apple_scab
plantvillage_leakfree/train/apple_scab/13b16e68-c82c-4de8-ab34-877ff352e821___FREC_Scab 3180.jpg,0,apple_scab
plantvillage_leakfree/train/apple_scab/14c623e5-051c-42f6-9e4f-f7a93e6a723c___FREC_Scab 2965.jpg,0,apple_scab
plantvillage_leakfree/train/apple_scab/154842bb-6ee3-4176-9007-cf7a43cfe140___FREC_Scab 3434.jpg,0,apple_scab
plantvillage_leakfree/train/apple_scab/15bfa086-7d4a-43c0-800d-2fe8255ba50c___FREC_Scab 3150.jpg,0,apple_scab
plantvillage_leakfree/train/apple_scab/162d8ca4-7cd3-46f1-904f-09721df3e498___FREC_Scab 3336.jpg,0,apple_scab
plantvillage_leakfree/train/apple_scab/1637ad84-640c-41e7-9be7-6d8e7769b875___FREC_Scab 3110.jpg,0,apple_scab
plantvillage_leakfree/train/apple_scab/176a93ed-6c2d-4828-ada1-87f1688b509b___FREC_Scab 3083.jpg,0,apple_scab
plantvillage_leakfree/train/apple_scab/18e95262-fb0a-472c-93ab-e03138a360dc___FREC_Scab 3366.jpg,0,apple_scab
plantvillage_leakfree/train/apple_scab/18ea82fd-4e16-416f-8ad9-54e0f6601693___FREC_Scab 3127.jpg,0,apple_scab
plantvillage_leakfree/train/apple_scab/1a21aabb-6f74-4644-8d9e-a517568b7e9c___FREC_Scab 3095.jpg,0,apple_scab
plantvillage_leakfree/train/apple_scab/1a304331-98b5-473f-bbb1-c33b8441052a___FREC_Scab 3296.jpg,0,apple_scab
plantvillage_leakfree/train/apple_scab/1a4047d7-23d6-4bba-ba10-b6e7005ea01b___FREC_Scab 3193.jpg,0,apple_scab
plantvillage_leakfree/train/apple_scab/1a41bab0-45e0-4dda-a798-9bf4a998f1b6___FREC_Scab 3450.jpg,0,apple_scab
plantvillage_leakfree/train/apple_scab/1b1004c8-99e9-4c85-8fe5-b1c11d558cf8___FREC_Scab 3300.jpg,0,apple_scab
plantvillage_leakfree/train/apple_scab/1bc60205-27cc-4d10-bc87-7e968573e5d5___FREC_Scab 3531.jpg,0,apple_scab
plantvillage_leakfree/train/apple_scab/1cb869ea-0a4c-47d7-9def-a88c16b72ddc___FREC_Scab 3350.jpg,0,apple_scab
plantvillage_leakfree/train/apple_scab/1ceeeee0-40bd-4ac9-8a57-59385bf5df8a___FREC_Scab 3001.jpg,0,apple_scab
plantvillage_leakfree/train/apple_scab/1d81b4c1-072d-4cf7-b1ca-ce43f59822d8___FREC_Scab 3406.jpg,0,apple_scab
plantvillage_leakfree/train/apple_scab/1d9d67e2-5603-4710-ae2b-6cb0b922ae61___FREC_Scab 3122.jpg,0,apple_scab
plantvillage_leakfree/train/apple_scab/1f97d75c-db85-4344-8687-82ca56454d17___FREC_Scab 3408.jpg,0,apple_scab
plantvillage_leakfree/train/apple_scab/201d8b27-5a38-43e5-8065-f7fe039ad781___FREC_Scab 3058.jpg,0,apple_scab
plantvillage_leakfree/train/apple_scab/20f4f8d1-7527-420b-a90d-e17b9e45549a___FREC_Scab 2997.jpg,0,apple_scab
plantvillage_leakfree/train/apple_scab/222a9802-f14c-433e-9d18-d0668ed3c279___FREC_Scab 3239.jpg,0,apple_scab
plantvillage_leakfree/train/apple_scab/22c12d6a-3c17-45be-b53b-f17f1b3f5168___FREC_Scab 3206.jpg,0,apple_scab
plantvillage_leakfree/train/apple_scab/23466313-6a2c-46e7-ad89-1f95dd2d3b40___FREC_Scab 3517.jpg,0,apple_scab
plantvillage_leakfree/train/apple_scab/246c33b0-fac8-4cca-ae8b-17947338b8b2___FREC_Scab 3091.jpg,0,apple_scab
plantvillage_leakfree/train/apple_scab/252087d7-57c9-4ebe-b6c4-840d6c5dfcb1___FREC_Scab 3329.jpg,0,apple_scab
plantvillage_leakfree/train/apple_scab/258ce9eb-2b67-475b-b09c-0bc83b0987f1___FREC_Scab 3033.jpg,0,apple_scab
plantvillage_leakfree/train/apple_scab/25aeb397-bc36-4fe5-affe-6b8195d4f282___FREC_Scab 3494.jpg,0,apple_scab
plantvillage_leakfree/train/apple_scab/268a2ad1-d649-4ec0-add3-61cc8f54f479___FREC_Scab 3235.jpg,0,apple_scab
plantvillage_leakfree/train/apple_scab/270dd6be-95f4-4fd1-8423-b698663b3f72___FREC_Scab 2954.jpg,0,apple_scab
plantvillage_leakfree/train/apple_scab/276ed34e-9987-4b38-b83b-8626504fc204___FREC_Scab 3050.jpg,0,apple_scab
plantvillage_leakfree/train/apple_scab/2a97b29d-8a63-47ab-bd5b-c14832a586c8___FREC_Scab 3242.jpg,0,apple_scab
plantvillage_leakfree/train/apple_scab/2ae81857-0615-4a6a-8d13-1ace0c62284d___FREC_Scab 2992.jpg,0,apple_scab
plantvillage_leakfree/train/apple_scab/2bc018ba-3c49-4cf4-9411-a93b7b196f45___FREC_Scab 3326.jpg,0,apple_scab
plantvillage_leakfree/train/apple_scab/2bfd8ee0-af6b-42fd-ae61-fc5e92ec1b67___FREC_Scab 2988.jpg,0,apple_scab
plantvillage_leakfree/train/apple_scab/2c7ca7c8-1a6c-4811-b9b0-b054c11a5397___FREC_Scab 3260.jpg,0,apple_scab
plantvillage_leakfree/train/apple_scab/2d4c8a12-a34c-4c8b-b357-271d87532ece___FREC_Scab 3090.jpg,0,apple_scab
plantvillage_leakfree/train/apple_scab/2d5265d2-be99-4e9f-a085-d309cc01b751___FREC_Scab 3023.jpg,0,apple_scab
plantvillage_leakfree/train/apple_scab/2dd8b8f8-46b0-4bc6-b817-ea7163f4b28b___FREC_Scab 3473.jpg,0,apple_scab
plantvillage_leakfree/train/apple_scab/2f1e68c0-c059-46fd-bbf3-f160817abdc3___FREC_Scab 3535.jpg,0,apple_scab
plantvillage_leakfree/train/apple_scab/2f668a95-80ab-40ac-98ef-657bd85b668b___FREC_Scab 3247.jpg,0,apple_scab
plantvillage_leakfree/train/apple_scab/30111fee-0c22-4ca4-aeb4-ac14a9a5d651___FREC_Scab 3097.jpg,0,apple_scab
plantvillage_leakfree/train/apple_scab/321c7135-853f-444d-9952-a893e660d966___FREC_Scab 2958.jpg,0,apple_scab
plantvillage_leakfree/train/apple_scab/32550bbb-cdf1-4805-8167-27dc5a8e87d2___FREC_Scab 3195.jpg,0,apple_scab
plantvillage_leakfree/train/apple_scab/334f8e1a-5989-476e-88f4-8a45c304e12c___FREC_Scab 3035.jpg,0,apple_scab
plantvillage_leakfree/train/apple_scab/34c2823b-d1c5-4bd8-a5a7-74bdef959e10___FREC_Scab 3484.jpg,0,apple_scab
plantvillage_leakfree/train/apple_scab/34c37353-8429-499e-bd38-ac7501f79e90___FREC_Scab 3501.jpg,0,apple_scab
plantvillage_leakfree/train/apple_scab/3523d2d8-0da9-4b83-b09d-21bd96860a3d___FREC_Scab 3499.jpg,0,apple_scab
plantvillage_leakfree/train/apple_scab/352a5659-3552-4e94-8333-c3715d38cc27___FREC_Scab 3049.jpg,0,apple_scab
plantvillage_leakfree/train/apple_scab/3636b2d7-b888-437b-b4e3-a8af4bb62763___FREC_Scab 3148.jpg,0,apple_scab
plantvillage_leakfree/train/apple_scab/3652fd23-ba4c-4958-8db8-3aff8f614dfd___FREC_Scab 3377.jpg,0,apple_scab
plantvillage_leakfree/train/apple_scab/36d99a07-4a43-4416-b204-6886f71d5039___FREC_Scab 3294.jpg,0,apple_scab
plantvillage_leakfree/train/apple_scab/376aaef3-8649-43aa-89f8-166bd349a3d3___FREC_Scab 3064.jpg,0,apple_scab
plantvillage_leakfree/train/apple_scab/38e76f0a-63cb-460a-b0fa-f20e561dc2c0___FREC_Scab 3481.jpg,0,apple_scab
plantvillage_leakfree/train/apple_scab/3bf2f5f8-4578-405a-88c6-c5338620a078___FREC_Scab 3059.jpg,0,apple_scab
plantvillage_leakfree/train/apple_scab/3c27bbd7-b305-4ab0-8a85-5061363cf632___FREC_Scab 3183.jpg,0,apple_scab
plantvillage_leakfree/train/apple_scab/3c2f46e3-9f96-4912-a9d5-7a046aa6a1b2___FREC_Scab 2967.jpg,0,apple_scab
plantvillage_leakfree/train/apple_scab/3d34bd1c-fae9-446a-a629-147b5e8d5d6b___FREC_Scab 3103.jpg,0,apple_scab
plantvillage_leakfree/train/apple_scab/3f65aa69-06c9-423f-ac7a-e2ab6edf63ca___FREC_Scab 3360.jpg,0,apple_scab
plantvillage_leakfree/train/apple_scab/4098b029-fcda-4d2f-9703-c16e6e5fae49___FREC_Scab 3455.jpg,0,apple_scab
plantvillage_leakfree/train/apple_scab/40a5e87c-ee32-4d67-9b28-926e94638a1d___FREC_Scab 3251.jpg,0,apple_scab
plantvillage_leakfree/train/apple_scab/40d60cf0-1311-40c7-9e7e-579e74c92027___FREC_Scab 3136.jpg,0,apple_scab
plantvillage_leakfree/train/apple_scab/40df2c3f-673e-4da8-a172-65fd5a656c1d___FREC_Scab 2957.jpg,0,apple_scab
plantvillage_leakfree/train/apple_scab/419c16b2-13aa-485b-8342-3760707e21f9___FREC_Scab 3285.jpg,0,apple_scab
plantvillage_leakfree/train/apple_scab/41c2bb79-44fb-48f4-864f-eec35e3442f5___FREC_Scab 2931.jpg,0,apple_scab
plantvillage_leakfree/train/apple_scab/41c30a63-9e26-4ced-8110-038a2e36b095___FREC_Scab 3298.jpg,0,apple_scab
plantvillage_leakfree/train/apple_scab/43f68711-decd-4831-bf5c-99fa40abe339___FREC_Scab 3413.jpg,0,apple_scab
plantvillage_leakfree/train/apple_scab/4442b558-4db4-4de3-82c3-7524b59bb315___FREC_Scab 2961.jpg,0,apple_scab
plantvillage_leakfree/train/apple_scab/444c4ed0-3bee-4059-870a-a15a00f0e37e___FREC_Scab 3067.jpg,0,apple_scab
plantvillage_leakfree/train/apple_scab/4495850d-4478-4680-a657-c082a8ea69ed___FREC_Scab 3534.jpg,0,apple_scab
plantvillage_leakfree/train/apple_scab/44b52928-c5dd-48f4-b2c8-b128032c49dd___FREC_Scab 3518.jpg,0,apple_scab
plantvillage_leakfree/train/apple_scab/44dbb7a4-4c41-4d4c-9e34-9e665a35926c___FREC_Scab 3438.jpg,0,apple_scab
plantvillage_leakfree/train/apple_scab/44dcf367-d162-407e-8ea8-e363ab8ff5c4___FREC_Scab 3282.jpg,0,apple_scab
plantvillage_leakfree/train/apple_scab/45000608-507a-46f5-be52-3ee24d0fb47d___FREC_Scab 3113.jpg,0,apple_scab
plantvillage_leakfree/train/apple_scab/45512c84-e453-459c-b12f-1d08ce44001b___FREC_Scab 3072.jpg,0,apple_scab
plantvillage_leakfree/train/apple_scab/45a699f2-a02d-4f1f-b628-6d445c58a595___FREC_Scab 3291.jpg,0,apple_scab
plantvillage_leakfree/train/apple_scab/45e34a1f-1d46-42e8-921d-c82f2c9e7cd1___FREC_Scab 3228.jpg,0,apple_scab
plantvillage_leakfree/train/apple_scab/45ee8aaa-1a08-46ed-8ac8-bba8e40c61d6___FREC_Scab 2986.jpg,0,apple_scab
plantvillage_leakfree/train/apple_scab/462f0ef8-5460-4f5c-8935-62a204d3fc08___FREC_Scab 2924.jpg,0,apple_scab
plantvillage_leakfree/train/apple_scab/47ebb7a4-a8e0-4a57-95e5-dd8e9d1235a2___FREC_Scab 3147.jpg,0,apple_scab
plantvillage_leakfree/train/apple_scab/48420763-bd18-49b4-9ab4-69319b5733f2___FREC_Scab 3201.jpg,0,apple_scab
plantvillage_leakfree/train/apple_scab/48dcb319-8b65-4bac-bba4-aa8ffa8abdd0___FREC_Scab 3519.jpg,0,apple_scab
plantvillage_leakfree/train/apple_scab/48e62e54-d02a-41bb-8486-234408706e69___FREC_Scab 3190.jpg,0,apple_scab
plantvillage_leakfree/train/apple_scab/4940cd87-695e-4f4d-8a45-5490812447cc___FREC_Scab 3044.jpg,0,apple_scab
plantvillage_leakfree/train/apple_scab/495816a8-4d85-47a5-9aca-a09f3f30a068___FREC_Scab 3443.jpg,0,apple_scab
plantvillage_leakfree/train/apple_scab/4a50158d-dcd0-4a1f-885e-2d9b16a4e344___FREC_Scab 3205.jpg,0,apple_scab
plantvillage_leakfree/train/apple_scab/4abca5eb-2376-4551-be42-25bbb5400fc7___FREC_Scab 3268.jpg,0,apple_scab
plantvillage_leakfree/train/apple_scab/4b4b59d5-3c6d-4ce5-b349-616fecb850ff___FREC_Scab 3447.jpg,0,apple_scab
plantvillage_leakfree/train/apple_scab/4b51cc5d-4122-451b-8598-81ea29dc7cd4___FREC_Scab 3290.jpg,0,apple_scab
plantvillage_leakfree/train/apple_scab/4b7c40cd-b145-4945-b649-3576a1d898dc___FREC_Scab 3343.jpg,0,apple_scab
plantvillage_leakfree/train/apple_scab/4bb38e05-1d5a-40c6-8638-10db134db682___FREC_Scab 3390.jpg,0,apple_scab
plantvillage_leakfree/train/apple_scab/4be9d1d9-2170-4856-a81e-e53e7aa5dbf7___FREC_Scab 3082.jpg,0,apple_scab
plantvillage_leakfree/train/apple_scab/4d02c4a9-4b0d-4b4b-9695-91f08228ee53___FREC_Scab 3274.jpg,0,apple_scab
plantvillage_leakfree/train/apple_scab/4d3bcf15-cc49-4189-82e1-780efdf625a8___FREC_Scab 3254.jpg,0,apple_scab
plantvillage_leakfree/train/apple_scab/4e2c27a7-4be1-4c86-a07b-bc2a64c1bff9___FREC_Scab 3018.jpg,0,apple_scab
plantvillage_leakfree/train/apple_scab/50dca3b7-fe83-426b-9fa7-a4e80df022aa___FREC_Scab 3488.jpg,0,apple_scab
plantvillage_leakfree/train/apple_scab/51530f6a-2bee-4008-8e77-eeda281e9195___FREC_Scab 3209.jpg,0,apple_scab
plantvillage_leakfree/train/apple_scab/517d0958-b10e-4260-a736-7a4bbb9706c0___FREC_Scab 3497.jpg,0,apple_scab
plantvillage_leakfree/train/apple_scab/518ab601-3736-4d3b-9770-a0efba601c0e___FREC_Scab 3231.jpg,0,apple_scab
plantvillage_leakfree/train/apple_scab/51929389-451f-4c78-a66b-b644e82a33b6___FREC_Scab 3528.jpg,0,apple_scab
plantvillage_leakfree/train/apple_scab/53035d10-9f2b-4c90-ab75-dfde2a9af82f___FREC_Scab 2915.jpg,0,apple_scab
plantvillage_leakfree/train/apple_scab/5345e6fb-1829-457f-ac86-6683d762c9ea___FREC_Scab 3482.jpg,0,apple_scab
plantvillage_leakfree/train/apple_scab/536ce9e9-6c98-42c6-9447-f38073b3e9da___FREC_Scab 3222.jpg,0,apple_scab
plantvillage_leakfree/train/apple_scab/537873ed-fc63-4df3-bb6a-a5bf4c742619___FREC_Scab 3505.jpg,0,apple_scab
plantvillage_leakfree/train/apple_scab/53d37faf-7a68-4fe2-ac1f-5438637742d4___FREC_Scab 3080.jpg,0,apple_scab
plantvillage_leakfree/train/apple_scab/53fe6519-da0a-4183-80d6-a18828a33223___FREC_Scab 3283.jpg,0,apple_scab
plantvillage_leakfree/train/apple_scab/550b0aab-e777-4942-a186-fc910e0fa89b___FREC_Scab 3253.jpg,0,apple_scab
plantvillage_leakfree/train/apple_scab/5581f206-7305-4430-be5f-8de62689fb70___FREC_Scab 2918.jpg,0,apple_scab
plantvillage_leakfree/train/apple_scab/55cd6283-a5b1-47e9-b061-c7692c8ba781___FREC_Scab 3460.jpg,0,apple_scab
plantvillage_leakfree/train/apple_scab/563a51b6-2342-4922-b76d-0a6bb69a11f9___FREC_Scab 3107.jpg,0,apple_scab
plantvillage_leakfree/train/apple_scab/5990ed9f-ffe8-4622-bd26-e536ea5e1109___FREC_Scab 3042.jpg,0,apple_scab
plantvillage_leakfree/train/apple_scab/59c9641b-c84e-4595-8f2c-13b5f914aa4a___FREC_Scab 3060.jpg,0,apple_scab
plantvillage_leakfree/train/apple_scab/5a178d63-372d-48c4-adb8-d616130ba3f0___FREC_Scab 3104.jpg,0,apple_scab
plantvillage_leakfree/train/apple_scab/5a923f64-b733-47a7-90f5-2786cd9c85ce___FREC_Scab 3234.jpg,0,apple_scab
plantvillage_leakfree/train/apple_scab/5b74fa7a-008d-42b2-b8c0-07bd4642153a___FREC_Scab 3162.jpg,0,apple_scab
plantvillage_leakfree/train/apple_scab/5c0af4dd-f185-4fc9-ae2c-a697a235d660___FREC_Scab 2955.jpg,0,apple_scab
plantvillage_leakfree/train/apple_scab/5cd3df15-31a2-4076-9d1a-8735fa1dccdf___FREC_Scab 3410.jpg,0,apple_scab
plantvillage_leakfree/train/apple_scab/5d398d0d-256d-4de5-8dcd-f3b455da2b76___FREC_Scab 3522.jpg,0,apple_scab
plantvillage_leakfree/train/apple_scab/5dbcba87-93fa-4c21-8abd-bc20c93b359f___FREC_Scab 3258.jpg,0,apple_scab
plantvillage_leakfree/train/apple_scab/5e96dd82-f2d2-4a19-a9cd-46165d6623f9___FREC_Scab 3218.jpg,0,apple_scab
plantvillage_leakfree/train/apple_scab/5f312356-04d0-44d0-ba06-4e3c33907b03___FREC_Scab 3349.jpg,0,apple_scab
plantvillage_leakfree/train/apple_scab/60f3ba82-caf1-4cf7-998c-b0005458fa38___FREC_Scab 3226.jpg,0,apple_scab
plantvillage_leakfree/train/apple_scab/6105e3bd-339c-47bd-9764-4ba9b7059a6b___FREC_Scab 3096.jpg,0,apple_scab
plantvillage_leakfree/train/apple_scab/61643f40-eb9a-4c6b-8de5-c12319fc7680___FREC_Scab 3114.jpg,0,apple_scab
plantvillage_leakfree/train/apple_scab/6344cfa8-2c26-4498-b366-817d56285212___FREC_Scab 2964.jpg,0,apple_scab
plantvillage_leakfree/train/apple_scab/63a29431-0e93-4e5d-b28d-3956edd10d01___FREC_Scab 3197.jpg,0,apple_scab
plantvillage_leakfree/train/apple_scab/63e1d796-f00e-4c24-9871-2eae6f9c9ced___FREC_Scab 3078.jpg,0,apple_scab
plantvillage_leakfree/train/apple_scab/64863bd8-baca-47b6-b07b-516df2659919___FREC_Scab 3149.jpg,0,apple_scab
plantvillage_leakfree/train/apple_scab/64e20068-6685-4a30-a812-fd817117d628___FREC_Scab 3485.jpg,0,apple_scab
plantvillage_leakfree/train/apple_scab/65c52553-6152-46d4-a576-3ef4984a6ad4___FREC_Scab 3524.jpg,0,apple_scab
plantvillage_leakfree/train/apple_scab/6639559d-7af6-40b0-9677-a8dcfe036435___FREC_Scab 3342.jpg,0,apple_scab
plantvillage_leakfree/train/apple_scab/663ad178-6346-4b89-8074-6655f1be1578___FREC_Scab 3500.jpg,0,apple_scab
plantvillage_leakfree/train/apple_scab/66fab3e4-d6e3-4a6d-aff0-4fe011ef8eb3___FREC_Scab 3153.jpg,0,apple_scab
plantvillage_leakfree/train/apple_scab/670efd0e-9a5e-44db-bd5a-4ffb5c5e5a7d___FREC_Scab 3108.jpg,0,apple_scab
plantvillage_leakfree/train/apple_scab/675f0b56-9d0b-45b3-8c8e-820efae75274___FREC_Scab 3006.jpg,0,apple_scab
plantvillage_leakfree/train/apple_scab/679c439b-740f-45cb-a9ba-d2984694fb25___FREC_Scab 2950.jpg,0,apple_scab
plantvillage_leakfree/train/apple_scab/67f122a8-fb8f-4b8c-bd45-3cf11db238b8___FREC_Scab 3140.jpg,0,apple_scab
plantvillage_leakfree/train/apple_scab/680c56ea-dc23-4b7b-baeb-f51b156c98f6___FREC_Scab 3416.jpg,0,apple_scab
plantvillage_leakfree/train/apple_scab/6823f5d3-b27b-4a34-a417-5fc5bd99f9d7___FREC_Scab 2975.jpg,0,apple_scab
plantvillage_leakfree/train/apple_scab/68a57535-547d-4287-89cc-6d8acc265372___FREC_Scab 3351.jpg,0,apple_scab
plantvillage_leakfree/train/apple_scab/6a006aa9-a9f2-4269-9fd9-7a879f01faf1___FREC_Scab 3117.jpg,0,apple_scab
plantvillage_leakfree/train/apple_scab/6a1f119d-d210-4a87-b17f-699436b82bef___FREC_Scab 3025.jpg,0,apple_scab
plantvillage_leakfree/train/apple_scab/6a61688a-c972-4f8f-b3b7-46fd00264240___FREC_Scab 3271.jpg,0,apple_scab
plantvillage_leakfree/train/apple_scab/6b5e1187-9b7b-4b4c-912f-b2175619f35f___FREC_Scab 3121.jpg,0,apple_scab
plantvillage_leakfree/train/apple_scab/6b66d8dd-af9f-43b5-a43f-6e4c6d64bede___FREC_Scab 3248.jpg,0,apple_scab
plantvillage_leakfree/train/apple_scab/6b9ef56b-3338-4d2b-a5e4-a1547234e6d6___FREC_Scab 3474.jpg,0,apple_scab
plantvillage_leakfree/train/apple_scab/6cee3edf-8909-418f-a27f-5e175e7ccd77___FREC_Scab 2951.jpg,0,apple_scab
plantvillage_leakfree/train/apple_scab/6d6f5a72-4c92-4163-b3dc-9a8f74f9edb7___FREC_Scab 3480.jpg,0,apple_scab
plantvillage_leakfree/train/apple_scab/6d9f5940-0ec4-4ccf-8003-719410b7f47c___FREC_Scab 3373.jpg,0,apple_scab
plantvillage_leakfree/train/apple_scab/6dd6a502-d5b3-4f3d-9231-e7dbd7b54908___FREC_Scab 2937.jpg,0,apple_scab
plantvillage_leakfree/train/apple_scab/6e17c808-c071-4eae-befd-bf7e2ed0d9e1___FREC_Scab 3256.jpg,0,apple_scab
plantvillage_leakfree/train/apple_scab/6e620ce9-bf70-41af-8778-dd46247a3327___FREC_Scab 3405.jpg,0,apple_scab
plantvillage_leakfree/train/apple_scab/6e8ed8d7-45e0-446a-aad1-d7ccf4a861fe___FREC_Scab 3068.jpg,0,apple_scab
plantvillage_leakfree/train/apple_scab/6fb41b7b-d1f0-451c-988a-1083d038acdb___FREC_Scab 3094.jpg,0,apple_scab
plantvillage_leakfree/train/apple_scab/6fb62aa7-c3d4-457a-b95d-a8b3102cccd8___FREC_Scab 3005.jpg,0,apple_scab
plantvillage_leakfree/train/apple_scab/730f20de-a19f-4320-89bf-027dceeff9b5___FREC_Scab 3185.jpg,0,apple_scab
plantvillage_leakfree/train/apple_scab/745cfcfa-5b39-46ad-8c40-96086e71f6ee___FREC_Scab 3448.jpg,0,apple_scab
plantvillage_leakfree/train/apple_scab/74813834-38bc-4301-93ff-39b208eb52bc___FREC_Scab 3315.jpg,0,apple_scab
plantvillage_leakfree/train/apple_scab/748e82aa-02b1-4ca7-9fd3-e0184f20644f___FREC_Scab 3354.jpg,0,apple_scab
plantvillage_leakfree/train/apple_scab/74f429dd-0b33-41e1-a689-17f8b62dd614___FREC_Scab 3186.jpg,0,apple_scab
plantvillage_leakfree/train/apple_scab/75eca8b6-4446-4bf4-9d10-7d38ed44199a___FREC_Scab 3475.jpg,0,apple_scab
plantvillage_leakfree/train/apple_scab/76e50482-74b2-468f-8556-7669e1682f1e___FREC_Scab 3323.jpg,0,apple_scab
plantvillage_leakfree/train/apple_scab/774fb249-80b5-4575-ab5a-5459a9c14ef6___FREC_Scab 3024.jpg,0,apple_scab
plantvillage_leakfree/train/apple_scab/7897b5dc-7aa6-48b2-8c18-a30fcd6cae94___FREC_Scab 3203.jpg,0,apple_scab
plantvillage_leakfree/train/apple_scab/78f8b36a-5126-4105-9699-39387015452f___FREC_Scab 2983.jpg,0,apple_scab
plantvillage_leakfree/train/apple_scab/792c3972-8724-45b6-8ba0-eec0f675bc50___FREC_Scab 3120.jpg,0,apple_scab
plantvillage_leakfree/train/apple_scab/795c112f-bd6c-4d70-8986-b1c2fb62cbf2___FREC_Scab 3384.jpg,0,apple_scab
plantvillage_leakfree/train/apple_scab/7b17fb27-2af4-4c90-b499-0c0658ba7262___FREC_Scab 2943.jpg,0,apple_scab
plantvillage_leakfree/train/apple_scab/7b3e4313-9abb-4105-8be9-2020f1101e58___FREC_Scab 3441.jpg,0,apple_scab
plantvillage_leakfree/train/apple_scab/7b7c32e3-68f8-4280-acda-4c6e67f4725f___FREC_Scab 3340.jpg,0,apple_scab
plantvillage_leakfree/train/apple_scab/7bc2b2d5-b2b6-4ac2-9bbe-322ce8d7d9bb___FREC_Scab 2944.jpg,0,apple_scab
plantvillage_leakfree/train/apple_scab/7be1e0a3-01d0-40c3-9628-f69952550267___FREC_Scab 3263.jpg,0,apple_scab
plantvillage_leakfree/train/apple_scab/7c0710e7-2ad4-44c4-a6f6-ffeb5573f8e7___FREC_Scab 3208.jpg,0,apple_scab
plantvillage_leakfree/train/apple_scab/7c66bda4-301c-4987-85b8-fd8230c5a2f2___FREC_Scab 3324.jpg,0,apple_scab
plantvillage_leakfree/train/apple_scab/7c83792f-d375-42fb-a5a0-1bc2cb3a8eff___FREC_Scab 2914.jpg,0,apple_scab
plantvillage_leakfree/train/apple_scab/7dbdcba3-395b-413e-bc22-cd0d0e11a1c9___FREC_Scab 3363.jpg,0,apple_scab
plantvillage_leakfree/train/apple_scab/7e2bacbd-f92b-417e-879f-002f3862718c___FREC_Scab 3374.jpg,0,apple_scab
plantvillage_leakfree/train/apple_scab/7e4bbd7a-b494-426f-9f08-755ce4a399e7___FREC_Scab 3331.jpg,0,apple_scab
plantvillage_leakfree/train/apple_scab/7e64fdef-9cb7-40ed-9f40-f3c97d6e0e8a___FREC_Scab 3536.jpg,0,apple_scab
plantvillage_leakfree/train/apple_scab/7ead14ac-9bdd-42a9-bde9-b70d8b6694b7___FREC_Scab 3356.jpg,0,apple_scab
plantvillage_leakfree/train/apple_scab/7edff180-8238-44d7-bba1-07749e649dae___FREC_Scab 3071.jpg,0,apple_scab
plantvillage_leakfree/train/apple_scab/7efdde34-c75b-40bc-92ef-48de08ec0709___FREC_Scab 3027.jpg,0,apple_scab
plantvillage_leakfree/train/apple_scab/7f21c995-332c-4a60-9b18-b279917d7ffa___FREC_Scab 3277.jpg,0,apple_scab
plantvillage_leakfree/train/apple_scab/808207df-2000-4050-a720-bd23997710b8___FREC_Scab 3270.jpg,0,apple_scab
plantvillage_leakfree/train/apple_scab/80870a3d-e028-47c6-9548-cef00d68be2c___FREC_Scab 3469.jpg,0,apple_scab
plantvillage_leakfree/train/apple_scab/80894f41-f887-4d0c-8b09-0a7cd24fbe18___FREC_Scab 3526.jpg,0,apple_scab
plantvillage_leakfree/train/apple_scab/80ddd81b-9c75-4711-8012-7ee68af378db___FREC_Scab 3458.jpg,0,apple_scab
plantvillage_leakfree/train/apple_scab/815d2612-ee00-407a-8a0d-d0d94c7e0a9f___FREC_Scab 3461.jpg,0,apple_scab
plantvillage_leakfree/train/apple_scab/81c34d6d-e734-4ee7-9645-0f8f80c809c7___FREC_Scab 3276.jpg,0,apple_scab
plantvillage_leakfree/train/apple_scab/82488f15-ffb8-495f-b09f-3810e447681a___FREC_Scab 3007.jpg,0,apple_scab
plantvillage_leakfree/train/apple_scab/82f4f2fc-b28e-4834-95b8-3d7b144f8b15___FREC_Scab 3063.jpg,0,apple_scab
plantvillage_leakfree/train/apple_scab/83d10707-6253-4717-8c8a-6ea3ebb1e0e1___FREC_Scab 3138.jpg,0,apple_scab
plantvillage_leakfree/train/apple_scab/8455ff58-ba10-44ee-abfc-0055cf6f0449___FREC_Scab 3135.jpg,0,apple_scab
plantvillage_leakfree/train/apple_scab/84671985-6989-4451-b61d-c32dda7d7c5f___FREC_Scab 3379.jpg,0,apple_scab
plantvillage_leakfree/train/apple_scab/84ba6fe9-427e-415b-8bfe-a1f8670e1537___FREC_Scab 3530.jpg,0,apple_scab
plantvillage_leakfree/train/apple_scab/84e61e7e-f106-442c-a954-63dc3a57d5d5___FREC_Scab 3057.jpg,0,apple_scab
plantvillage_leakfree/train/apple_scab/84ef6106-d401-44fb-a5c9-be5ef93cb4e7___FREC_Scab 2921.jpg,0,apple_scab
plantvillage_leakfree/train/apple_scab/85aad925-f1e2-463e-840b-266d49a56d1f___FREC_Scab 3100.jpg,0,apple_scab
plantvillage_leakfree/train/apple_scab/86054e9e-26b4-42b5-b192-58ddee7b0c34___FREC_Scab 3011.jpg,0,apple_scab
plantvillage_leakfree/train/apple_scab/8727408d-c5b9-41c4-abd7-dd8e6978efff___FREC_Scab 2995.jpg,0,apple_scab
plantvillage_leakfree/train/apple_scab/88079400-60e9-4317-b917-0bee6c8c16f5___FREC_Scab 3411.jpg,0,apple_scab
plantvillage_leakfree/train/apple_scab/88b51f59-08ed-41fe-8402-69f0964f87fe___FREC_Scab 3299.jpg,0,apple_scab
plantvillage_leakfree/train/apple_scab/892da302-54b8-43a1-960d-055f5eb3f0a1___FREC_Scab 3019.jpg,0,apple_scab
plantvillage_leakfree/train/apple_scab/89888e39-a951-4507-a9c4-193aead90f64___FREC_Scab 3160.jpg,0,apple_scab
plantvillage_leakfree/train/apple_scab/89937e2f-6ec2-483d-9ba4-1c7c61859cb0___FREC_Scab 3394.jpg,0,apple_scab
plantvillage_leakfree/train/apple_scab/8a212787-77fb-40dc-a028-92d5ff2d6c7c___FREC_Scab 3043.jpg,0,apple_scab
plantvillage_leakfree/train/apple_scab/8a8f8dd2-a938-4288-a8ec-56ef0aaa2d4f___FREC_Scab 2947.jpg,0,apple_scab
plantvillage_leakfree/train/apple_scab/8b28fdba-2f54-45dc-a671-a2743f127c45___FREC_Scab 3346.jpg,0,apple_scab
plantvillage_leakfree/train/apple_scab/8bcbb4fb-c733-4fc7-92d2-6e4a442e592e___FREC_Scab 3506.jpg,0,apple_scab
plantvillage_leakfree/train/apple_scab/8c71b810-5fe3-415e-863b-6bb0b1fb1455___FREC_Scab 3221.jpg,0,apple_scab
plantvillage_leakfree/train/apple_scab/8c72c236-8f13-4087-8d1d-f365211563f0___FREC_Scab 3196.jpg,0,apple_scab
plantvillage_leakfree/train/apple_scab/8c916434-af92-4360-9833-0422aa510f7e___FREC_Scab 3245.jpg,0,apple_scab
plantvillage_leakfree/train/apple_scab/8df36a92-b562-4bff-975b-ff08d8da40f6___FREC_Scab 3119.jpg,0,apple_scab
plantvillage_leakfree/train/apple_scab/8e04135b-2279-43a7-af41-147d96395478___FREC_Scab 3143.jpg,0,apple_scab
plantvillage_leakfree/train/apple_scab/8eaf0422-c84e-4521-8628-85cf2fc91e7c___FREC_Scab 2989.jpg,0,apple_scab
plantvillage_leakfree/train/apple_scab/900e46e0-2f82-4062-8963-50fa06834c38___FREC_Scab 3301.jpg,0,apple_scab
plantvillage_leakfree/train/apple_scab/9082fc1b-6621-48be-9953-50d3de9a6661___FREC_Scab 3065.jpg,0,apple_scab
plantvillage_leakfree/train/apple_scab/9100bed7-65dd-4425-840b-503f9db78ef8___FREC_Scab 3076.jpg,0,apple_scab
plantvillage_leakfree/train/apple_scab/919f1400-c9b6-4343-9708-0e70deabb85d___FREC_Scab 2941.jpg,0,apple_scab
plantvillage_leakfree/train/apple_scab/91decba3-10b0-4d3e-974c-bcc7729e867d___FREC_Scab 3527.jpg,0,apple_scab
plantvillage_leakfree/train/apple_scab/925b4276-9d62-4a3d-9dfd-1613ed40685a___FREC_Scab 2994.jpg,0,apple_scab
plantvillage_leakfree/train/apple_scab/9431682d-6de3-4b1f-bdde-11b706fe2e85___FREC_Scab 3029.jpg,0,apple_scab
plantvillage_leakfree/train/apple_scab/9474d631-06bc-45e0-bdcc-2aff28b34856___FREC_Scab 3358.jpg,0,apple_scab
plantvillage_leakfree/train/apple_scab/94ef05b0-aee5-4956-8a07-67808c0ca84c___FREC_Scab 3376.jpg,0,apple_scab
plantvillage_leakfree/train/apple_scab/9555b45b-0080-4d26-8b54-a343b9bf0ffc___FREC_Scab 3313.jpg,0,apple_scab
plantvillage_leakfree/train/apple_scab/96a26f9f-76b9-456a-b39f-d390ff20bc58___FREC_Scab 3257.jpg,0,apple_scab
plantvillage_leakfree/train/apple_scab/96f7f6b4-4dd6-4887-b6b2-89449271274f___FREC_Scab 3047.jpg,0,apple_scab
plantvillage_leakfree/train/apple_scab/97294a06-04ae-440f-b130-ddff2817c727___FREC_Scab 3372.jpg,0,apple_scab
plantvillage_leakfree/train/apple_scab/98d39524-dfe5-42c0-999d-110aa1c49b85___FREC_Scab 3259.jpg,0,apple_scab
plantvillage_leakfree/train/apple_scab/98e6e72f-092d-41dc-93e1-22bfc1ea2abd___FREC_Scab 2953.jpg,0,apple_scab
plantvillage_leakfree/train/apple_scab/99e03a3c-c68f-4648-af09-877c57d6b115___FREC_Scab 3054.jpg,0,apple_scab
plantvillage_leakfree/train/apple_scab/99f409b1-0e19-43e6-bbc5-95c5368f86be___FREC_Scab 3051.jpg,0,apple_scab
plantvillage_leakfree/train/apple_scab/9a544639-1fc6-4c45-88e4-3049c2bc0814___FREC_Scab 3439.jpg,0,apple_scab
plantvillage_leakfree/train/apple_scab/9a82c830-7854-4f7f-84c5-f7414cd238b0___FREC_Scab 3069.jpg,0,apple_scab
plantvillage_leakfree/train/apple_scab/9b7399aa-1c3c-4137-ae4e-196cd23fe573___FREC_Scab 3468.jpg,0,apple_scab
plantvillage_leakfree/train/apple_scab/9c04ca1c-e5f5-4a03-8205-544c1475a18c___FREC_Scab 3502.jpg,0,apple_scab
plantvillage_leakfree/train/apple_scab/9cbb6419-1670-45d5-a8ad-90cf9eaac971___FREC_Scab 3075.jpg,0,apple_scab
plantvillage_leakfree/train/apple_scab/9d586b46-914c-4715-a406-484a597e3bab___FREC_Scab 2998.jpg,0,apple_scab
plantvillage_leakfree/train/apple_scab/9dac36c9-3c32-44be-8752-0f03666cbb76___FREC_Scab 3365.jpg,0,apple_scab
plantvillage_leakfree/train/apple_scab/9e399a72-a81f-4a43-8542-ebc4e96ba346___FREC_Scab 2930.jpg,0,apple_scab
plantvillage_leakfree/train/apple_scab/9e4d949f-0d9b-4b61-8ce9-574664176efc___FREC_Scab 3022.jpg,0,apple_scab
plantvillage_leakfree/train/apple_scab/9fd8d7c3-3321-49fc-a7dc-165ccc353c78___FREC_Scab 3177.jpg,0,apple_scab
plantvillage_leakfree/train/apple_scab/a038a218-4c69-4f5a-9887-80fac9888782___FREC_Scab 3008.jpg,0,apple_scab
plantvillage_leakfree/train/apple_scab/a0fd13e3-e36c-4386-beb2-ec6a587bfd70___FREC_Scab 3053.jpg,0,apple_scab
plantvillage_leakfree/train/apple_scab/a15c8e33-6b90-489e-800d-99b3056235c2___FREC_Scab 3466.jpg,0,apple_scab
plantvillage_leakfree/train/apple_scab/a2d4e28d-efb1-4b5c-8f39-de90392f007a___FREC_Scab 3139.jpg,0,apple_scab
plantvillage_leakfree/train/apple_scab/a2d74032-fd6c-469b-897a-054705e03dec___FREC_Scab 3028.jpg,0,apple_scab
plantvillage_leakfree/train/apple_scab/a31b7944-c213-4b83-a586-004d0522e355___FREC_Scab 3341.jpg,0,apple_scab
plantvillage_leakfree/train/apple_scab/a3824376-87d9-464c-b78e-e35d029d43f2___FREC_Scab 3249.jpg,0,apple_scab
plantvillage_leakfree/train/apple_scab/a5ed05d8-9815-41b7-b481-332e48cfde56___FREC_Scab 3415.jpg,0,apple_scab
plantvillage_leakfree/train/apple_scab/a6ba4b1c-285a-432d-ae70-df3e37e5e6c1___FREC_Scab 3002.jpg,0,apple_scab
plantvillage_leakfree/train/apple_scab/a72a9033-d2b9-4c64-93bc-7e5a1a0ea4ae___FREC_Scab 3284.jpg,0,apple_scab
plantvillage_leakfree/train/apple_scab/a8037811-6ce4-4611-ace1-1b6492374135___FREC_Scab 3126.jpg,0,apple_scab
plantvillage_leakfree/train/apple_scab/a88d758c-0c4f-4214-b91d-e5645aa97113___FREC_Scab 3424.jpg,0,apple_scab
plantvillage_leakfree/train/apple_scab/ab0ab3b2-0893-46c6-8f66-9469e8340b64___FREC_Scab 3368.jpg,0,apple_scab
plantvillage_leakfree/train/apple_scab/aba69098-9c79-46cc-ba1f-6f88a456b56f___FREC_Scab 3039.jpg,0,apple_scab
plantvillage_leakfree/train/apple_scab/abd8b296-db97-40c0-af5b-39e03f4dec16___FREC_Scab 3041.jpg,0,apple_scab
plantvillage_leakfree/train/apple_scab/ac3ae45a-aaff-44c0-979d-6a2a8ba50ccf___FREC_Scab 3520.jpg,0,apple_scab
plantvillage_leakfree/train/apple_scab/ac61c972-546d-4977-ac4a-085f98bbf206___FREC_Scab 3308.jpg,0,apple_scab
plantvillage_leakfree/train/apple_scab/ac8466c6-8a4f-4757-bb4d-d63f4b6a6928___FREC_Scab 3436.jpg,0,apple_scab
plantvillage_leakfree/train/apple_scab/add9ce00-e304-4632-82f2-ddc86a6be5f6___FREC_Scab 3472.jpg,0,apple_scab
plantvillage_leakfree/train/apple_scab/ade2b601-d2ea-4f5b-afc2-2c88aefea6b6___FREC_Scab 3464.jpg,0,apple_scab
plantvillage_leakfree/train/apple_scab/adfdba4a-a725-4c5b-8b1c-96e8b20baa7b___FREC_Scab 3265.jpg,0,apple_scab
plantvillage_leakfree/train/apple_scab/ae02ce53-61ad-41d0-870a-a5a8b2fb3e93___FREC_Scab 3359.jpg,0,apple_scab
plantvillage_leakfree/train/apple_scab/ae035eb1-0214-4964-b018-14fca52713fc___FREC_Scab 3166.jpg,0,apple_scab
plantvillage_leakfree/train/apple_scab/af598e54-dae1-47e5-aefc-0b0a419dfa07___FREC_Scab 3211.jpg,0,apple_scab
plantvillage_leakfree/train/apple_scab/af82e889-9ec0-437c-85b8-7a6a5caf73a1___FREC_Scab 3338.jpg,0,apple_scab
plantvillage_leakfree/train/apple_scab/afc6c0d9-46a0-4275-a2f5-bb241017dbe4___FREC_Scab 3020.jpg,0,apple_scab
plantvillage_leakfree/train/apple_scab/aff87313-e090-401b-aa23-92fba4c55fae___FREC_Scab 3305.jpg,0,apple_scab
plantvillage_leakfree/train/apple_scab/affb666c-6915-48e6-ba8a-92385af75826___FREC_Scab 3395.jpg,0,apple_scab
plantvillage_leakfree/train/apple_scab/b02a7f1d-3cfc-489e-9e74-983059c6980d___FREC_Scab 3244.jpg,0,apple_scab
plantvillage_leakfree/train/apple_scab/b0613c0d-0e9d-4e47-9743-57f5da39a092___FREC_Scab 3311.jpg,0,apple_scab
plantvillage_leakfree/train/apple_scab/b0744c40-7396-4efb-9d0e-d7b1f22a9dd4___FREC_Scab 3407.jpg,0,apple_scab
plantvillage_leakfree/train/apple_scab/b0b2a38c-396d-4d25-b346-5947e2c787d9___FREC_Scab 3077.jpg,0,apple_scab
plantvillage_leakfree/train/apple_scab/b10dceaa-a764-46b4-bd61-bc9fb13579ca___FREC_Scab 3141.jpg,0,apple_scab
plantvillage_leakfree/train/apple_scab/b18d07ee-d2e2-4cc2-876c-e03e3839f3b6___FREC_Scab 3427.jpg,0,apple_scab
plantvillage_leakfree/train/apple_scab/b19d8a20-6d33-4ad5-848b-e618c07756b7___FREC_Scab 3198.jpg,0,apple_scab
plantvillage_leakfree/train/apple_scab/b1efda88-84a3-4d96-b3bf-48d7e12155e9___FREC_Scab 3009.jpg,0,apple_scab
plantvillage_leakfree/train/apple_scab/b24daaef-81e1-47fc-a858-b8c8b346d956___FREC_Scab 2927.jpg,0,apple_scab
plantvillage_leakfree/train/apple_scab/b2567b00-d781-4177-9c3f-6a7b9f47941f___FREC_Scab 3414.jpg,0,apple_scab
plantvillage_leakfree/train/apple_scab/b34550a7-6327-4993-b112-16eedf8f0353___FREC_Scab 2922.jpg,0,apple_scab
plantvillage_leakfree/train/apple_scab/b3b884bb-55ff-42dd-81d6-d8260acd4ad5___FREC_Scab 3281.jpg,0,apple_scab
plantvillage_leakfree/train/apple_scab/b4b9c80a-f741-416d-a7e6-6d9566ea731e___FREC_Scab 3399.jpg,0,apple_scab
plantvillage_leakfree/train/apple_scab/b4d26d69-8318-4898-93be-561f78c18d5a___FREC_Scab 3133.jpg,0,apple_scab
plantvillage_leakfree/train/apple_scab/b67039ac-fa02-4db5-9aad-a429c329263f___FREC_Scab 3435.jpg,0,apple_scab
plantvillage_leakfree/train/apple_scab/b7740d56-4540-44f5-82c4-3916da0cba20___FREC_Scab 3229.jpg,0,apple_scab
plantvillage_leakfree/train/apple_scab/b8199a66-9ef5-498c-b55d-9a05d67433a5___FREC_Scab 2920.jpg,0,apple_scab
plantvillage_leakfree/train/apple_scab/b84c8919-1f8c-4751-a759-e0ec84839020___FREC_Scab 3264.jpg,0,apple_scab
plantvillage_leakfree/train/apple_scab/b8829a11-a69e-479f-977e-3890cd1d76b1___FREC_Scab 3144.jpg,0,apple_scab
plantvillage_leakfree/train/apple_scab/b963d384-123e-48e5-ac66-a1e87f33ba0b___FREC_Scab 3021.jpg,0,apple_scab
plantvillage_leakfree/train/apple_scab/b98c71e9-79a0-4e8d-9c8d-0438c4fe8a57___FREC_Scab 2948.jpg,0,apple_scab
plantvillage_leakfree/train/apple_scab/b98ecede-7f6f-4e39-a761-4dc37699507b___FREC_Scab 2971.jpg,0,apple_scab
plantvillage_leakfree/train/apple_scab/ba0c02a0-3597-44e5-826d-00398a68d65b___FREC_Scab 2939.jpg,0,apple_scab
plantvillage_leakfree/train/apple_scab/ba94f188-df0b-41fd-94e3-f0ed4924e23e___FREC_Scab 3102.jpg,0,apple_scab
plantvillage_leakfree/train/apple_scab/baa200af-fc0e-4f13-abec-389605a604a7___FREC_Scab 3220.jpg,0,apple_scab
plantvillage_leakfree/train/apple_scab/baa34f65-7a7a-4308-ad86-4fe8f0da288d___FREC_Scab 3115.jpg,0,apple_scab
plantvillage_leakfree/train/apple_scab/bb495423-1617-447c-95cd-52ebabee1a59___FREC_Scab 3199.jpg,0,apple_scab
plantvillage_leakfree/train/apple_scab/bbcecb36-bad4-4aa5-812b-00a402427943___FREC_Scab 3279.jpg,0,apple_scab
plantvillage_leakfree/train/apple_scab/bc2ce052-84b8-4de9-bd9d-7528869b62dc___FREC_Scab 3309.jpg,0,apple_scab
plantvillage_leakfree/train/apple_scab/bc93b0fd-568f-4969-9d2d-c94d5f340e7e___FREC_Scab 3357.jpg,0,apple_scab
plantvillage_leakfree/train/apple_scab/bceb695a-e877-4b2b-bf05-241661d511d4___FREC_Scab 3240.jpg,0,apple_scab
plantvillage_leakfree/train/apple_scab/be076652-b1bd-430c-a752-db525c1dfcfd___FREC_Scab 3367.jpg,0,apple_scab
plantvillage_leakfree/train/apple_scab/be0ae8eb-76ea-4aba-bc29-175812af0f8d___FREC_Scab 3421.jpg,0,apple_scab
plantvillage_leakfree/train/apple_scab/be10c6a0-b99b-4c91-b78f-141a12beb70c___FREC_Scab 3106.jpg,0,apple_scab
plantvillage_leakfree/train/apple_scab/be23de1a-2db8-4d7f-8b5f-cee56829d49c___FREC_Scab 2991.jpg,0,apple_scab
plantvillage_leakfree/train/apple_scab/bf99a731-b08d-47af-8d65-196bbb0ca2e3___FREC_Scab 3344.jpg,0,apple_scab
plantvillage_leakfree/train/apple_scab/bf9a1cb3-baa2-42f6-881b-c77864b3019c___FREC_Scab 3189.jpg,0,apple_scab
plantvillage_leakfree/train/apple_scab/c0bfed2f-ace7-44dd-9410-440b5eea4d89___FREC_Scab 3266.jpg,0,apple_scab
plantvillage_leakfree/train/apple_scab/c0f4f71a-8f53-4a0a-816f-d400a445680a___FREC_Scab 3459.jpg,0,apple_scab
plantvillage_leakfree/train/apple_scab/c190660f-6116-465c-8ca6-fc56f9844a30___FREC_Scab 3432.jpg,0,apple_scab
plantvillage_leakfree/train/apple_scab/c270319e-61d4-4376-a3e8-b159ff712dd4___FREC_Scab 3401.jpg,0,apple_scab
plantvillage_leakfree/train/apple_scab/c27b45af-c362-4d37-ab5b-ee197a3670de___FREC_Scab 3521.jpg,0,apple_scab
plantvillage_leakfree/train/apple_scab/c3cb1c6c-30f6-4fda-9887-eaeb7e071ca9___FREC_Scab 2913.jpg,0,apple_scab
plantvillage_leakfree/train/apple_scab/c3d356bb-504c-48f7-b7aa-4feb5c009d6d___FREC_Scab 3383.jpg,0,apple_scab
plantvillage_leakfree/train/apple_scab/c4175126-9e07-4465-9574-0229bb5b1f41___FREC_Scab 3304.jpg,0,apple_scab
plantvillage_leakfree/train/apple_scab/c4a3c215-aa1e-4d1c-b545-1ab2b15812fe___FREC_Scab 2938.jpg,0,apple_scab
plantvillage_leakfree/train/apple_scab/c4e2b47d-d3c9-418e-9e60-78cead67c5d7___FREC_Scab 2928.jpg,0,apple_scab
plantvillage_leakfree/train/apple_scab/c51ed52b-7c1a-47fa-83c2-097502ee09b9___FREC_Scab 3146.jpg,0,apple_scab
plantvillage_leakfree/train/apple_scab/c54db2df-2fe4-44e0-8a54-aee97e74acf5___FREC_Scab 3318.jpg,0,apple_scab
plantvillage_leakfree/train/apple_scab/c563cf1c-da17-4c03-b3e8-b306334e0270___FREC_Scab 2933.jpg,0,apple_scab
plantvillage_leakfree/train/apple_scab/c6e7fae4-cacb-4058-a933-d38ea04ee42e___FREC_Scab 3348.jpg,0,apple_scab
plantvillage_leakfree/train/apple_scab/c745cec0-6c89-4bee-b0c2-a71a925b7f1b___FREC_Scab 3227.jpg,0,apple_scab
plantvillage_leakfree/train/apple_scab/c7a9601c-b927-413d-8bc8-2175e573b128___FREC_Scab 3031.jpg,0,apple_scab
plantvillage_leakfree/train/apple_scab/c7dc7cfa-559a-4950-ba71-90d11dfe0b56___FREC_Scab 3381.jpg,0,apple_scab
plantvillage_leakfree/train/apple_scab/c84037f0-a9ba-46fc-9e44-ca67914ae7d0___FREC_Scab 3171.jpg,0,apple_scab
plantvillage_leakfree/train/apple_scab/ca37bd3e-47ec-415d-8012-81e4efcc6be5___FREC_Scab 2917.jpg,0,apple_scab
plantvillage_leakfree/train/apple_scab/cad140d1-bf93-4d65-bae8-c2e332f1346f___FREC_Scab 3426.jpg,0,apple_scab
plantvillage_leakfree/train/apple_scab/cb36375a-3a30-4d01-8764-358eb6300f16___FREC_Scab 3378.jpg,0,apple_scab
plantvillage_leakfree/train/apple_scab/cbbdd77b-93f5-4f45-b35d-2b05ab1c8eb4___FREC_Scab 3465.jpg,0,apple_scab
plantvillage_leakfree/train/apple_scab/cbc265da-87e2-449e-8585-b744f9371772___FREC_Scab 3431.jpg,0,apple_scab
plantvillage_leakfree/train/apple_scab/cc62ab3a-f945-4aa3-add4-03887b49007a___FREC_Scab 2960.jpg,0,apple_scab
plantvillage_leakfree/train/apple_scab/cc729eed-8d8e-4a23-9b27-db78e418543d___FREC_Scab 3092.jpg,0,apple_scab
plantvillage_leakfree/train/apple_scab/cd5654a1-a27a-49f1-8d97-22101a905278___FREC_Scab 3179.jpg,0,apple_scab
plantvillage_leakfree/train/apple_scab/cd7234b0-3c97-4763-9d16-5a97c87140f7___FREC_Scab 3207.jpg,0,apple_scab
plantvillage_leakfree/train/apple_scab/cd7bc55c-1c47-4af7-9875-f29147d54115___FREC_Scab 3471.jpg,0,apple_scab
plantvillage_leakfree/train/apple_scab/ced72cdb-0358-420c-abdd-1c94ba303435___FREC_Scab 3217.jpg,0,apple_scab
plantvillage_leakfree/train/apple_scab/cff69c82-7901-400a-b45c-6343624edfc3___FREC_Scab 3192.jpg,0,apple_scab
plantvillage_leakfree/train/apple_scab/d08d117d-d394-4e24-83c2-cd7fd96894ce___FREC_Scab 3093.jpg,0,apple_scab
plantvillage_leakfree/train/apple_scab/d1745979-75a6-4b00-a544-cf5ba043e7e0___FREC_Scab 3330.jpg,0,apple_scab
plantvillage_leakfree/train/apple_scab/d1773f0b-f049-4bb1-b13f-d33b96078ab3___FREC_Scab 3046.jpg,0,apple_scab
plantvillage_leakfree/train/apple_scab/d1938082-a2de-49ad-8ca2-4b1947a7e107___FREC_Scab 3212.jpg,0,apple_scab
plantvillage_leakfree/train/apple_scab/d1a9a2ab-6d10-4c1a-87e1-349117b2700f___FREC_Scab 3389.jpg,0,apple_scab
plantvillage_leakfree/train/apple_scab/d250df8f-72ee-40c2-a620-0e0e0fa36971___FREC_Scab 3070.jpg,0,apple_scab
plantvillage_leakfree/train/apple_scab/d42691a9-d8a5-43f9-b9e6-7a2cd5bc8371___FREC_Scab 3224.jpg,0,apple_scab
plantvillage_leakfree/train/apple_scab/d48c6280-ceec-4b35-bc04-bbbf56995203___FREC_Scab 3262.jpg,0,apple_scab
plantvillage_leakfree/train/apple_scab/d608ac35-eaf8-43e2-b429-f9b433126023___FREC_Scab 3386.jpg,0,apple_scab
plantvillage_leakfree/train/apple_scab/d652b023-0ade-4f34-a490-206a87489e5e___FREC_Scab 3066.jpg,0,apple_scab
plantvillage_leakfree/train/apple_scab/d66bf6da-1199-4f2b-9776-8cbc4529b268___FREC_Scab 3157.jpg,0,apple_scab
plantvillage_leakfree/train/apple_scab/d72cdbbd-7982-4198-8bf7-a053ed69bba1___FREC_Scab 3529.jpg,0,apple_scab
plantvillage_leakfree/train/apple_scab/d730c2c9-ac5f-4c4e-b568-2f3e8b43b1a9___FREC_Scab 3074.jpg,0,apple_scab
plantvillage_leakfree/train/apple_scab/d736e5ee-f15e-453e-a14a-390d226e24a7___FREC_Scab 3322.jpg,0,apple_scab
plantvillage_leakfree/train/apple_scab/d7ac8a6f-7c88-47ac-9387-eefb672e9776___FREC_Scab 3392.jpg,0,apple_scab
plantvillage_leakfree/train/apple_scab/d842b34b-d2ab-48fc-9e78-ef586308c359___FREC_Scab 2982.jpg,0,apple_scab
plantvillage_leakfree/train/apple_scab/d8aeb323-17d2-4123-9988-3c2346558bc6___FREC_Scab 2996.jpg,0,apple_scab
plantvillage_leakfree/train/apple_scab/d8b8a834-08df-43d9-8a1a-4bc8e508a1e3___FREC_Scab 3280.jpg,0,apple_scab
plantvillage_leakfree/train/apple_scab/d94dd9a8-f2ad-45c4-bf45-3a361f5e2efa___FREC_Scab 3442.jpg,0,apple_scab
plantvillage_leakfree/train/apple_scab/d9a98a38-faa1-47dc-9710-28a86f024a29___FREC_Scab 3490.jpg,0,apple_scab
plantvillage_leakfree/train/apple_scab/da09f1db-51a0-4142-855a-7783a3f92114___FREC_Scab 2978.jpg,0,apple_scab
plantvillage_leakfree/train/apple_scab/dbf66e2f-cf58-418c-9dcd-14254af3ddb1___FREC_Scab 2934.jpg,0,apple_scab
plantvillage_leakfree/train/apple_scab/dbf6dab4-0765-454c-8cb9-6b4329bca971___FREC_Scab 3225.jpg,0,apple_scab
plantvillage_leakfree/train/apple_scab/dce5b716-54ad-420c-911c-476b838c4be9___FREC_Scab 3045.jpg,0,apple_scab
plantvillage_leakfree/train/apple_scab/dd46079c-b12c-4687-9db9-5d45b7f0e510___FREC_Scab 3327.jpg,0,apple_scab
plantvillage_leakfree/train/apple_scab/de6e3dd8-b2b8-4bce-aa4f-83cc514f2007___FREC_Scab 3511.jpg,0,apple_scab
plantvillage_leakfree/train/apple_scab/deda82bc-976d-4dd8-8599-283d622249bb___FREC_Scab 3085.jpg,0,apple_scab
plantvillage_leakfree/train/apple_scab/dfa24368-8ba9-4c02-9c3e-9e9a62a8d479___FREC_Scab 3215.jpg,0,apple_scab
plantvillage_leakfree/train/apple_scab/e12cb6bc-9831-4a22-ba1f-95d3e7c1c62a___FREC_Scab 3040.jpg,0,apple_scab
plantvillage_leakfree/train/apple_scab/e17c9433-0a90-4dd8-a2d8-08bb65c3d3d2___FREC_Scab 3306.jpg,0,apple_scab
plantvillage_leakfree/train/apple_scab/e181fe6a-6865-4ae7-8b3e-0ce6f70ac63b___FREC_Scab 3223.jpg,0,apple_scab
plantvillage_leakfree/train/apple_scab/e3509da1-332c-4e43-977a-c57978ff6a38___FREC_Scab 3219.jpg,0,apple_scab
plantvillage_leakfree/train/apple_scab/e5d9029b-ba16-44c2-be95-66199f1a8a96___FREC_Scab 3317.jpg,0,apple_scab
plantvillage_leakfree/train/apple_scab/e6fcead3-7234-4e51-80fc-056372588d85___FREC_Scab 2940.jpg,0,apple_scab
plantvillage_leakfree/train/apple_scab/e7115dcb-8124-42c9-bf6b-40740173d2ba___FREC_Scab 3353.jpg,0,apple_scab
plantvillage_leakfree/train/apple_scab/e893d964-8a40-46f5-b8ae-0a0f0cd79296___FREC_Scab 3333.jpg,0,apple_scab
plantvillage_leakfree/train/apple_scab/e8f5c962-6f40-443e-9913-5a43b5f2ef07___FREC_Scab 3191.jpg,0,apple_scab
plantvillage_leakfree/train/apple_scab/e9155e73-7f58-441b-a36b-d513bd051742___FREC_Scab 3509.jpg,0,apple_scab
plantvillage_leakfree/train/apple_scab/ea693d65-bcc9-4e76-9d64-cba561b520cc___FREC_Scab 3345.jpg,0,apple_scab
plantvillage_leakfree/train/apple_scab/eca2a279-0f7f-40a7-b2c4-a9bc500f4f5b___FREC_Scab 3015.jpg,0,apple_scab
plantvillage_leakfree/train/apple_scab/ecbac6b5-e07f-4a0d-a670-1d3b97f01104___FREC_Scab 3168.jpg,0,apple_scab
plantvillage_leakfree/train/apple_scab/ed1d17cd-a5c2-4b10-996f-53f316df30b7___FREC_Scab 3456.jpg,0,apple_scab
plantvillage_leakfree/train/apple_scab/ed33dbe0-edc4-4ad8-85c2-0495f384e3fe___FREC_Scab 3467.jpg,0,apple_scab
plantvillage_leakfree/train/apple_scab/ed3fa713-5de5-4298-96c1-9cf5bb830078___FREC_Scab 3105.jpg,0,apple_scab
plantvillage_leakfree/train/apple_scab/eeae3585-0e6e-456c-bbdf-b099b6b4e11c___FREC_Scab 3297.jpg,0,apple_scab
plantvillage_leakfree/train/apple_scab/ef359032-085f-44ba-a63d-493a1724eca4___FREC_Scab 3202.jpg,0,apple_scab
plantvillage_leakfree/train/apple_scab/ef40de8f-19ee-4a7f-b9de-f37ebcbac26c___FREC_Scab 3364.jpg,0,apple_scab
plantvillage_leakfree/train/apple_scab/ef91867f-33c5-4063-9783-44fd47238fe0___FREC_Scab 2935.jpg,0,apple_scab
plantvillage_leakfree/train/apple_scab/f0b1c450-fdbd-402f-9309-e7d5d06bc0e7___FREC_Scab 3210.jpg,0,apple_scab
plantvillage_leakfree/train/apple_scab/f0d56524-1296-4a54-bafa-9b620baf9f1d___FREC_Scab 2942.jpg,0,apple_scab
plantvillage_leakfree/train/apple_scab/f1017472-d391-4a66-b9b2-d52916cd0c0b___FREC_Scab 3176.jpg,0,apple_scab
plantvillage_leakfree/train/apple_scab/f105cc0d-1cc5-4726-b46d-f5bd9c9aacc1___FREC_Scab 3321.jpg,0,apple_scab
plantvillage_leakfree/train/apple_scab/f18c0441-917e-4f34-b26e-a1a71d0adec2___FREC_Scab 3429.jpg,0,apple_scab
plantvillage_leakfree/train/apple_scab/f2391b26-b388-4ffc-b735-9b8d859d1ffa___FREC_Scab 3312.jpg,0,apple_scab
plantvillage_leakfree/train/apple_scab/f27fd3ff-a3b7-486a-883c-f91488883555___FREC_Scab 3158.jpg,0,apple_scab
plantvillage_leakfree/train/apple_scab/f2d6beb9-e8b1-49f6-b7b7-903b51565435___FREC_Scab 3393.jpg,0,apple_scab
plantvillage_leakfree/train/apple_scab/f2fb711e-3bcb-4729-9352-205c8dd0576f___FREC_Scab 3118.jpg,0,apple_scab
plantvillage_leakfree/train/apple_scab/f684504f-ca6d-4f06-bb0e-2b296e3829b8___FREC_Scab 3314.jpg,0,apple_scab
plantvillage_leakfree/train/apple_scab/f6946261-1a18-4306-ba87-ca25344d9bd2___FREC_Scab 3525.jpg,0,apple_scab
plantvillage_leakfree/train/apple_scab/f777466d-15ee-4269-b90c-0d64bd099c0f___FREC_Scab 3409.jpg,0,apple_scab
plantvillage_leakfree/train/apple_scab/f79134e9-f8b2-4855-96bd-6b3ce814b32a___FREC_Scab 3116.jpg,0,apple_scab
plantvillage_leakfree/train/apple_scab/f79c50ef-d89d-4371-b581-810b37eb2ac9___FREC_Scab 3255.jpg,0,apple_scab
plantvillage_leakfree/train/apple_scab/f7c4bd45-5098-4b2c-bbfb-2e47c8f2d711___FREC_Scab 3361.jpg,0,apple_scab
plantvillage_leakfree/train/apple_scab/f887b059-f797-442d-b2b6-a9cab0f76f43___FREC_Scab 3169.jpg,0,apple_scab
plantvillage_leakfree/train/apple_scab/f8e48799-c566-4b86-b7c8-a0e290fb7f25___FREC_Scab 3167.jpg,0,apple_scab
plantvillage_leakfree/train/apple_scab/f8ef99d9-9d01-4aeb-9248-e8c312c9a981___FREC_Scab 3129.jpg,0,apple_scab
plantvillage_leakfree/train/apple_scab/f96cb3b3-172a-44d8-9720-d6a3ed87ced9___FREC_Scab 3036.jpg,0,apple_scab
plantvillage_leakfree/train/apple_scab/f9e4b1bc-36b0-40df-bb48-4e6ed48ec8b5___FREC_Scab 3514.jpg,0,apple_scab
plantvillage_leakfree/train/apple_scab/fa9c1112-27fc-42db-930d-7e4956267ab5___FREC_Scab 3174.jpg,0,apple_scab
plantvillage_leakfree/train/apple_scab/fc9c12dc-1bdb-402d-ada8-dc1b33c84d5b___FREC_Scab 2932.jpg,0,apple_scab
plantvillage_leakfree/train/apple_scab/fd3ae59f-e06e-403b-b317-83ee68aa9ea7___FREC_Scab 3492.jpg,0,apple_scab
plantvillage_leakfree/train/apple_scab/fed05dda-1d4d-4de4-bbf2-517640b3c999___FREC_Scab 3446.jpg,0,apple_scab
plantvillage_leakfree/train/black_rot/0090d05d-d797-4c99-abd4-3b9cb323a5fd___JR_FrgE.S 8727.jpg,1,black_rot
plantvillage_leakfree/train/black_rot/00e909aa-e3ae-4558-9961-336bb0f35db3___JR_FrgE.S 8593.jpg,1,black_rot
plantvillage_leakfree/train/black_rot/0139bc6d-391c-4fd1-bcae-cc74dabfddd7___JR_FrgE.S 2734.jpg,1,black_rot
plantvillage_leakfree/train/black_rot/0199a733-6d3f-4e66-a903-2d1d34457871___JR_FrgE.S 3079.jpg,1,black_rot
plantvillage_leakfree/train/black_rot/01e94c43-0879-4e8c-9b61-c48cfed88dab___JR_FrgE.S 3024.jpg,1,black_rot
plantvillage_leakfree/train/black_rot/02859ed3-f56a-4315-82a5-c1cb72717225___JR_FrgE.S 8584.jpg,1,black_rot
plantvillage_leakfree/train/black_rot/032cf235-07ff-478f-b347-d55c07835bc5___JR_FrgE.S 8778.jpg,1,black_rot
plantvillage_leakfree/train/black_rot/033b1492-d5cf-4de7-a195-941f7780e092___JR_FrgE.S 8710.jpg,1,black_rot
plantvillage_leakfree/train/black_rot/03fd7154-2e33-4fb6-999d-bfc3a3f467fe___JR_FrgE.S 8681.jpg,1,black_rot
plantvillage_leakfree/train/black_rot/04e74a0c-bda4-4e06-aeab-ec24b1007994___JR_FrgE.S 8782.jpg,1,black_rot
plantvillage_leakfree/train/black_rot/057c985f-2a00-40fe-b48f-590aabd3babe___JR_FrgE.S 3015.jpg,1,black_rot
plantvillage_leakfree/train/black_rot/05fb01a0-fd64-4b3d-a512-c0bda181811e___JR_FrgE.S 2889.jpg,1,black_rot
plantvillage_leakfree/train/black_rot/05fd8037-fd27-4d26-9e5d-9a47856ab134___JR_FrgE.S 8770.jpg,1,black_rot
plantvillage_leakfree/train/black_rot/0612c9fa-e647-4083-85e7-b1638452c24b___JR_FrgE.S 8771.jpg,1,black_rot
plantvillage_leakfree/train/black_rot/079d0ba3-b207-4fc7-ace3-f2fe25c796b3___JR_FrgE.S 3038.jpg,1,black_rot
plantvillage_leakfree/train/black_rot/07dbfcca-71aa-4c14-b895-60dfb63f701d___JR_FrgE.S 3063.jpg,1,black_rot
plantvillage_leakfree/train/black_rot/07f6b5a7-47cd-4012-8fcd-969d1d7245b9___JR_FrgE.S 2961.jpg,1,black_rot
plantvillage_leakfree/train/black_rot/085625a8-236d-4f71-bd40-78e3e4f24eb0___JR_FrgE.S 2732.jpg,1,black_rot
plantvillage_leakfree/train/black_rot/09baab32-8360-4251-9c84-a5ce6bfdfff1___JR_FrgE.S 2883.jpg,1,black_rot
plantvillage_leakfree/train/black_rot/0bb8fb61-d561-43fd-89a3-d24d253adef9___JR_FrgE.S 2849.jpg,1,black_rot
plantvillage_leakfree/train/black_rot/0c7c7992-fb1c-444b-b226-69de186cea14___JR_FrgE.S 8627.jpg,1,black_rot
plantvillage_leakfree/train/black_rot/0ca16873-eeac-47e9-9a87-1859950daab7___JR_FrgE.S 2835.jpg,1,black_rot
plantvillage_leakfree/train/black_rot/0cc47b2d-4a92-4bbd-af46-945165dd1960___JR_FrgE.S 8586.jpg,1,black_rot
plantvillage_leakfree/train/black_rot/0ce8b939-3bdf-4078-8715-c0cb48afb078___JR_FrgE.S 2777.jpg,1,black_rot
plantvillage_leakfree/train/black_rot/0cefbd12-c195-40cd-b2d1-be0f9ee550b4___JR_FrgE.S 8762.jpg,1,black_rot
plantvillage_leakfree/train/black_rot/0d17b92b-8ec2-4a00-a8ff-9daea3fed2e8___JR_FrgE.S 2915.jpg,1,black_rot
plantvillage_leakfree/train/black_rot/0e84adc9-3e97-48e2-b1fd-7d04f9e92cb0___JR_FrgE.S 2949.jpg,1,black_rot
plantvillage_leakfree/train/black_rot/0ebea6f4-08e4-4380-86f8-34d854697e32___JR_FrgE.S 2877.jpg,1,black_rot
plantvillage_leakfree/train/black_rot/0f3d45f4-e121-42cd-a5b6-be2f866a0574___JR_FrgE.S 2870.jpg,1,black_rot
plantvillage_leakfree/train/black_rot/1021c460-93e4-48cd-9c84-c576b2c5117c___JR_FrgE.S 2983.jpg,1,black_rot
plantvillage_leakfree/train/black_rot/132a74c4-3bdc-410b-931d-887bac16b074___JR_FrgE.S 8705.jpg,1,black_rot
plantvillage_leakfree/train/black_rot/13daa7ca-c343-497d-a9c5-34438752ab1f___JR_FrgE.S 8804.jpg,1,black_rot
plantvillage_leakfree/train/black_rot/14896f6f-ae86-4879-958b-7422b957e104___JR_FrgE.S 8768.jpg,1,black_rot
plantvillage_leakfree/train/black_rot/15f31b47-61da-4549-ad60-f13ef13a6512___JR_FrgE.S 8734.jpg,1,black_rot
plantvillage_leakfree/train/black_rot/169b07da-12eb-4a6d-9b24-f37692ca923d___JR_FrgE.S 8636.jpg,1,black_rot
plantvillage_leakfree/train/black_rot/17a083f1-5ba6-4f0c-917a-738b568f22ef___JR_FrgE.S 8612.jpg,1,black_rot
plantvillage_leakfree/train/black_rot/1a4e1884-ab1a-4fe9-afe2-610ae9aa1162___JR_FrgE.S 2826.jpg,1,black_rot
plantvillage_leakfree/train/black_rot/1a899717-5445-4d2b-8035-91bc47780504___JR_FrgE.S 8806.jpg,1,black_rot
plantvillage_leakfree/train/black_rot/1a9e869f-62b0-4588-998a-30e0d62bef59___JR_FrgE.S 2876.jpg,1,black_rot
plantvillage_leakfree/train/black_rot/1a9f6dfb-fdf4-43b4-9fb4-b7a809b49b9d___JR_FrgE.S 2765.jpg,1,black_rot
plantvillage_leakfree/train/black_rot/1aa28af5-8270-467c-b496-ff415f0b58df___JR_FrgE.S 3010.jpg,1,black_rot
plantvillage_leakfree/train/black_rot/1b607e4f-ce59-4c0f-8e91-b529088926be___JR_FrgE.S 8788.jpg,1,black_rot
plantvillage_leakfree/train/black_rot/1bb4d1d5-ca06-49b6-8f89-ed0d6c1d68af___JR_FrgE.S 8777.jpg,1,black_rot
plantvillage_leakfree/train/black_rot/1c31a116-f51d-4f56-9c69-c26c5fe69f57___JR_FrgE.S 2844.jpg,1,black_rot
plantvillage_leakfree/train/black_rot/1c4c2235-2c28-438e-8fa9-505b5d3004a0___JR_FrgE.S 8720.jpg,1,black_rot
plantvillage_leakfree/train/black_rot/1ce40e9f-cddc-4939-8e58-7a8235d9b28a___JR_FrgE.S 3019.jpg,1,black_rot
plantvillage_leakfree/train/black_rot/1ce4ecdf-fe69-42df-a0dc-c90f5495e7a1___JR_FrgE.S 3041.jpg,1,black_rot
plantvillage_leakfree/train/black_rot/1ce9343f-125e-4abb-9cd4-fddf761504da___JR_FrgE.S 3096.jpg,1,black_rot
plantvillage_leakfree/train/black_rot/1cf5102a-468b-4410-80bf-af6aeadc780c___JR_FrgE.S 2924.jpg,1,black_rot
plantvillage_leakfree/train/black_rot/1d0e83a0-f3c0-4c14-b1d6-b0ceee3552ac___JR_FrgE.S 3006.jpg,1,black_rot
plantvillage_leakfree/train/black_rot/1d59f109-9793-403b-88d7-73bc3b17d601___JR_FrgE.S 8592.jpg,1,black_rot
plantvillage_leakfree/train/black_rot/1e0244a0-b084-4f95-bf64-72efeef4dff2___JR_FrgE.S 8733.jpg,1,black_rot
plantvillage_leakfree/train/black_rot/1e2149c8-f9ed-49b2-a8c2-2e8b2046d0f7___JR_FrgE.S 2965.jpg,1,black_rot
plantvillage_leakfree/train/black_rot/1fe7faa9-61a7-4152-9a85-a57d9486af0a___JR_FrgE.S 8599.jpg,1,black_rot
plantvillage_leakfree/train/black_rot/2101e5e6-2932-4ac0-8879-59885fc01256___JR_FrgE.S 2769.jpg,1,black_rot
plantvillage_leakfree/train/black_rot/2171eff3-55f1-4b5e-8258-d8ddacc66062___JR_FrgE.S 2752.jpg,1,black_rot
plantvillage_leakfree/train/black_rot/23641520-3fbf-42e9-ba5f-c689bc74ce8c___JR_FrgE.S 8620.jpg,1,black_rot
plantvillage_leakfree/train/black_rot/2478fee4-ef3a-4638-8641-f5524246f29a___JR_FrgE.S 2951.jpg,1,black_rot
plantvillage_leakfree/train/black_rot/24cdceb7-e70a-4164-9cd4-72b514771abf___JR_FrgE.S 2962.jpg,1,black_rot
plantvillage_leakfree/train/black_rot/24ff782d-8641-4508-969a-0f1a2f4a3f48___JR_FrgE.S 8700.jpg,1,black_rot
plantvillage_leakfree/train/black_rot/255dd1a9-d4cf-4b38-9872-8f8bc6746703___JR_FrgE.S 3040.jpg,1,black_rot
plantvillage_leakfree/train/black_rot/26a6609d-7993-4fda-b56d-5c5194f0de03___JR_FrgE.S 8797.jpg,1,black_rot
plantvillage_leakfree/train/black_rot/26c9d50e-7169-4241-951a-2334e2a513b3___JR_FrgE.S 8784.jpg,1,black_rot
plantvillage_leakfree/train/black_rot/28f01d7f-27f8-4cf1-a473-ef4744b2dc61___JR_FrgE.S 8597.jpg,1,black_rot
plantvillage_leakfree/train/black_rot/2902e85c-1705-423b-bb02-80e2d93bc54e___JR_FrgE.S 2922.jpg,1,black_rot
plantvillage_leakfree/train/black_rot/29f71a36-3389-47c8-94ad-484818e677f2___JR_FrgE.S 8607.jpg,1,black_rot
plantvillage_leakfree/train/black_rot/29f7c332-777e-427b-898a-3b82465a17aa___JR_FrgE.S 2941.jpg,1,black_rot
plantvillage_leakfree/train/black_rot/2a4cbd85-e831-4ec4-8acf-49cea51eeb5f___JR_FrgE.S 2900.jpg,1,black_rot
plantvillage_leakfree/train/black_rot/2aa2ed70-b0b7-4d30-9c84-f6ded6a03fc2___JR_FrgE.S 8739.jpg,1,black_rot
plantvillage_leakfree/train/black_rot/2b15f14f-6fa9-41fe-8b84-388a4d5bbc33___JR_FrgE.S 8578.jpg,1,black_rot
plantvillage_leakfree/train/black_rot/2c6184ba-cc2f-4311-977e-1ed6c1410c1a___JR_FrgE.S 2973.jpg,1,black_rot
plantvillage_leakfree/train/black_rot/2d1ac581-1847-419e-8254-55a9caad6b2b___JR_FrgE.S 8766.jpg,1,black_rot
plantvillage_leakfree/train/black_rot/2d30e157-5cd6-4827-85ee-4c3c5f05725e___JR_FrgE.S 3080.jpg,1,black_rot
plantvillage_leakfree/train/black_rot/2f6a52cd-21f5-41d0-870e-f8a67d1f5c56___JR_FrgE.S 2901.jpg,1,black_rot
plantvillage_leakfree/train/black_rot/307abcdd-96f7-404a-9032-2ce8de2fde48___JR_FrgE.S 8781.jpg,1,black_rot
plantvillage_leakfree/train/black_rot/30aebb07-bde6-44c8-bee2-a06ff42a948d___JR_FrgE.S 3071.jpg,1,black_rot
plantvillage_leakfree/train/black_rot/30ff1b97-0850-4224-a176-bfa284d92a24___JR_FrgE.S 2940.jpg,1,black_rot
plantvillage_leakfree/train/black_rot/31a20d19-d927-481d-97d9-4db50595c36e___JR_FrgE.S 2867.jpg,1,black_rot
plantvillage_leakfree/train/black_rot/3235339f-7b7b-423a-850a-0fd58ded4725___JR_FrgE.S 2791.jpg,1,black_rot
plantvillage_leakfree/train/black_rot/32ef0219-fbb0-417c-abad-56021a2c1619___JR_FrgE.S 2893.jpg,1,black_rot
plantvillage_leakfree/train/black_rot/330224ac-f2e0-4ace-ad1c-0f163894eaae___JR_FrgE.S 3083.jpg,1,black_rot
plantvillage_leakfree/train/black_rot/337ea111-17e2-470d-8fae-1fe8c61c13dc___JR_FrgE.S 2985.jpg,1,black_rot
plantvillage_leakfree/train/black_rot/33f2ada7-3d14-4a85-9601-126da3eac03f___JR_FrgE.S 3022.jpg,1,black_rot
plantvillage_leakfree/train/black_rot/35b68c2b-4d91-484c-ab0c-6347ba6ce974___JR_FrgE.S 8615.jpg,1,black_rot
plantvillage_leakfree/train/black_rot/35ca99d4-5913-457a-b09c-3e90f6ef98a3___JR_FrgE.S 2947.jpg,1,black_rot
plantvillage_leakfree/train/black_rot/36836204-c6de-472e-90e4-6787ff74965e___JR_FrgE.S 8757.jpg,1,black_rot
plantvillage_leakfree/train/black_rot/36e0efb7-95ff-4707-9d35-c213159af55c___JR_FrgE.S 8673.jpg,1,black_rot
plantvillage_leakfree/train/black_rot/37dc5845-507c-46f7-bfd9-f41407e6c813___JR_FrgE.S 8591.jpg,1,black_rot
plantvillage_leakfree/train/black_rot/3908d563-a8f8-4206-b09e-1ae340e510af___JR_FrgE.S 3025.jpg,1,black_rot
plantvillage_leakfree/train/black_rot/39148cb8-c7fa-4760-b708-b4e399047bb6___JR_FrgE.S 2869.jpg,1,black_rot
plantvillage_leakfree/train/black_rot/394b4c4e-096d-4a4e-9498-8a18f240ab18___JR_FrgE.S 2855.jpg,1,black_rot
plantvillage_leakfree/train/black_rot/39ab4ac8-5f68-448a-8b1f-dcba2e07d129___JR_FrgE.S 8798.jpg,1,black_rot
plantvillage_leakfree/train/black_rot/39c257ad-8334-45e7-a4e1-f131bb4a7eee___JR_FrgE.S 3023.jpg,1,black_rot
plantvillage_leakfree/train/black_rot/3b364e42-9120-4ece-b0ea-2c39ce883cbb___JR_FrgE.S 2774.jpg,1,black_rot
plantvillage_leakfree/train/black_rot/3bf50ea4-980e-471b-bbd1-fc0c526dbb7a___JR_FrgE.S 2905.jpg,1,black_rot
plantvillage_leakfree/train/black_rot/3bfaa3d6-96ab-4131-a569-ac6650045079___JR_FrgE.S 2890.jpg,1,black_rot
plantvillage_leakfree/train/black_rot/3ed38c3a-4c0a-4682-b39b-e0f7d1bf361b___JR_FrgE.S 2859.jpg,1,black_rot
plantvillage_leakfree/train/black_rot/3ef4204e-d2c3-42b5-ac97-0eabb3d64b3f___JR_FrgE.S 8815.jpg,1,black_rot
plantvillage_leakfree/train/black_rot/3f7dbd31-47f7-45e4-aa23-42e23362a15d___JR_FrgE.S 2818.jpg,1,black_rot
plantvillage_leakfree/train/black_rot/40780a98-eb5f-4de6-bbf8-bc89b7fb0825___JR_FrgE.S 8764.jpg,1,black_rot
plantvillage_leakfree/train/black_rot/40e82aca-94d2-4237-bc27-d4a9c536b820___JR_FrgE.S 2926.jpg,1,black_rot
plantvillage_leakfree/train/black_rot/4231e86c-5f4c-439c-be0f-1fa0274581c6___JR_FrgE.S 3067.jpg,1,black_rot
plantvillage_leakfree/train/black_rot/427bd918-f362-48d9-9903-4e7197e87a87___JR_FrgE.S 3034.jpg,1,black_rot
plantvillage_leakfree/train/black_rot/451b68a6-1b39-40c5-8669-f82af6de1eed___JR_FrgE.S 8737.jpg,1,black_rot
plantvillage_leakfree/train/black_rot/456a01fc-8db6-4068-96cb-3b1e4e5f77f1___JR_FrgE.S 2768.jpg,1,black_rot
plantvillage_leakfree/train/black_rot/464511a6-77d9-493f-bb3c-f151fb390f1b___JR_FrgE.S 8790.jpg,1,black_rot
plantvillage_leakfree/train/black_rot/46c90409-1e99-4708-88da-ad8629ab5e9e___JR_FrgE.S 2856.jpg,1,black_rot
plantvillage_leakfree/train/black_rot/46cfd121-d2e7-4a26-9c6f-5787457d200c___JR_FrgE.S 8669.jpg,1,black_rot
plantvillage_leakfree/train/black_rot/4747a926-7eee-49a1-b28b-a8cc8a555fa7___JR_FrgE.S 2952.jpg,1,black_rot
plantvillage_leakfree/train/black_rot/47b996a0-b66a-4842-9da2-249ea1d62c38___JR_FrgE.S 2814.jpg,1,black_rot
plantvillage_leakfree/train/black_rot/47c17d6e-07d4-4523-978e-495edff13b00___JR_FrgE.S 3068.jpg,1,black_rot
plantvillage_leakfree/train/black_rot/47f6d143-687b-4755-88a0-932c985a2ee6___JR_FrgE.S 2785.jpg,1,black_rot
plantvillage_leakfree/train/black_rot/48d6f0b4-71e8-418f-8558-b38b89ed3c0b___JR_FrgE.S 8569.jpg,1,black_rot
plantvillage_leakfree/train/black_rot/49064db7-4ee0-41bf-97b9-64a50d08ef8c___JR_FrgE.S 3046.jpg,1,black_rot
plantvillage_leakfree/train/black_rot/499e851c-5cd4-4ab9-9ff8-df01133aac08___JR_FrgE.S 2989.jpg,1,black_rot
plantvillage_leakfree/train/black_rot/4a2319e3-c6ab-4417-9154-ebabf0d1df4d___JR_FrgE.S 2854.jpg,1,black_rot
plantvillage_leakfree/train/black_rot/4a79c093-e813-4854-ba58-5b9e2831c7f0___JR_FrgE.S 2764.jpg,1,black_rot
plantvillage_leakfree/train/black_rot/4b5683c4-ef68-4439-b346-f76ea2c651da___JR_FrgE.S 8639.jpg,1,black_rot
plantvillage_leakfree/train/black_rot/4b8414f0-fa9b-4195-90cb-608f6fd74d44___JR_FrgE.S 2999.jpg,1,black_rot
plantvillage_leakfree/train/black_rot/4b8b1d59-9aec-4b99-8be8-b61edcccb660___JR_FrgE.S 8659.jpg,1,black_rot
plantvillage_leakfree/train/black_rot/4b934731-815b-461f-a252-a02f198f91ab___JR_FrgE.S 3032.jpg,1,black_rot
plantvillage_leakfree/train/black_rot/4c42eeae-508c-4ccd-b2d8-b720808bc28c___JR_FrgE.S 3020.jpg,1,black_rot
plantvillage_leakfree/train/black_rot/4d79f0a2-0f8a-406b-84de-2c7e74027d6f___JR_FrgE.S 3061.jpg,1,black_rot
plantvillage_leakfree/train/black_rot/4db0765f-5928-4254-b935-e6fcbec9deeb___JR_FrgE.S 3062.jpg,1,black_rot
plantvillage_leakfree/train/black_rot/4e6311ab-8927-4147-9857-a669f2268cb1___JR_FrgE.S 8726.jpg,1,black_rot
plantvillage_leakfree/train/black_rot/4eeb04f2-38b3-49be-a5d0-1c35450d8953___JR_FrgE.S 8714.jpg,1,black_rot
plantvillage_leakfree/train/black_rot/4ef8432c-0114-4c67-a5f0-a4935597dc68___JR_FrgE.S 8698.jpg,1,black_rot
plantvillage_leakfree/train/black_rot/4f0b4e6f-49e8-4e53-8046-14723038601c___JR_FrgE.S 8575.jpg,1,black_rot
plantvillage_leakfree/train/black_rot/4f71c078-e0f6-4b05-a421-1b644f0e99a1___JR_FrgE.S 3016.jpg,1,black_rot
plantvillage_leakfree/train/black_rot/4f9a2639-beb2-4e4c-a62d-805792a50f4e___JR_FrgE.S 2944.jpg,1,black_rot
plantvillage_leakfree/train/black_rot/50755673-3ea3-4e06-acbb-703413571a91___JR_FrgE.S 2879.jpg,1,black_rot
plantvillage_leakfree/train/black_rot/507c6d2a-5fba-4f4c-9c44-9308f3ffdf69___JR_FrgE.S 3013.jpg,1,black_rot
plantvillage_leakfree/train/black_rot/50afe8c7-d56e-4dd0-97b8-23a70ddca819___JR_FrgE.S 2750.jpg,1,black_rot
plantvillage_leakfree/train/black_rot/50fa49cd-002e-4352-816e-c5df10dc5f3f___JR_FrgE.S 2950.jpg,1,black_rot
plantvillage_leakfree/train/black_rot/51c1787e-4570-43dc-91c3-6ae72c98128a___JR_FrgE.S 8706.jpg,1,black_rot
plantvillage_leakfree/train/black_rot/51cda56c-a900-4f84-a576-8dde35b1231d___JR_FrgE.S 2863.jpg,1,black_rot
plantvillage_leakfree/train/black_rot/51ce3f1d-8418-4b7e-b091-dec14143d0b7___JR_FrgE.S 8579.jpg,1,black_rot
plantvillage_leakfree/train/black_rot/51f4101a-e126-4e3f-a06d-67befea24921___JR_FrgE.S 2939.jpg,1,black_rot
plantvillage_leakfree/train/black_rot/52a259e0-e323-4655-84e5-4588cb1c8ed6___JR_FrgE.S 2758.jpg,1,black_rot
plantvillage_leakfree/train/black_rot/52c66129-6303-4aa4-97e7-8f1c0d24c57a___JR_FrgE.S 2759.jpg,1,black_rot
plantvillage_leakfree/train/black_rot/52d8da3b-5d74-43ba-b527-bc8fc6b5387b___JR_FrgE.S 2797.jpg,1,black_rot
plantvillage_leakfree/train/black_rot/5386aabe-1e7f-4688-ac5e-ade0e91318d4___JR_FrgE.S 8638.jpg,1,black_rot
plantvillage_leakfree/train/black_rot/538ae10f-3137-4050-86f1-7439bc80e364___JR_FrgE.S 2766.jpg,1,black_rot
plantvillage_leakfree/train/black_rot/53c066d8-f232-4312-bc1b-dd831ba73784___JR_FrgE.S 3065.jpg,1,black_rot
plantvillage_leakfree/train/black_rot/5412de7d-df5d-4a05-be4b-e108811c4a3e___JR_FrgE.S 2820.jpg,1,black_rot
plantvillage_leakfree/train/black_rot/5435d1b3-2138-47ca-aca4-23cac9d1bb43___JR_FrgE.S 2779.jpg,1,black_rot
plantvillage_leakfree/train/black_rot/554089f3-ff67-45ff-9d9a-b0aba573df6a___JR_FrgE.S 2730.jpg,1,black_rot
plantvillage_leakfree/train/black_rot/559b0b4a-085d-46e6-b924-fce94fb8c375___JR_FrgE.S 2781.jpg,1,black_rot
plantvillage_leakfree/train/black_rot/55a48eef-2f73-458f-ab98-7d5110a4ea1b___JR_FrgE.S 2821.jpg,1,black_rot
plantvillage_leakfree/train/black_rot/56aa2b6a-6a51-4755-b314-0e9486c53075___JR_FrgE.S 8736.jpg,1,black_rot
plantvillage_leakfree/train/black_rot/56bb2954-b463-4557-a438-594e09783513___JR_FrgE.S 8577.jpg,1,black_rot
plantvillage_leakfree/train/black_rot/57cbfc0a-6720-4672-bda8-e9ad59c0fefc___JR_FrgE.S 8651.jpg,1,black_rot
plantvillage_leakfree/train/black_rot/58053fa6-04df-4c96-901e-924bdbcaaf1e___JR_FrgE.S 8774.jpg,1,black_rot
plantvillage_leakfree/train/black_rot/58da5350-ae11-490e-9c28-7b52970331f4___JR_FrgE.S 8616.jpg,1,black_rot
plantvillage_leakfree/train/black_rot/58ebc44b-c9b7-441b-9aa1-bfcc1b90e21e___JR_FrgE.S 8582.jpg,1,black_rot
plantvillage_leakfree/train/black_rot/5979896a-3aaa-4e0c-8b74-cfeda37cb166___JR_FrgE.S 2739.jpg,1,black_rot
plantvillage_leakfree/train/black_rot/5984db18-75d7-4c3a-be4b-74c3c0351887___JR_FrgE.S 8685.jpg,1,black_rot
plantvillage_leakfree/train/black_rot/59cb2470-1e5e-4828-90f2-a22dacbb0fd6___JR_FrgE.S 8594.jpg,1,black_rot
plantvillage_leakfree/train/black_rot/5a41cc86-178f-488e-9d96-e63291247737___JR_FrgE.S 2984.jpg,1,black_rot
plantvillage_leakfree/train/black_rot/5a7cfbae-2b00-4f16-b1e9-eacd813a5378___JR_FrgE.S 2783.jpg,1,black_rot
plantvillage_leakfree/train/black_rot/5ac53fe2-9869-498b-b13c-fe8b3a5933b1___JR_FrgE.S 8678.jpg,1,black_rot
plantvillage_leakfree/train/black_rot/5b5a11ac-da33-4eb4-b0a3-2ef746f744f4___JR_FrgE.S 8576.jpg,1,black_rot
plantvillage_leakfree/train/black_rot/5b9c8470-c6dc-4b79-b191-9dd6c82309c8___JR_FrgE.S 8580.jpg,1,black_rot
plantvillage_leakfree/train/black_rot/5d1c501f-ce9a-4538-ac05-bda251444cba___JR_FrgE.S 3035.jpg,1,black_rot
plantvillage_leakfree/train/black_rot/5d35cca0-8f51-4cfc-945a-1bd10fd62002___JR_FrgE.S 2966.jpg,1,black_rot
plantvillage_leakfree/train/black_rot/5db69c6b-f9c9-4a3f-b47a-ca6449023bdd___JR_FrgE.S 2757.jpg,1,black_rot
plantvillage_leakfree/train/black_rot/5f569320-f84c-4a08-b414-1fd93f7e382b___JR_FrgE.S 8661.jpg,1,black_rot
plantvillage_leakfree/train/black_rot/60a8b7ad-7039-4c35-82da-ad011a1e856e___JR_FrgE.S 2805.jpg,1,black_rot
plantvillage_leakfree/train/black_rot/60dec11d-0e49-4bb4-b7ce-ecf90f8ac028___JR_FrgE.S 3042.jpg,1,black_rot
plantvillage_leakfree/train/black_rot/60e1b273-cedb-4003-a197-014832ed51fa___JR_FrgE.S 8684.jpg,1,black_rot
plantvillage_leakfree/train/black_rot/62cc4916-2674-472e-a48c-0ce986aa85e3___JR_FrgE.S 8793.jpg,1,black_rot
plantvillage_leakfree/train/black_rot/62da4031-70ae-4d8b-8beb-c5dc7b9b12f0___JR_FrgE.S 2832.jpg,1,black_rot
plantvillage_leakfree/train/black_rot/64577b36-9701-43be-a559-10f787f2d185___JR_FrgE.S 8611.jpg,1,black_rot
plantvillage_leakfree/train/black_rot/64b3612f-e972-44c5-8ef0-c9ac194c34a9___JR_FrgE.S 8623.jpg,1,black_rot
plantvillage_leakfree/train/black_rot/64d43490-e345-4690-8232-071bf0174895___JR_FrgE.S 3031.jpg,1,black_rot
plantvillage_leakfree/train/black_rot/65e6c212-6363-4ba2-8245-52c5266efad0___JR_FrgE.S 8625.jpg,1,black_rot
plantvillage_leakfree/train/black_rot/67281292-f15a-4157-b531-395f3844e6ce___JR_FrgE.S 2792.jpg,1,black_rot
plantvillage_leakfree/train/black_rot/67a17e09-3409-4515-bde6-cb739d679f64___JR_FrgE.S 8708.jpg,1,black_rot
plantvillage_leakfree/train/black_rot/6b078700-56e6-4d25-a18a-b7b90741a2d3___JR_FrgE.S 2963.jpg,1,black_rot
plantvillage_leakfree/train/black_rot/6bda7e61-7fff-42d8-b7f4-e304adde45b8___JR_FrgE.S 2954.jpg,1,black_rot
plantvillage_leakfree/train/black_rot/6c213dbb-aa21-4334-a773-8dc69f4421d2___JR_FrgE.S 2909.jpg,1,black_rot
plantvillage_leakfree/train/black_rot/6c38e74e-6926-45f1-a1cf-c974d49491e4___JR_FrgE.S 3076.jpg,1,black_rot
plantvillage_leakfree/train/black_rot/6ca0d950-03b6-4d1f-a4a2-562ca529cad3___JR_FrgE.S 8660.jpg,1,black_rot
plantvillage_leakfree/train/black_rot/6cc6804c-7b02-42a5-86ae-92add86eb89d___JR_FrgE.S 2825.jpg,1,black_rot
plantvillage_leakfree/train/black_rot/6ce1eb43-e41c-4eb0-9440-db5a955ab7b6___JR_FrgE.S 2919.jpg,1,black_rot
plantvillage_leakfree/train/black_rot/6df2fa87-ba57-4627-ae8f-cba5f080e9cd___JR_FrgE.S 3049.jpg,1,black_rot
plantvillage_leakfree/train/black_rot/6e21042a-928f-4e40-81bf-3a103ff52765___JR_FrgE.S 2938.jpg,1,black_rot
plantvillage_leakfree/train/black_rot/6f38c615-281d-4bf5-8d92-7c02d3ef9e1b___JR_FrgE.S 8753.jpg,1,black_rot
plantvillage_leakfree/train/black_rot/70ba699d-a8aa-494a-889f-fd7e54a723be___JR_FrgE.S 2760.jpg,1,black_rot
plantvillage_leakfree/train/black_rot/717c4f62-f05f-4345-a5d7-3b34f3a2efb6___JR_FrgE.S 2836.jpg,1,black_rot
plantvillage_leakfree/train/black_rot/719f24ab-9127-4a77-9f7e-7b47acb9f977___JR_FrgE.S 8802.jpg,1,black_rot
plantvillage_leakfree/train/black_rot/723e8edc-3701-4ba1-bda2-7e0ebd535797___JR_FrgE.S 2837.jpg,1,black_rot
plantvillage_leakfree/train/black_rot/727f3a92-f43b-4388-84ff-3865ee745b42___JR_FrgE.S 3000.jpg,1,black_rot
plantvillage_leakfree/train/black_rot/72fb58a6-e08c-4192-8c00-f5f5916c7ff8___JR_FrgE.S 8596.jpg,1,black_rot
plantvillage_leakfree/train/black_rot/7375bf36-7a8e-4fc5-8ee8-0bee7bfb3574___JR_FrgE.S 2874.jpg,1,black_rot
plantvillage_leakfree/train/black_rot/73a2cc6f-1383-4f70-bda6-02f4c0944ee5___JR_FrgE.S 8692.jpg,1,black_rot
plantvillage_leakfree/train/black_rot/73b7ad12-02d0-4775-8f51-c7d404177132___JR_FrgE.S 2969.jpg,1,black_rot
plantvillage_leakfree/train/black_rot/73c50901-aab5-4f70-bf2a-5d1b9d235260___JR_FrgE.S 2798.jpg,1,black_rot
plantvillage_leakfree/train/black_rot/74276bec-59f3-4bb6-b739-0b6ed819288c___JR_FrgE.S 2925.jpg,1,black_rot
plantvillage_leakfree/train/black_rot/74dfd7d6-e78e-47d9-8530-35acab5cd01f___JR_FrgE.S 3027.jpg,1,black_rot
plantvillage_leakfree/train/black_rot/7504315d-b8fb-4b7d-a293-2e224968ab30___JR_FrgE.S 8697.jpg,1,black_rot
plantvillage_leakfree/train/black_rot/7530c184-6aa8-40fa-9f8d-7e5f0b3e5a7e___JR_FrgE.S 3045.jpg,1,black_rot
plantvillage_leakfree/train/black_rot/75e9b8ed-e579-469c-96ec-d964fc7d4d90___JR_FrgE.S 8581.jpg,1,black_rot
plantvillage_leakfree/train/black_rot/760ef647-ba10-4477-a388-105182a0c0e2___JR_FrgE.S 2895.jpg,1,black_rot
plantvillage_leakfree/train/black_rot/769283e3-f7ec-4e62-b907-4b22d1bda1ea___JR_FrgE.S 8618.jpg,1,black_rot
plantvillage_leakfree/train/black_rot/777543a0-d23f-4e13-904d-d4a19fbed594___JR_FrgE.S 8643.jpg,1,black_rot
plantvillage_leakfree/train/black_rot/77843368-1495-4113-b865-83e381f0641e___JR_FrgE.S 8791.jpg,1,black_rot
plantvillage_leakfree/train/black_rot/788885e1-18b4-44a0-af85-226e66265220___JR_FrgE.S 8574.jpg,1,black_rot
plantvillage_leakfree/train/black_rot/78c153fc-2118-4a91-8b39-3a0c92091097___JR_FrgE.S 3069.jpg,1,black_rot
plantvillage_leakfree/train/black_rot/78d063f1-e38a-414f-85f1-72cbf3dbe229___JR_FrgE.S 2884.jpg,1,black_rot
plantvillage_leakfree/train/black_rot/7a081a31-bbfa-4a43-8579-3353f6672f76___JR_FrgE.S 2861.jpg,1,black_rot
plantvillage_leakfree/train/black_rot/7add2958-0ee2-42e3-a99f-4b7a8e51db04___JR_FrgE.S 8745.jpg,1,black_rot
plantvillage_leakfree/train/black_rot/7add2e39-6555-4d52-ad02-b1bb061db8e7___JR_FrgE.S 3039.jpg,1,black_rot
plantvillage_leakfree/train/black_rot/7b417a00-eed4-4192-9ab1-709859e6556a___JR_FrgE.S 8650.jpg,1,black_rot
plantvillage_leakfree/train/black_rot/7b4b37d4-fec6-4e52-8c88-a6e1e69aeeb2___JR_FrgE.S 8588.jpg,1,black_rot
plantvillage_leakfree/train/black_rot/7c08d160-a5ef-4142-b743-8e484c95d8b8___JR_FrgE.S 2815.jpg,1,black_rot
plantvillage_leakfree/train/black_rot/7c6d3ea5-7af7-411b-982d-8054c545818e___JR_FrgE.S 3009.jpg,1,black_rot
plantvillage_leakfree/train/black_rot/7c9765f6-d792-4621-a01e-0a1b4e550ada___JR_FrgE.S 2862.jpg,1,black_rot
plantvillage_leakfree/train/black_rot/7d0776a1-7aba-4923-93b5-7ec629ca108b___JR_FrgE.S 2902.jpg,1,black_rot
plantvillage_leakfree/train/black_rot/7d2062c0-076d-4b98-b9f4-681f9b728cd9___JR_FrgE.S 8633.jpg,1,black_rot
plantvillage_leakfree/train/black_rot/7e008f42-c268-4ca8-9acc-4682019ba060___JR_FrgE.S 8600.jpg,1,black_rot
plantvillage_leakfree/train/black_rot/7e56a062-a114-49ac-b029-292e4f0a68ff___JR_FrgE.S 8783.jpg,1,black_rot
plantvillage_leakfree/train/black_rot/7eee2c9b-285a-411a-950b-7cd5547a9440___JR_FrgE.S 3028.jpg,1,black_rot
plantvillage_leakfree/train/black_rot/7f11ba2d-0894-4240-9d41-b0e131d8e711___JR_FrgE.S 2731.jpg,1,black_rot
plantvillage_leakfree/train/black_rot/7f1f4f8b-86cc-4cc5-bb70-8b1653cea8ae___JR_FrgE.S 8649.jpg,1,black_rot
plantvillage_leakfree/train/black_rot/7fb51374-f3ae-4dc9-8e0b-f25552528852___JR_FrgE.S 2894.jpg,1,black_rot
plantvillage_leakfree/train/black_rot/7fb5fc63-2f5e-45a1-8746-88e4e7883ffc___JR_FrgE.S 3059.jpg,1,black_rot
plantvillage_leakfree/train/black_rot/81c39f57-58f1-43cb-9d40-687e88b4734a___JR_FrgE.S 2960.jpg,1,black_rot
plantvillage_leakfree/train/black_rot/82222b3b-3999-40ad-8d80-d7ce0f74bbc3___JR_FrgE.S 8787.jpg,1,black_rot
plantvillage_leakfree/train/black_rot/82c2189f-9a4c-42f8-8e1a-fc67e2c7ebb8___JR_FrgE.S 2761.jpg,1,black_rot
plantvillage_leakfree/train/black_rot/8371e040-cf1b-4c28-a52c-db9c10ad9465___JR_FrgE.S 3007.jpg,1,black_rot
plantvillage_leakfree/train/black_rot/8381c748-f548-4ae2-be56-cb72184a7055___JR_FrgE.S 3082.jpg,1,black_rot
plantvillage_leakfree/train/black_rot/83ec5e47-c1db-4889-9725-9c2daab2d112___JR_FrgE.S 8583.jpg,1,black_rot
plantvillage_leakfree/train/black_rot/842d3c43-4e5a-49aa-95b1-fb7e9be3d133___JR_FrgE.S 2802.jpg,1,black_rot
plantvillage_leakfree/train/black_rot/8440ba8d-c3be-4824-ad91-b19e45a14487___JR_FrgE.S 2772.jpg,1,black_rot
plantvillage_leakfree/train/black_rot/848b600b-f609-44c5-bc09-15dd1af0b01c___JR_FrgE.S 8735.jpg,1,black_rot
plantvillage_leakfree/train/black_rot/8503d510-a7c2-409d-bbbe-5a7b03611a8a___JR_FrgE.S 2740.jpg,1,black_rot
plantvillage_leakfree/train/black_rot/85e5214e-2998-49c7-bdb9-ee8122387704___JR_FrgE.S 8691.jpg,1,black_rot
plantvillage_leakfree/train/black_rot/86110fa2-5836-43ed-856e-9a5fa416404f___JR_FrgE.S 8624.jpg,1,black_rot
plantvillage_leakfree/train/black_rot/87975b41-e762-4574-b56c-4d94b4238d63___JR_FrgE.S 2733.jpg,1,black_rot
plantvillage_leakfree/train/black_rot/888c8b6e-55cb-4492-b489-22f3624f1c39___JR_FrgE.S 8765.jpg,1,black_rot
plantvillage_leakfree/train/black_rot/8c033a16-bdf6-46ee-ac3b-2d84a6940950___JR_FrgE.S 8614.jpg,1,black_rot
plantvillage_leakfree/train/black_rot/8c6b887d-0ef4-4b77-8d89-b105a388d1e5___JR_FrgE.S 2749.jpg,1,black_rot
plantvillage_leakfree/train/black_rot/8d816370-cd56-4eb4-8d73-f9966e1853c6___JR_FrgE.S 2882.jpg,1,black_rot
plantvillage_leakfree/train/black_rot/8d911287-49a5-4b0b-b9e5-8d270baf40f0___JR_FrgE.S 8792.jpg,1,black_rot
plantvillage_leakfree/train/black_rot/8d935efd-8dba-4847-954f-a914d93d8d07___JR_FrgE.S 2857.jpg,1,black_rot
plantvillage_leakfree/train/black_rot/8f3ed2e0-268d-485c-bfd0-0911db9ab888___JR_FrgE.S 8820.jpg,1,black_rot
plantvillage_leakfree/train/black_rot/90af12e6-8764-4cb5-9f88-ac1fa8b337c0___JR_FrgE.S 2738.jpg,1,black_rot
plantvillage_leakfree/train/black_rot/91270769-9fc1-4544-bb8e-b48450b7ad62___JR_FrgE.S 2953.jpg,1,black_rot
plantvillage_leakfree/train/black_rot/919b43c2-b954-4a1b-a3c7-602fc1ed00e4___JR_FrgE.S 2823.jpg,1,black_rot
plantvillage_leakfree/train/black_rot/934ee916-4db9-4c1a-903e-3ebdd8201178___JR_FrgE.S 8740.jpg,1,black_rot
plantvillage_leakfree/train/black_rot/938c07c1-f2ad-4cbe-b088-51a085442c3b___JR_FrgE.S 2846.jpg,1,black_rot
plantvillage_leakfree/train/black_rot/93f9f8ea-31c2-412f-b3c4-49ee75312d76___JR_FrgE.S 2978.jpg,1,black_rot
plantvillage_leakfree/train/black_rot/954d8d3f-c11e-4202-b5e5-501d5e41752b___JR_FrgE.S 2942.jpg,1,black_rot
plantvillage_leakfree/train/black_rot/958e6e27-a6b7-4764-8af1-8a32934130ed___JR_FrgE.S 2776.jpg,1,black_rot
plantvillage_leakfree/train/black_rot/9691ae31-5b5d-4160-ae00-77358aff80ee___JR_FrgE.S 8719.jpg,1,black_rot
plantvillage_leakfree/train/black_rot/96922007-b6ba-4925-a18a-2b19138d9297___JR_FrgE.S 2800.jpg,1,black_rot
plantvillage_leakfree/train/black_rot/977c9b03-47f2-412d-a73d-7e647e973336___JR_FrgE.S 2887.jpg,1,black_rot
plantvillage_leakfree/train/black_rot/988c58b8-9323-4b0f-86de-c4fe396f09b8___JR_FrgE.S 8648.jpg,1,black_rot
plantvillage_leakfree/train/black_rot/98f61299-9578-49f4-8907-1d06e8b15d8a___JR_FrgE.S 8617.jpg,1,black_rot
plantvillage_leakfree/train/black_rot/9922fc5b-28d9-4ad7-90f2-7ad252f716dc___JR_FrgE.S 2741.jpg,1,black_rot
plantvillage_leakfree/train/black_rot/9a74119d-ce66-49a9-bec1-52df73abf8d0___JR_FrgE.S 2910.jpg,1,black_rot
plantvillage_leakfree/train/black_rot/9bae8265-90e1-4b34-8db3-35b530fded3d___JR_FrgE.S 8667.jpg,1,black_rot
plantvillage_leakfree/train/black_rot/9c58d931-8414-452e-b9cb-f911b8890236___JR_FrgE.S 2778.jpg,1,black_rot
plantvillage_leakfree/train/black_rot/9cde32eb-f860-4ba0-8d6e-34db1fbaf8b2___JR_FrgE.S 2875.jpg,1,black_rot
plantvillage_leakfree/train/black_rot/9db01900-2a71-4acc-a9e8-f1a462707cf8___JR_FrgE.S 3004.jpg,1,black_rot
plantvillage_leakfree/train/black_rot/9dc8568b-4e22-4272-b012-3d3aaa0c8247___JR_FrgE.S 2850.jpg,1,black_rot
plantvillage_leakfree/train/black_rot/9e24d361-b5e7-4634-9c76-e3fab5e51d87___JR_FrgE.S 8816.jpg,1,black_rot
plantvillage_leakfree/train/black_rot/9e4c3e90-477d-4b7e-8227-bf82a037024e___JR_FrgE.S 3003.jpg,1,black_rot
plantvillage_leakfree/train/black_rot/9eaff91a-1260-4d17-844d-65ab1ee09752___JR_FrgE.S 2736.jpg,1,black_rot
plantvillage_leakfree/train/black_rot/9efc127e-4eb6-403a-87f8-1c57c2bb8298___JR_FrgE.S 8657.jpg,1,black_rot
plantvillage_leakfree/train/black_rot/9febcc67-da4b-4424-a2cc-2bd6e19833ce___JR_FrgE.S 3054.jpg,1,black_rot
plantvillage_leakfree/train/black_rot/a0508a43-b31b-4d26-9ed0-96b04400b187___JR_FrgE.S 3060.jpg,1,black_rot
plantvillage_leakfree/train/black_rot/a0953d6d-067c-4b49-86fb-162d14d2fed0___JR_FrgE.S 2796.jpg,1,black_rot
plantvillage_leakfree/train/black_rot/a157b760-a19d-4e6b-a319-29b63106de45___JR_FrgE.S 2751.jpg,1,black_rot
plantvillage_leakfree/train/black_rot/a23597b9-4e73-4b9c-8ef1-de02d2f2178c___JR_FrgE.S 8690.jpg,1,black_rot
plantvillage_leakfree/train/black_rot/a285e174-d731-431e-b8c5-f5e895a2e2a4___JR_FrgE.S 2975.jpg,1,black_rot
plantvillage_leakfree/train/black_rot/a2d0df69-e2ee-4b7b-8b48-051027a83258___JR_FrgE.S 2936.jpg,1,black_rot
plantvillage_leakfree/train/black_rot/a2e4f04e-63f9-4c66-aa1b-bf0f0b6937dc___JR_FrgE.S 8756.jpg,1,black_rot
plantvillage_leakfree/train/black_rot/a2eb846a-da47-4d4d-97db-d954a20bb22a___JR_FrgE.S 2868.jpg,1,black_rot
plantvillage_leakfree/train/black_rot/a352005b-d036-4aa9-8e17-babac0a9b882___JR_FrgE.S 8628.jpg,1,black_rot
plantvillage_leakfree/train/black_rot/a50f7480-3c37-4b00-8b5a-d42740523748___JR_FrgE.S 8748.jpg,1,black_rot
plantvillage_leakfree/train/black_rot/a55923f0-3b82-40ee-8211-720503bc00af___JR_FrgE.S 2808.jpg,1,black_rot
plantvillage_leakfree/train/black_rot/a572ba2c-a691-4133-bb2f-e6e97edb749c___JR_FrgE.S 2991.jpg,1,black_rot
plantvillage_leakfree/train/black_rot/a5c9d465-9070-44e2-9974-ad6ed6ffaaf5___JR_FrgE.S 2853.jpg,1,black_rot
plantvillage_leakfree/train/black_rot/a79f3789-8c2c-4a04-acb4-f96544b93082___JR_FrgE.S 2880.jpg,1,black_rot
plantvillage_leakfree/train/black_rot/a8ce9225-ca25-41ba-8c19-4d80ffcb4c93___JR_FrgE.S 8570.jpg,1,black_rot
plantvillage_leakfree/train/black_rot/a8f06c83-bcab-4431-8c91-b00331c4b067___JR_FrgE.S 8613.jpg,1,black_rot
plantvillage_leakfree/train/black_rot/a97c2088-9bf7-4840-8a41-813aadae4aa6___JR_FrgE.S 2793.jpg,1,black_rot
plantvillage_leakfree/train/black_rot/a9d80158-0e41-4e0d-8a6b-ec0df3a83ed4___JR_FrgE.S 2845.jpg,1,black_rot
plantvillage_leakfree/train/black_rot/ab496771-c3b7-4c15-8cf1-d90455ab05cc___JR_FrgE.S 8573.jpg,1,black_rot
plantvillage_leakfree/train/black_rot/ab55985d-4327-44d3-ac98-17d99f4bf18d___JR_FrgE.S 2754.jpg,1,black_rot
plantvillage_leakfree/train/black_rot/ac638c74-99c4-434f-a9a1-ef727fa494eb___JR_FrgE.S 2986.jpg,1,black_rot
plantvillage_leakfree/train/black_rot/acb4845c-bee1-478c-b11c-ade0ae397c51___JR_FrgE.S 8818.jpg,1,black_rot
plantvillage_leakfree/train/black_rot/ad42c269-aca2-4b1b-9e3d-59108ccb79a3___JR_FrgE.S 8622.jpg,1,black_rot
plantvillage_leakfree/train/black_rot/aed39453-1ff0-44b9-90e8-7cabf883340e___JR_FrgE.S 2873.jpg,1,black_rot
plantvillage_leakfree/train/black_rot/af1789f1-b904-40db-bb01-dc3b08141319___JR_FrgE.S 8809.jpg,1,black_rot
plantvillage_leakfree/train/black_rot/af71d90f-c209-4d1d-8c80-0d7cab342106___JR_FrgE.S 8696.jpg,1,black_rot
plantvillage_leakfree/train/black_rot/b0fce660-5598-4007-b8d0-7cbd643edb9e___JR_FrgE.S 2851.jpg,1,black_rot
plantvillage_leakfree/train/black_rot/b157d655-9533-4c1d-a9bc-8f6351b06306___JR_FrgE.S 3087.jpg,1,black_rot
plantvillage_leakfree/train/black_rot/b1fb1490-dd67-4f69-97a4-a770ab7c8301___JR_FrgE.S 8587.jpg,1,black_rot
plantvillage_leakfree/train/black_rot/b371e9c4-177b-4bfb-9430-e14f9f30a06d___JR_FrgE.S 2803.jpg,1,black_rot
plantvillage_leakfree/train/black_rot/b3bd5eb8-caa5-4a52-8c90-2a47bd450d93___JR_FrgE.S 2830.jpg,1,black_rot
plantvillage_leakfree/train/black_rot/b3d4d826-24df-4033-b9ca-fd5625d68f0d___JR_FrgE.S 2994.jpg,1,black_rot
plantvillage_leakfree/train/black_rot/b48b4bc3-f7dc-4c57-90eb-0bc29c8c1b5f___JR_FrgE.S 2744.jpg,1,black_rot
plantvillage_leakfree/train/black_rot/b6850718-a674-4eb2-9a5b-bb7ae5f32ce8___JR_FrgE.S 8602.jpg,1,black_rot
plantvillage_leakfree/train/black_rot/b766b27a-cc4c-432f-a6cd-48eb65bf556b___JR_FrgE.S 2921.jpg,1,black_rot
plantvillage_leakfree/train/black_rot/b7816ede-6659-4cdf-8b46-d36927981cff___JR_FrgE.S 8677.jpg,1,black_rot
plantvillage_leakfree/train/black_rot/b83cf31c-65e9-405d-a42b-5c4ffda9114c___JR_FrgE.S 8744.jpg,1,black_rot
plantvillage_leakfree/train/black_rot/b84f9317-4054-4796-b36a-1dffcb871956___JR_FrgE.S 8725.jpg,1,black_rot
plantvillage_leakfree/train/black_rot/b94f7192-3ed3-4dfa-83a6-570142a8b795___JR_FrgE.S 8687.jpg,1,black_rot
plantvillage_leakfree/train/black_rot/baf805d8-6809-4883-99ff-2fd59dd8be5f___JR_FrgE.S 2886.jpg,1,black_rot
plantvillage_leakfree/train/black_rot/bb1f1f60-cd69-4661-aca2-bcb19eb1def2___JR_FrgE.S 8785.jpg,1,black_rot
plantvillage_leakfree/train/black_rot/bb4461e1-297a-4f68-b5d7-9d469489ee67___JR_FrgE.S 2871.jpg,1,black_rot
plantvillage_leakfree/train/black_rot/bc6642f0-62ee-419c-90c8-e1e2f19aaecb___JR_FrgE.S 2907.jpg,1,black_rot
plantvillage_leakfree/train/black_rot/bd1b3df1-f056-40c1-aded-be7185154408___JR_FrgE.S 8779.jpg,1,black_rot
plantvillage_leakfree/train/black_rot/bd6f574a-e0cc-4293-af21-3949e9bf3a8e___JR_FrgE.S 8675.jpg,1,black_rot
plantvillage_leakfree/train/black_rot/be00705f-de03-4448-b186-fc47e39859a2___JR_FrgE.S 8811.jpg,1,black_rot
plantvillage_leakfree/train/black_rot/bf3eaad3-aa22-4425-88f0-339be0f39059___JR_FrgE.S 2933.jpg,1,black_rot
plantvillage_leakfree/train/black_rot/bf5fa34e-8d39-43e2-8b54-ba83366871b1___JR_FrgE.S 3095.jpg,1,black_rot
plantvillage_leakfree/train/black_rot/c035251c-a97e-4a3a-afb6-5e465bb23ba1___JR_FrgE.S 2906.jpg,1,black_rot
plantvillage_leakfree/train/black_rot/c18a2d5a-4160-48de-8e9e-7ccc047aeddc___JR_FrgE.S 8805.jpg,1,black_rot
plantvillage_leakfree/train/black_rot/c225a3a5-4b7f-4226-aa70-73c9ce8d3de2___JR_FrgE.S 8722.jpg,1,black_rot
plantvillage_leakfree/train/black_rot/c3fc7435-5960-4b9a-b333-287ffeb05126___JR_FrgE.S 3002.jpg,1,black_rot
plantvillage_leakfree/train/black_rot/c4746563-b461-420a-9963-9a9b467c97d6___JR_FrgE.S 2742.jpg,1,black_rot
plantvillage_leakfree/train/black_rot/c47676f2-2302-4efb-9598-6b51a45e28f7___JR_FrgE.S 8803.jpg,1,black_rot
plantvillage_leakfree/train/black_rot/c4833395-fa04-4b3a-89f1-6fbc5c3d7d18___JR_FrgE.S 2866.jpg,1,black_rot
plantvillage_leakfree/train/black_rot/c498d495-5796-4d08-9eaf-c1f26ed1099a___JR_FrgE.S 2888.jpg,1,black_rot
plantvillage_leakfree/train/black_rot/c5a5ffe1-6687-412b-9a06-31c9aee8066b___JR_FrgE.S 3037.jpg,1,black_rot
plantvillage_leakfree/train/black_rot/c6cdf94f-8dec-428e-a0cd-997f9ce631d2___JR_FrgE.S 8749.jpg,1,black_rot
plantvillage_leakfree/train/black_rot/c7459ae0-0430-4e16-8741-fc71629f8357___JR_FrgE.S 3057.jpg,1,black_rot
plantvillage_leakfree/train/black_rot/c762e867-0f8b-459e-b870-10090256d9bf___JR_FrgE.S 8723.jpg,1,black_rot
plantvillage_leakfree/train/black_rot/ca07e05a-e6a2-4651-b4fd-e54f0d1c58b7___JR_FrgE.S 2840.jpg,1,black_rot
plantvillage_leakfree/train/black_rot/cb323687-3c3a-41d0-b5f8-445f15d9aa76___JR_FrgE.S 8688.jpg,1,black_rot
plantvillage_leakfree/train/black_rot/cc0f71b0-af7d-49e2-b7df-a45e97caab2c___JR_FrgE.S 8796.jpg,1,black_rot
plantvillage_leakfree/train/black_rot/cc73875e-54c2-49a1-91bb-f2bc85a93f8f___JR_FrgE.S 2747.jpg,1,black_rot
plantvillage_leakfree/train/black_rot/cd4907f8-168a-405b-ae16-599e6e621dca___JR_FrgE.S 8619.jpg,1,black_rot
plantvillage_leakfree/train/black_rot/cda4e00f-b32f-4605-b2ca-4b5eba5ecc22___JR_FrgE.S 8799.jpg,1,black_rot
plantvillage_leakfree/train/black_rot/cda99dd8-c509-4825-a35d-d71cb35d3d4c___JR_FrgE.S 8695.jpg,1,black_rot
plantvillage_leakfree/train/black_rot/ce675478-f624-4536-b4ba-b0c43d134ae8___JR_FrgE.S 8595.jpg,1,black_rot
plantvillage_leakfree/train/black_rot/cf524171-a68a-4200-9159-133567b95f71___JR_FrgE.S 8658.jpg,1,black_rot
plantvillage_leakfree/train/black_rot/cffe2528-d760-4e77-a117-a0253ba3af6f___JR_FrgE.S 8801.jpg,1,black_rot
plantvillage_leakfree/train/black_rot/d1516c58-c21b-4ba9-907b-cd89f245f4f2___JR_FrgE.S 3058.jpg,1,black_rot
plantvillage_leakfree/train/black_rot/d197373c-af39-4000-aa28-cab65fafa361___JR_FrgE.S 2959.jpg,1,black_rot
plantvillage_leakfree/train/black_rot/d22325cf-3a6a-4dc8-8ddb-a4e1a8817d8b___JR_FrgE.S 3090.jpg,1,black_rot
plantvillage_leakfree/train/black_rot/d240fec5-9b1e-4b36-a7df-d0007d0ebfcb___JR_FrgE.S 2929.jpg,1,black_rot
plantvillage_leakfree/train/black_rot/d270d610-6fb5-4ae1-9a00-ad72b3e98526___JR_FrgE.S 8635.jpg,1,black_rot
plantvillage_leakfree/train/black_rot/d30f9b23-402d-4c3f-bdf7-406c9e35d038___JR_FrgE.S 8715.jpg,1,black_rot
plantvillage_leakfree/train/black_rot/d3355b6d-0a25-42b5-afb7-60b3471f9be7___JR_FrgE.S 2878.jpg,1,black_rot
plantvillage_leakfree/train/black_rot/d361ab89-3f57-4bfc-b2af-a6c5b75055af___JR_FrgE.S 8608.jpg,1,black_rot
plantvillage_leakfree/train/black_rot/d3dab897-b9de-4ec4-a335-db2f36a64011___JR_FrgE.S 2918.jpg,1,black_rot
plantvillage_leakfree/train/black_rot/d3deecaa-bd8c-4b10-a33f-4c6d188a3b95___JR_FrgE.S 8712.jpg,1,black_rot
plantvillage_leakfree/train/black_rot/d40e4a34-1c9a-4971-acce-bb6ce2e14208___JR_FrgE.S 8654.jpg,1,black_rot
plantvillage_leakfree/train/black_rot/d4c03762-b68f-4e8f-ae5c-10b15de04fb3___JR_FrgE.S 8776.jpg,1,black_rot
plantvillage_leakfree/train/black_rot/d4ea8c73-7beb-4019-8a66-f60381c6fdc0___JR_FrgE.S 8601.jpg,1,black_rot
plantvillage_leakfree/train/black_rot/d56311b8-ffb7-4f58-b521-c8be2a31f980___JR_FrgE.S 2799.jpg,1,black_rot
plantvillage_leakfree/train/black_rot/d65349b4-80ff-474e-a48e-bf8fa597d880___JR_FrgE.S 8775.jpg,1,black_rot
plantvillage_leakfree/train/black_rot/d6a4afb8-a539-4851-b29f-2469a48d8591___JR_FrgE.S 8772.jpg,1,black_rot
plantvillage_leakfree/train/black_rot/d734401a-6948-4be6-bfe7-1469d8c910f7___JR_FrgE.S 8732.jpg,1,black_rot
plantvillage_leakfree/train/black_rot/d751e4b1-101d-4f23-aa99-5cd93b617aab___JR_FrgE.S 3012.jpg,1,black_rot
plantvillage_leakfree/train/black_rot/d7927614-3b3e-4ba5-8564-2ae4a1f25132___JR_FrgE.S 2812.jpg,1,black_rot
plantvillage_leakfree/train/black_rot/d892ca1b-8b68-4087-9bb1-3ac7b861c283___JR_FrgE.S 8606.jpg,1,black_rot
plantvillage_leakfree/train/black_rot/d8e21bad-015b-4b76-8ffa-373b191ed448___JR_FrgE.S 3021.jpg,1,black_rot
plantvillage_leakfree/train/black_rot/db86273f-ea7e-4131-a1b7-75e9f990d596___JR_FrgE.S 2892.jpg,1,black_rot
plantvillage_leakfree/train/black_rot/dcea72e4-ea95-43b3-8676-3d46188fc8e0___JR_FrgE.S 8813.jpg,1,black_rot
plantvillage_leakfree/train/black_rot/dd73bcb6-849f-4df3-9939-6893d07b2b45___JR_FrgE.S 8572.jpg,1,black_rot
plantvillage_leakfree/train/black_rot/dda90093-ad40-44cf-8c6d-b4572d1c19cd___JR_FrgE.S 3014.jpg,1,black_rot
plantvillage_leakfree/train/black_rot/ddbcb13e-0263-4881-9e1b-6f00d67f7217___JR_FrgE.S 8683.jpg,1,black_rot
plantvillage_leakfree/train/black_rot/dddffcc1-874d-4a5a-a030-14a6e2a4bf0d___JR_FrgE.S 2958.jpg,1,black_rot
plantvillage_leakfree/train/black_rot/deccf856-7d85-4b95-9d35-85f4ad1af7f7___JR_FrgE.S 8689.jpg,1,black_rot
plantvillage_leakfree/train/black_rot/ded93fa6-0c14-47ea-aa92-806a64db7816___JR_FrgE.S 2795.jpg,1,black_rot
plantvillage_leakfree/train/black_rot/deffd3c8-a9c7-4082-ba2a-4a54aad8ab17___JR_FrgE.S 2789.jpg,1,black_rot
plantvillage_leakfree/train/black_rot/e07b2429-8ae5-42dd-8ce8-1e94887ea6df___JR_FrgE.S 8812.jpg,1,black_rot
plantvillage_leakfree/train/black_rot/e0cafae6-9957-4f28-8a9f-70fae53d289d___JR_FrgE.S 2813.jpg,1,black_rot
plantvillage_leakfree/train/black_rot/e0ee140b-d60c-4b08-ae6f-e44c5c31fbc8___JR_FrgE.S 2817.jpg,1,black_rot
plantvillage_leakfree/train/black_rot/e11f6e9d-abff-4da2-864e-45f9aa2df34b___JR_FrgE.S 3072.jpg,1,black_rot
plantvillage_leakfree/train/black_rot/e1e8a707-d2b0-4cb6-ae56-c26a5e9ff016___JR_FrgE.S 8761.jpg,1,black_rot
plantvillage_leakfree/train/black_rot/e2af1632-e9bb-4a05-8ead-faba02eac1e2___JR_FrgE.S 3070.jpg,1,black_rot
plantvillage_leakfree/train/black_rot/e3eead59-f821-41dd-9794-ba3ad35c71c7___JR_FrgE.S 2937.jpg,1,black_rot
plantvillage_leakfree/train/black_rot/e43cb49a-44ff-4ee5-9dae-aa2e89fb643b___JR_FrgE.S 2927.jpg,1,black_rot
plantvillage_leakfree/train/black_rot/e4999654-a4e5-4038-bb7f-d69f824a0505___JR_FrgE.S 8728.jpg,1,black_rot
plantvillage_leakfree/train/black_rot/e4d473a3-83ad-496d-a97f-5aee9d713d69___JR_FrgE.S 2782.jpg,1,black_rot
plantvillage_leakfree/train/black_rot/e528fe87-6133-4d89-88b0-2a37aaa07f16___JR_FrgE.S 8729.jpg,1,black_rot
plantvillage_leakfree/train/black_rot/e54ced2f-6766-41f4-99d5-87ffc2a81cbc___JR_FrgE.S 8694.jpg,1,black_rot
plantvillage_leakfree/train/black_rot/e66666f1-bad7-4ceb-8142-389b841be362___JR_FrgE.S 3008.jpg,1,black_rot
plantvillage_leakfree/train/black_rot/e6c8b854-6b46-4137-8e08-81e63ff418ea___JR_FrgE.S 2971.jpg,1,black_rot
plantvillage_leakfree/train/black_rot/e6ea57b6-04c9-4873-83d5-f6d859d54dbb___JR_FrgE.S 2848.jpg,1,black_rot
plantvillage_leakfree/train/black_rot/e741c2b4-3b28-4b2c-9664-cb43ba040592___JR_FrgE.S 8610.jpg,1,black_rot
plantvillage_leakfree/train/black_rot/e90a2dde-185e-46e4-82ad-ce94bf0100b7___JR_FrgE.S 2746.jpg,1,black_rot
plantvillage_leakfree/train/black_rot/e91dc932-5dcb-45fb-bc01-bd452294e752___JR_FrgE.S 3050.jpg,1,black_rot
plantvillage_leakfree/train/black_rot/e9df76bc-d175-42c9-990e-6e6c5f5ac5ce___JR_FrgE.S 8663.jpg,1,black_rot
plantvillage_leakfree/train/black_rot/eb98c4ac-28e3-40ef-8cf4-38acddd5d774___JR_FrgE.S 3043.jpg,1,black_rot
plantvillage_leakfree/train/black_rot/ecd4b7b6-2418-4fc0-ab1f-c63c7a61fac6___JR_FrgE.S 8672.jpg,1,black_rot
plantvillage_leakfree/train/black_rot/ecfabcf4-106e-4357-8058-948dcb2f4798___JR_FrgE.S 8821.jpg,1,black_rot
plantvillage_leakfree/train/black_rot/ee5b8f3c-3afe-45d9-b0ad-8aefc9dc914b___JR_FrgE.S 2987.jpg,1,black_rot
plantvillage_leakfree/train/black_rot/ee734326-8122-445c-adb5-9f0cb8dca9b7___JR_FrgE.S 2964.jpg,1,black_rot
plantvillage_leakfree/train/black_rot/ee7a3b7f-0bda-47e7-b211-734166bb6973___JR_FrgE.S 3030.jpg,1,black_rot
plantvillage_leakfree/train/black_rot/ee978e42-d36d-4bba-b0ac-fcc0eefaacd3___JR_FrgE.S 8665.jpg,1,black_rot
plantvillage_leakfree/train/black_rot/eff6da40-2404-4b50-a773-ac0d311559a9___JR_FrgE.S 8666.jpg,1,black_rot
plantvillage_leakfree/train/black_rot/f14af5e9-087d-4040-9eb2-c2672d513e36___JR_FrgE.S 2972.jpg,1,black_rot
plantvillage_leakfree/train/black_rot/f15c02d9-9aa6-45b5-84fc-97e22f7fabaa___JR_FrgE.S 2831.jpg,1,black_rot
plantvillage_leakfree/train/black_rot/f1844803-f6fb-4cfb-851e-b9095fb40c9e___JR_FrgE.S 2898.jpg,1,black_rot
plantvillage_leakfree/train/black_rot/f1931320-4177-4453-93fd-3decee538b51___JR_FrgE.S 8707.jpg,1,black_rot
plantvillage_leakfree/train/black_rot/f24c943a-6339-48a5-bfb0-b866c926dc16___JR_FrgE.S 2931.jpg,1,black_rot
plantvillage_leakfree/train/black_rot/f2b57a5b-f46d-453a-bb33-21d01d8a10de___JR_FrgE.S 3036.jpg,1,black_rot
plantvillage_leakfree/train/black_rot/f3297583-9150-42fd-a2f4-1a9e7109e240___JR_FrgE.S 2967.jpg,1,black_rot
plantvillage_leakfree/train/black_rot/f3918f57-f4c8-44a4-bd0b-403755fa9615___JR_FrgE.S 3092.jpg,1,black_rot
plantvillage_leakfree/train/black_rot/f3f1e50a-4e84-4147-b10c-09283a2feddd___JR_FrgE.S 8713.jpg,1,black_rot
plantvillage_leakfree/train/black_rot/f3ff804e-bca4-4a23-9af9-1f5b8c5c9980___JR_FrgE.S 3053.jpg,1,black_rot
plantvillage_leakfree/train/black_rot/f415bc3e-3e71-4636-a3dd-78b65002384d___JR_FrgE.S 2917.jpg,1,black_rot
plantvillage_leakfree/train/black_rot/f45e8b2b-c220-42d2-9828-a39d46db0ca9___JR_FrgE.S 8751.jpg,1,black_rot
plantvillage_leakfree/train/black_rot/f58de461-853f-46d7-b223-d48a81507a85___JR_FrgE.S 2996.jpg,1,black_rot
plantvillage_leakfree/train/black_rot/f6c9080a-95af-48f8-8178-0be757d92d20___JR_FrgE.S 2982.jpg,1,black_rot
plantvillage_leakfree/train/black_rot/f702f711-d90a-46be-8cd1-78521ecb6822___JR_FrgE.S 8724.jpg,1,black_rot
plantvillage_leakfree/train/black_rot/f7565e18-4946-4049-a1cd-ded7d3c09cef___JR_FrgE.S 2755.jpg,1,black_rot
plantvillage_leakfree/train/black_rot/f770ff71-9ac5-46ef-8b66-65ba246bb952___JR_FrgE.S 8702.jpg,1,black_rot
plantvillage_leakfree/train/black_rot/f77c7ac1-f55e-4adc-b049-35def4e87c17___JR_FrgE.S 3077.jpg,1,black_rot
plantvillage_leakfree/train/black_rot/f83c1286-8bdb-48e6-ac8f-bd8a5209afc7___JR_FrgE.S 3001.jpg,1,black_rot
plantvillage_leakfree/train/black_rot/f872ce63-a162-44bd-84ac-c7d89c485457___JR_FrgE.S 8701.jpg,1,black_rot
plantvillage_leakfree/train/black_rot/f8a5bc70-61d0-42fa-b82d-9d480b0fbe2a___JR_FrgE.S 3093.jpg,1,black_rot
plantvillage_leakfree/train/black_rot/f9b7fc98-caee-4bb1-ae7b-1e9981ba6d72___JR_FrgE.S 2990.jpg,1,black_rot
plantvillage_leakfree/train/black_rot/f9c0a3a9-a08e-4b1d-baab-93fdc7fb2690___JR_FrgE.S 2896.jpg,1,black_rot
plantvillage_leakfree/train/black_rot/fa8eff59-b9f9-45d9-a8f4-eca6fa5a8896___JR_FrgE.S 8647.jpg,1,black_rot
plantvillage_leakfree/train/black_rot/fb8255a6-e05d-44d3-a115-80c1e55009bd___JR_FrgE.S 3074.jpg,1,black_rot
plantvillage_leakfree/train/black_rot/fbbd1259-ea22-4f56-8298-8429d228a07c___JR_FrgE.S 2934.jpg,1,black_rot
plantvillage_leakfree/train/black_rot/fbd0bf3e-2260-4a97-be8a-af9cac60df7b___JR_FrgE.S 2807.jpg,1,black_rot
plantvillage_leakfree/train/black_rot/fbe5708e-d8c5-49f2-a01b-c918e04a4338___JR_FrgE.S 2858.jpg,1,black_rot
plantvillage_leakfree/train/black_rot/fc2bb6fc-6480-486c-8727-fbd2da59baa4___JR_FrgE.S 8634.jpg,1,black_rot
plantvillage_leakfree/train/black_rot/fc5f6bd3-bd4e-4a8c-94d1-d46ea92a3941___JR_FrgE.S 3017.jpg,1,black_rot
plantvillage_leakfree/train/black_rot/fcf3bce8-b685-4483-bac4-a2d0d14d6eeb___JR_FrgE.S 8810.jpg,1,black_rot
plantvillage_leakfree/train/black_rot/fe6a81b9-9198-4db7-82df-0802913716e1___JR_FrgE.S 2976.jpg,1,black_rot
plantvillage_leakfree/train/black_rot/fef17b16-ce22-4cb6-ba6a-270f5e08a17d___JR_FrgE.S 2843.jpg,1,black_rot
plantvillage_leakfree/train/black_rot/ff4e792b-14c5-41db-af9e-0676abf8d20a___JR_FrgE.S 3088.jpg,1,black_rot
plantvillage_leakfree/train/black_rot/ff7087a7-3388-45dc-a9e9-0aed99539223___JR_FrgE.S 2979.jpg,1,black_rot
plantvillage_leakfree/train/cedar_apple_rust/025b2b9a-0ec4-4132-96ac-7f2832d0db4a___FREC_C.Rust 3655.jpg,2,cedar_apple_rust
plantvillage_leakfree/train/cedar_apple_rust/0321e067-d13b-47d0-b3a6-76ba6f357d02___FREC_C.Rust 3667.jpg,2,cedar_apple_rust
plantvillage_leakfree/train/cedar_apple_rust/0340baaa-e9cc-4c04-8f9b-c204180d9ae3___FREC_C.Rust 3805.jpg,2,cedar_apple_rust
plantvillage_leakfree/train/cedar_apple_rust/04da297e-5238-41b1-a8a0-0c87c6c2f21f___FREC_C.Rust 4394.jpg,2,cedar_apple_rust
plantvillage_leakfree/train/cedar_apple_rust/052e3deb-0499-4685-bc39-cea7f1df0700___FREC_C.Rust 3742.jpg,2,cedar_apple_rust
plantvillage_leakfree/train/cedar_apple_rust/064b14b5-af1b-4bcf-afe7-a061e5669dbb___FREC_C.Rust 9839.jpg,2,cedar_apple_rust
plantvillage_leakfree/train/cedar_apple_rust/072f23fb-0b1a-43b9-a548-3981120ff33c___FREC_C.Rust 0133.jpg,2,cedar_apple_rust
plantvillage_leakfree/train/cedar_apple_rust/0cd24b0c-0a9d-483f-8734-5c08988e029f___FREC_C.Rust 3762.jpg,2,cedar_apple_rust
plantvillage_leakfree/train/cedar_apple_rust/112cfc79-00ab-4920-a235-977c134bdb5d___FREC_C.Rust 4365.jpg,2,cedar_apple_rust
plantvillage_leakfree/train/cedar_apple_rust/11a41b2a-5bf3-458a-801c-0898dd280c1e___FREC_C.Rust 9874.jpg,2,cedar_apple_rust
plantvillage_leakfree/train/cedar_apple_rust/1440b8ad-ba66-44dc-aeff-13515fe5eb68___FREC_C.Rust 3816.jpg,2,cedar_apple_rust
plantvillage_leakfree/train/cedar_apple_rust/1798ac41-0f49-4007-9df5-7e41e3077e51___FREC_C.Rust 3656.jpg,2,cedar_apple_rust
plantvillage_leakfree/train/cedar_apple_rust/18ba5927-bf67-47ff-bdcf-11056e368b60___FREC_C.Rust 4258.jpg,2,cedar_apple_rust
plantvillage_leakfree/train/cedar_apple_rust/19335371-d443-4629-bb10-ef4e0b7215c0___FREC_C.Rust 0064.jpg,2,cedar_apple_rust
plantvillage_leakfree/train/cedar_apple_rust/1a69060b-e45e-4d95-881c-f6d1960dffcd___FREC_C.Rust 0065.jpg,2,cedar_apple_rust
plantvillage_leakfree/train/cedar_apple_rust/1a80b84d-1a5a-4e23-8deb-823ba928e29a___FREC_C.Rust 4431.jpg,2,cedar_apple_rust
plantvillage_leakfree/train/cedar_apple_rust/1b567c7d-1041-4240-a56c-8ea94e6252b4___FREC_C.Rust 4245.jpg,2,cedar_apple_rust
plantvillage_leakfree/train/cedar_apple_rust/1e099d8e-b40c-4cf3-bb52-4e77b5a2dc69___FREC_C.Rust 0155.jpg,2,cedar_apple_rust
plantvillage_leakfree/train/cedar_apple_rust/1ec3e679-2b1e-4243-9e62-67f8f04314b3___FREC_C.Rust 4328.jpg,2,cedar_apple_rust
plantvillage_leakfree/train/cedar_apple_rust/20ef08f2-96ae-4148-942c-3d7708cd94d8___FREC_C.Rust 9830.jpg,2,cedar_apple_rust
plantvillage_leakfree/train/cedar_apple_rust/24f68f21-8edb-49df-b0f1-d75ac66631fd___FREC_C.Rust 9937.jpg,2,cedar_apple_rust
plantvillage_leakfree/train/cedar_apple_rust/252e347b-262e-4dd8-8d6d-852324d5bcfd___FREC_C.Rust 3841.jpg,2,cedar_apple_rust
plantvillage_leakfree/train/cedar_apple_rust/27d7abba-647b-4f0c-aa4a-3978dccd4f5b___FREC_C.Rust 4092.jpg,2,cedar_apple_rust
plantvillage_leakfree/train/cedar_apple_rust/290ad123-7702-4219-9773-17e07f22438c___FREC_C.Rust 4444.jpg,2,cedar_apple_rust
plantvillage_leakfree/train/cedar_apple_rust/2a6fe192-977f-482c-8af7-3465448920f4___FREC_C.Rust 9919.jpg,2,cedar_apple_rust
plantvillage_leakfree/train/cedar_apple_rust/2ac8d689-f30a-4eee-a856-86c92f8dcbd2___FREC_C.Rust 3952.jpg,2,cedar_apple_rust
plantvillage_leakfree/train/cedar_apple_rust/2ddde539-6c5f-4d76-8611-14761bb240de___FREC_C.Rust 3564.jpg,2,cedar_apple_rust
plantvillage_leakfree/train/cedar_apple_rust/30ae56d0-6974-4ad2-b4bf-486a97dcff5f___FREC_C.Rust 4088.jpg,2,cedar_apple_rust
plantvillage_leakfree/train/cedar_apple_rust/31cd0e16-01aa-442a-af4d-1162ac8a7b81___FREC_C.Rust 9889.jpg,2,cedar_apple_rust
plantvillage_leakfree/train/cedar_apple_rust/32ba7e2f-7ad8-480e-9f37-28469e6802af___FREC_C.Rust 9811.jpg,2,cedar_apple_rust
plantvillage_leakfree/train/cedar_apple_rust/3590e70d-8ab1-453d-ae81-0f77bdda3f60___FREC_C.Rust 3824.jpg,2,cedar_apple_rust
plantvillage_leakfree/train/cedar_apple_rust/3762c9a3-83db-44b7-88be-07c048ad293b___FREC_C.Rust 9945.jpg,2,cedar_apple_rust
plantvillage_leakfree/train/cedar_apple_rust/39c00da9-396e-4bd3-8e4a-f701c11d4fa7___FREC_C.Rust 3907.jpg,2,cedar_apple_rust
plantvillage_leakfree/train/cedar_apple_rust/3b1e5132-71dd-4e75-b04a-513a3851ca02___FREC_C.Rust 4439.jpg,2,cedar_apple_rust
plantvillage_leakfree/train/cedar_apple_rust/3dc7b8db-79dd-4206-b3f0-7091d28475b2___FREC_C.Rust 0079.jpg,2,cedar_apple_rust
plantvillage_leakfree/train/cedar_apple_rust/3dcf5bf7-744a-439e-881b-10f73fd83616___FREC_C.Rust 3642.jpg,2,cedar_apple_rust
plantvillage_leakfree/train/cedar_apple_rust/3dde7bc6-90e6-4057-a1e7-c2580ccf03a2___FREC_C.Rust 0092.jpg,2,cedar_apple_rust
plantvillage_leakfree/train/cedar_apple_rust/3e123b1b-a57d-4689-8211-e270c19fd4a9___FREC_C.Rust 9962.jpg,2,cedar_apple_rust
plantvillage_leakfree/train/cedar_apple_rust/3e4303ad-6293-4522-821b-ef5dd3b658ce___FREC_C.Rust 3686.jpg,2,cedar_apple_rust
plantvillage_leakfree/train/cedar_apple_rust/3ef85bf3-728f-46d7-95cc-a5bddf34db98___FREC_C.Rust 3885.jpg,2,cedar_apple_rust
plantvillage_leakfree/train/cedar_apple_rust/3f9bd33d-ceeb-49fa-8874-d9cc013ca018___FREC_C.Rust 4183.jpg,2,cedar_apple_rust
plantvillage_leakfree/train/cedar_apple_rust/40761a05-eac1-44d2-b543-7e83ee6507ba___FREC_C.Rust 3556.jpg,2,cedar_apple_rust
plantvillage_leakfree/train/cedar_apple_rust/4134586e-a00a-4c53-8f8d-c275ef0d5f5f___FREC_C.Rust 3676.jpg,2,cedar_apple_rust
plantvillage_leakfree/train/cedar_apple_rust/43850a33-b2c2-4d67-aa90-685f8f76da3a___FREC_C.Rust 3664.jpg,2,cedar_apple_rust
plantvillage_leakfree/train/cedar_apple_rust/4444fa5c-3ad7-49cf-9384-8686b691e4b8___FREC_C.Rust 3600.jpg,2,cedar_apple_rust
plantvillage_leakfree/train/cedar_apple_rust/4485494e-e310-49b5-9ca8-73608ec4e83c___FREC_C.Rust 3631.jpg,2,cedar_apple_rust
plantvillage_leakfree/train/cedar_apple_rust/46aef257-999e-4158-9107-c5f5c7c8016a___FREC_C.Rust 4147.jpg,2,cedar_apple_rust
plantvillage_leakfree/train/cedar_apple_rust/46b6b57e-9c90-4de7-9fb1-b8b674d51f38___FREC_C.Rust 9857.jpg,2,cedar_apple_rust
plantvillage_leakfree/train/cedar_apple_rust/492e83ef-7407-42f1-a0e2-e272cf1cdbc1___FREC_C.Rust 0024.jpg,2,cedar_apple_rust
plantvillage_leakfree/train/cedar_apple_rust/4d7f4b74-59f6-431e-afa3-6fbbb9ac90ea___FREC_C.Rust 0145.jpg,2,cedar_apple_rust
plantvillage_leakfree/train/cedar_apple_rust/4dc8e2a8-4374-488a-afc6-fd0ea7f15c88___FREC_C.Rust 3991.jpg,2,cedar_apple_rust
plantvillage_leakfree/train/cedar_apple_rust/4ddf4752-f02c-40ae-a2a8-19095f07137d___FREC_C.Rust 3733.jpg,2,cedar_apple_rust
plantvillage_leakfree/train/cedar_apple_rust/4e469367-da28-4b4b-a06e-18d64f0433bc___FREC_C.Rust 4014.jpg,2,cedar_apple_rust
plantvillage_leakfree/train/cedar_apple_rust/4fd1cebf-96dd-4786-b1df-021dac153ca7___FREC_C.Rust 9953.jpg,2,cedar_apple_rust
plantvillage_leakfree/train/cedar_apple_rust/4fe22d35-3e93-414a-83fc-1be230cec721___FREC_C.Rust 4424.jpg,2,cedar_apple_rust
plantvillage_leakfree/train/cedar_apple_rust/503fa8ad-36cc-41ea-997c-d61727a7677c___FREC_C.Rust 3842.jpg,2,cedar_apple_rust
plantvillage_leakfree/train/cedar_apple_rust/5069c246-1254-4396-a0f3-11bb6becd234___FREC_C.Rust 9868.jpg,2,cedar_apple_rust
plantvillage_leakfree/train/cedar_apple_rust/5271addc-c445-4af1-ba68-318c7b509e1f___FREC_C.Rust 3585.jpg,2,cedar_apple_rust
plantvillage_leakfree/train/cedar_apple_rust/5367e167-14f3-4d65-bd93-4c4b693e0bc7___FREC_C.Rust 4109.jpg,2,cedar_apple_rust
plantvillage_leakfree/train/cedar_apple_rust/56cc0223-46b0-44d3-ba43-66d3def44f1d___FREC_C.Rust 3834.jpg,2,cedar_apple_rust
plantvillage_leakfree/train/cedar_apple_rust/57a522fe-b1f4-47e0-9b4c-b30635b402f7___FREC_C.Rust 4226.jpg,2,cedar_apple_rust
plantvillage_leakfree/train/cedar_apple_rust/57be14d8-a24b-4354-acce-98b3a47f4512___FREC_C.Rust 4057.jpg,2,cedar_apple_rust
plantvillage_leakfree/train/cedar_apple_rust/58c70126-b289-441f-a608-eff6a2df3762___FREC_C.Rust 3654.jpg,2,cedar_apple_rust
plantvillage_leakfree/train/cedar_apple_rust/5b0cb1a1-e3ef-4503-8833-a8b013ab6e92___FREC_C.Rust 3599.jpg,2,cedar_apple_rust
plantvillage_leakfree/train/cedar_apple_rust/5b1f2adb-5065-4b7f-8b51-bc5695ad5ebb___FREC_C.Rust 9802.jpg,2,cedar_apple_rust
plantvillage_leakfree/train/cedar_apple_rust/5ba35826-8831-4638-a443-5c28f80c4de8___FREC_C.Rust 0212.jpg,2,cedar_apple_rust
plantvillage_leakfree/train/cedar_apple_rust/5c2677da-56e7-47bc-bc21-31a1db9ff5bf___FREC_C.Rust 9799.jpg,2,cedar_apple_rust
plantvillage_leakfree/train/cedar_apple_rust/5cc20b25-edc1-4ec9-afc8-c19a5ef1cfda___FREC_C.Rust 3540.jpg,2,cedar_apple_rust
plantvillage_leakfree/train/cedar_apple_rust/5d4e82f2-d720-45fa-b913-13773583ee0f___FREC_C.Rust 4181.jpg,2,cedar_apple_rust
plantvillage_leakfree/train/cedar_apple_rust/5d85daec-3dd3-4c35-aceb-2a9cf0eb87ad___FREC_C.Rust 3710.jpg,2,cedar_apple_rust
plantvillage_leakfree/train/cedar_apple_rust/5eba8ca8-b4f7-4f49-9481-9703adc53678___FREC_C.Rust 3732.jpg,2,cedar_apple_rust
plantvillage_leakfree/train/cedar_apple_rust/669c0bde-c75a-4495-92ea-e7d6be6de1bc___FREC_C.Rust 4410.jpg,2,cedar_apple_rust
plantvillage_leakfree/train/cedar_apple_rust/68a4878f-c220-49ff-a858-5b026e56e7b0___FREC_C.Rust 9844.jpg,2,cedar_apple_rust
plantvillage_leakfree/train/cedar_apple_rust/69ceb6f0-6e63-4676-90a6-288ae97b0c2f___FREC_C.Rust 0107.jpg,2,cedar_apple_rust
plantvillage_leakfree/train/cedar_apple_rust/6b9f9f65-4359-40a4-bdba-3db5057489f4___FREC_C.Rust 3748.jpg,2,cedar_apple_rust
plantvillage_leakfree/train/cedar_apple_rust/6ddafe85-27e6-4ca2-915f-2db6015cdf29___FREC_C.Rust 3983_newPixel25(1).jpg,2,cedar_apple_rust
plantvillage_leakfree/train/cedar_apple_rust/6fa42fea-4fcd-4cfe-bfbd-c03ee2d7bb3f___FREC_C.Rust 0163(1).jpg,2,cedar_apple_rust
plantvillage_leakfree/train/cedar_apple_rust/6fa42fea-4fcd-4cfe-bfbd-c03ee2d7bb3f___FREC_C.Rust 0163.jpg,2,cedar_apple_rust
plantvillage_leakfree/train/cedar_apple_rust/6fa42fea-4fcd-4cfe-bfbd-c03ee2d7bb3f___FREC_C.Rust 0163_180deg(1).jpg,2,cedar_apple_rust
plantvillage_leakfree/train/cedar_apple_rust/6fa42fea-4fcd-4cfe-bfbd-c03ee2d7bb3f___FREC_C.Rust 0163_270deg(1).jpg,2,cedar_apple_rust
plantvillage_leakfree/train/cedar_apple_rust/6fa42fea-4fcd-4cfe-bfbd-c03ee2d7bb3f___FREC_C.Rust 0163_new30degFlipTB(1).jpg,2,cedar_apple_rust
plantvillage_leakfree/train/cedar_apple_rust/6fe0e179-4491-4257-a1d3-9cff9e9e2d27___FREC_C.Rust 0225(1).jpg,2,cedar_apple_rust
plantvillage_leakfree/train/cedar_apple_rust/6fe0e179-4491-4257-a1d3-9cff9e9e2d27___FREC_C.Rust 0225.jpg,2,cedar_apple_rust
plantvillage_leakfree/train/cedar_apple_rust/71c08a14-4875-40dc-b35c-8216951ffd8a___FREC_C.Rust 0195.jpg,2,cedar_apple_rust
plantvillage_leakfree/train/cedar_apple_rust/743ddf7b-a620-436d-b69b-125044a0d9fc___FREC_C.Rust 0037.jpg,2,cedar_apple_rust
plantvillage_leakfree/train/cedar_apple_rust/743ddf7b-a620-436d-b69b-125044a0d9fc___FREC_C.Rust 0037_new30degFlipTB(1).jpg,2,cedar_apple_rust
plantvillage_leakfree/train/cedar_apple_rust/743ddf7b-a620-436d-b69b-125044a0d9fc___FREC_C.Rust 0037_newPixel25(1).jpg,2,cedar_apple_rust
plantvillage_leakfree/train/cedar_apple_rust/763123be-8a12-4d7a-8fa5-deff863b70f9___FREC_C.Rust 3691(1).jpg,2,cedar_apple_rust
plantvillage_leakfree/train/cedar_apple_rust/763123be-8a12-4d7a-8fa5-deff863b70f9___FREC_C.Rust 3691_270deg(1).jpg,2,cedar_apple_rust
plantvillage_leakfree/train/cedar_apple_rust/763123be-8a12-4d7a-8fa5-deff863b70f9___FREC_C.Rust 3691_90deg(1).jpg,2,cedar_apple_rust
plantvillage_leakfree/train/cedar_apple_rust/763123be-8a12-4d7a-8fa5-deff863b70f9___FREC_C.Rust 3691_new30degFlipTB(1).jpg,2,cedar_apple_rust
plantvillage_leakfree/train/cedar_apple_rust/763123be-8a12-4d7a-8fa5-deff863b70f9___FREC_C.Rust 3691_newGRR(1).jpg,2,cedar_apple_rust
plantvillage_leakfree/train/cedar_apple_rust/77f413dd-06cd-4e01-92f9-fdb8d0320b68___FREC_C.Rust 0089.jpg,2,cedar_apple_rust
plantvillage_leakfree/train/cedar_apple_rust/77f413dd-06cd-4e01-92f9-fdb8d0320b68___FREC_C.Rust 0089_180deg(1).jpg,2,cedar_apple_rust
plantvillage_leakfree/train/cedar_apple_rust/7b2dd7f1-d16e-47b6-8750-cfaf315aad87___FREC_C.Rust 0109.jpg,2,cedar_apple_rust
plantvillage_leakfree/train/cedar_apple_rust/7ce07da8-973f-467f-98af-642a1ffbea04___FREC_C.Rust 4334.jpg,2,cedar_apple_rust
plantvillage_leakfree/train/cedar_apple_rust/7ce07da8-973f-467f-98af-642a1ffbea04___FREC_C.Rust 4334_newGRR(1).jpg,2,cedar_apple_rust
plantvillage_leakfree/train/cedar_apple_rust/7ce07da8-973f-467f-98af-642a1ffbea04___FREC_C.Rust 4334_newPixel25(1).jpg,2,cedar_apple_rust
plantvillage_leakfree/train/cedar_apple_rust/7d3aae9a-3fdd-4b83-b41f-7dd3e0400986___FREC_C.Rust 3616.jpg,2,cedar_apple_rust
plantvillage_leakfree/train/cedar_apple_rust/7d3aae9a-3fdd-4b83-b41f-7dd3e0400986___FREC_C.Rust 3616_180deg(1).jpg,2,cedar_apple_rust
plantvillage_leakfree/train/cedar_apple_rust/7d3aae9a-3fdd-4b83-b41f-7dd3e0400986___FREC_C.Rust 3616_90deg(1).jpg,2,cedar_apple_rust
plantvillage_leakfree/train/cedar_apple_rust/7d3aae9a-3fdd-4b83-b41f-7dd3e0400986___FREC_C.Rust 3616_new30degFlipTB(1).jpg,2,cedar_apple_rust
plantvillage_leakfree/train/cedar_apple_rust/7d3aae9a-3fdd-4b83-b41f-7dd3e0400986___FREC_C.Rust 3616_newGRR(1).jpg,2,cedar_apple_rust
plantvillage_leakfree/train/cedar_apple_rust/7ddc6bbf-42d1-4c84-b695-88077058656f___FREC_C.Rust 4079(1).jpg,2,cedar_apple_rust
plantvillage_leakfree/train/cedar_apple_rust/7ddc6bbf-42d1-4c84-b695-88077058656f___FREC_C.Rust 4079.jpg,2,cedar_apple_rust
plantvillage_leakfree/train/cedar_apple_rust/7ddc6bbf-42d1-4c84-b695-88077058656f___FREC_C.Rust 4079_90deg(1).jpg,2,cedar_apple_rust
plantvillage_leakfree/train/cedar_apple_rust/7e32ce27-bc89-4fca-9f49-c50de91210d1___FREC_C.Rust 4425.jpg,2,cedar_apple_rust
plantvillage_leakfree/train/cedar_apple_rust/7e6e24dd-b8e6-4668-b4ae-a2480441bb78___FREC_C.Rust 3627.jpg,2,cedar_apple_rust
plantvillage_leakfree/train/cedar_apple_rust/7e6e24dd-b8e6-4668-b4ae-a2480441bb78___FREC_C.Rust 3627_newGRR(1).jpg,2,cedar_apple_rust
plantvillage_leakfree/train/cedar_apple_rust/809c7104-6f46-4117-8c8c-6d5491b2178d___FREC_C.Rust 3839_270deg(1).jpg,2,cedar_apple_rust
plantvillage_leakfree/train/cedar_apple_rust/81049e31-d2ea-4372-9865-c7f1479a513a___FREC_C.Rust 3833.jpg,2,cedar_apple_rust
plantvillage_leakfree/train/cedar_apple_rust/811b2953-8508-4327-944e-8d999211790c___FREC_C.Rust 3891.jpg,2,cedar_apple_rust
plantvillage_leakfree/train/cedar_apple_rust/821d427b-7aff-475c-8d76-6c984e09463f___FREC_C.Rust 3760.jpg,2,cedar_apple_rust
plantvillage_leakfree/train/cedar_apple_rust/82ecdc54-ded2-4767-b865-c1df8ac85eaf___FREC_C.Rust 0128.jpg,2,cedar_apple_rust
plantvillage_leakfree/train/cedar_apple_rust/8306d4f0-6a4f-4f02-86ca-72b1a950f420___FREC_C.Rust 0175.jpg,2,cedar_apple_rust
plantvillage_leakfree/train/cedar_apple_rust/83a6031c-8219-4f22-8476-530c6bb1ee31___FREC_C.Rust 3765.jpg,2,cedar_apple_rust
plantvillage_leakfree/train/cedar_apple_rust/848e865c-bdbb-41eb-a4d1-90f1d49d1d74___FREC_C.Rust 0067.jpg,2,cedar_apple_rust
plantvillage_leakfree/train/cedar_apple_rust/859d4241-7bfc-4ac1-825d-f129ce1bf2fe___FREC_C.Rust 3731.jpg,2,cedar_apple_rust
plantvillage_leakfree/train/cedar_apple_rust/85b2d11e-4682-4699-9196-fba13b6232d5___FREC_C.Rust 3718.jpg,2,cedar_apple_rust
plantvillage_leakfree/train/cedar_apple_rust/85c546e8-0e5c-4d84-9ec8-3ebb53942b98___FREC_C.Rust 9847.jpg,2,cedar_apple_rust
plantvillage_leakfree/train/cedar_apple_rust/85f1b51d-ad5e-4ec2-a46b-2a9dade22e2a___FREC_C.Rust 9971.jpg,2,cedar_apple_rust
plantvillage_leakfree/train/cedar_apple_rust/8817af29-8b64-4fae-be6d-f05a2eed6b85___FREC_C.Rust 3695.jpg,2,cedar_apple_rust
plantvillage_leakfree/train/cedar_apple_rust/891545af-a393-4733-89a9-847a6da455ab___FREC_C.Rust 4182.jpg,2,cedar_apple_rust
plantvillage_leakfree/train/cedar_apple_rust/8c16e58c-0272-4c95-a53c-1984bd6bb83e___FREC_C.Rust 0059.jpg,2,cedar_apple_rust
plantvillage_leakfree/train/cedar_apple_rust/8e50e865-0621-442a-945d-f402f328151b___FREC_C.Rust 3699.jpg,2,cedar_apple_rust
plantvillage_leakfree/train/cedar_apple_rust/8fd46690-5e57-47f6-8d99-235d4738411f___FREC_C.Rust 0074.jpg,2,cedar_apple_rust
plantvillage_leakfree/train/cedar_apple_rust/90355db8-e997-4ab6-a1a3-14aca5e55395___FREC_C.Rust 9907.jpg,2,cedar_apple_rust
plantvillage_leakfree/train/cedar_apple_rust/90a124ff-56a1-46be-bac4-0bd424599cbc___FREC_C.Rust 4300.jpg,2,cedar_apple_rust
plantvillage_leakfree/train/cedar_apple_rust/90bff1e0-f71d-4963-93cb-8a9a16f49e74___FREC_C.Rust 9939.jpg,2,cedar_apple_rust
plantvillage_leakfree/train/cedar_apple_rust/915ea730-231d-408d-baea-d2554d47bfa9___FREC_C.Rust 9809.jpg,2,cedar_apple_rust
plantvillage_leakfree/train/cedar_apple_rust/91ba83a7-5138-4cec-9fe4-e8729484836b___FREC_C.Rust 0058.jpg,2,cedar_apple_rust
plantvillage_leakfree/train/cedar_apple_rust/92d7ce46-da77-4c87-a58b-81a44b0a9a58___FREC_C.Rust 4351.jpg,2,cedar_apple_rust
plantvillage_leakfree/train/cedar_apple_rust/9360a196-fc3f-495e-ab9b-1803bcd87921___FREC_C.Rust 3818.jpg,2,cedar_apple_rust
plantvillage_leakfree/train/cedar_apple_rust/949d3f98-9992-4f2d-8384-a74d3e9a4ae8___FREC_C.Rust 0197.jpg,2,cedar_apple_rust
plantvillage_leakfree/train/cedar_apple_rust/94d6b99f-2ac4-4a88-823f-3c607358d057___FREC_C.Rust 9826.jpg,2,cedar_apple_rust
plantvillage_leakfree/train/cedar_apple_rust/96a1d021-2c27-46a0-9891-41e449e4910e___FREC_C.Rust 3610.jpg,2,cedar_apple_rust
plantvillage_leakfree/train/cedar_apple_rust/98db1965-ab83-41ac-bd9b-a029d42a236c___FREC_C.Rust 9878.jpg,2,cedar_apple_rust
plantvillage_leakfree/train/cedar_apple_rust/99efb674-1e97-4f94-978a-a87c24dde48a___FREC_C.Rust 9995.jpg,2,cedar_apple_rust
plantvillage_leakfree/train/cedar_apple_rust/99efeabc-dafd-45ca-8111-91ec6aae3a7b___FREC_C.Rust 4089.jpg,2,cedar_apple_rust
plantvillage_leakfree/train/cedar_apple_rust/9ace7aaf-8950-43b5-bafb-2c63f8839c20___FREC_C.Rust 9867.jpg,2,cedar_apple_rust
plantvillage_leakfree/train/cedar_apple_rust/9b3023a6-f35a-46b4-be98-022eb2ac42e4___FREC_C.Rust 9801.jpg,2,cedar_apple_rust
plantvillage_leakfree/train/cedar_apple_rust/9bbb97c5-a05b-4853-a30e-3b3ec1917067___FREC_C.Rust 3674.jpg,2,cedar_apple_rust
plantvillage_leakfree/train/cedar_apple_rust/9e83b384-97cc-4b00-a283-cbed301e876a___FREC_C.Rust 4052.jpg,2,cedar_apple_rust
plantvillage_leakfree/train/cedar_apple_rust/9ebff92f-999c-49d0-9235-6c98aaa63bbd___FREC_C.Rust 4206.jpg,2,cedar_apple_rust
plantvillage_leakfree/train/cedar_apple_rust/9f7d070e-f51d-4b14-86e4-6f059ea4eca7___FREC_C.Rust 0210.jpg,2,cedar_apple_rust
plantvillage_leakfree/train/cedar_apple_rust/9f8d81c0-6a20-47df-b52a-46820078fd74___FREC_C.Rust 3626.jpg,2,cedar_apple_rust
plantvillage_leakfree/train/cedar_apple_rust/a0277f94-ece7-4f93-8b26-adea371f0a32___FREC_C.Rust 9917.jpg,2,cedar_apple_rust
plantvillage_leakfree/train/cedar_apple_rust/a39baf45-f09c-4b1f-a382-25c8f61f49c0___FREC_C.Rust 4123.jpg,2,cedar_apple_rust
plantvillage_leakfree/train/cedar_apple_rust/a3bfb6c7-1f1e-407a-a2cf-40b316896185___FREC_C.Rust 9819.jpg,2,cedar_apple_rust
plantvillage_leakfree/train/cedar_apple_rust/a5644e1f-cc61-4ecc-a642-a39cb32cf157___FREC_C.Rust 4450.jpg,2,cedar_apple_rust
plantvillage_leakfree/train/cedar_apple_rust/a6ff61c5-74e4-48a5-b3c4-f8a80d3a1eca___FREC_C.Rust 4327.jpg,2,cedar_apple_rust
plantvillage_leakfree/train/cedar_apple_rust/a7918302-395d-4bd8-854b-b2a335f1cc3f___FREC_C.Rust 4075.jpg,2,cedar_apple_rust
plantvillage_leakfree/train/cedar_apple_rust/a88eb7c4-930a-448e-923e-bef22327fe25___FREC_C.Rust 0044.jpg,2,cedar_apple_rust
plantvillage_leakfree/train/cedar_apple_rust/aa87fd23-a302-4e4e-80e7-18a261b17fd5___FREC_C.Rust 9989.jpg,2,cedar_apple_rust
plantvillage_leakfree/train/cedar_apple_rust/accd43fa-2496-47ad-a24b-81da9e5f82b7___FREC_C.Rust 3783.jpg,2,cedar_apple_rust
plantvillage_leakfree/train/cedar_apple_rust/ad8d7957-d361-44cd-ab49-f58e23870614___FREC_C.Rust 0110.jpg,2,cedar_apple_rust
plantvillage_leakfree/train/cedar_apple_rust/adc62175-3fb6-4273-81d2-818c75ba0ab1___FREC_C.Rust 0233.jpg,2,cedar_apple_rust
plantvillage_leakfree/train/cedar_apple_rust/af89cf7a-446b-4a39-b454-99a611c10ed2___FREC_C.Rust 3862.jpg,2,cedar_apple_rust
plantvillage_leakfree/train/cedar_apple_rust/affae282-693e-4078-b037-de7037ecdcdc___FREC_C.Rust 9909.jpg,2,cedar_apple_rust
plantvillage_leakfree/train/cedar_apple_rust/b2723e0b-7e61-48ae-b50e-0cee5d437cb3___FREC_C.Rust 3823.jpg,2,cedar_apple_rust
plantvillage_leakfree/train/cedar_apple_rust/b401cded-e2cb-4907-b475-5373142735d9___FREC_C.Rust 3766.jpg,2,cedar_apple_rust
plantvillage_leakfree/train/cedar_apple_rust/b5869aff-ad9c-4d28-8e57-c20e21d25c01___FREC_C.Rust 3561.jpg,2,cedar_apple_rust
plantvillage_leakfree/train/cedar_apple_rust/b5a75c29-c79a-4db0-8976-e33e48628ccb___FREC_C.Rust 9966.jpg,2,cedar_apple_rust
plantvillage_leakfree/train/cedar_apple_rust/b83383d6-f476-412f-b8b8-6965a795ef7b___FREC_C.Rust 3541.jpg,2,cedar_apple_rust
plantvillage_leakfree/train/cedar_apple_rust/b845075b-dbb8-4b69-bec2-36e99cee7f3c___FREC_C.Rust 4038.jpg,2,cedar_apple_rust
plantvillage_leakfree/train/cedar_apple_rust/b884b0a2-44bb-4bf5-b335-946b1757c822___FREC_C.Rust 3955.jpg,2,cedar_apple_rust
plantvillage_leakfree/train/cedar_apple_rust/bc863aa7-2cb6-44f1-b060-4cd78237d7a3___FREC_C.Rust 3566.jpg,2,cedar_apple_rust
plantvillage_leakfree/train/cedar_apple_rust/bd0ead39-9628-46b3-9feb-c3496af0ae8b___FREC_C.Rust 0015.jpg,2,cedar_apple_rust
plantvillage_leakfree/train/cedar_apple_rust/bee59bef-1155-40bd-97a3-8c600c33e6b5___FREC_C.Rust 0082.jpg,2,cedar_apple_rust
plantvillage_leakfree/train/cedar_apple_rust/c5912efe-a2cc-4203-bc9c-bdc58adcf6a3___FREC_C.Rust 9821.jpg,2,cedar_apple_rust
plantvillage_leakfree/train/cedar_apple_rust/c66745e3-7285-461a-959e-0f2f25b0e198___FREC_C.Rust 3746.jpg,2,cedar_apple_rust
plantvillage_leakfree/train/cedar_apple_rust/c8ef20c5-1117-4774-aeec-0f263f9f3b3c___FREC_C.Rust 3853.jpg,2,cedar_apple_rust
plantvillage_leakfree/train/cedar_apple_rust/cdb4821f-1d1b-4f61-982f-2057ca1b7ecb___FREC_C.Rust 4270.jpg,2,cedar_apple_rust
plantvillage_leakfree/train/cedar_apple_rust/cf570118-397c-434d-b158-d3539dd12786___FREC_C.Rust 0122.jpg,2,cedar_apple_rust
plantvillage_leakfree/train/cedar_apple_rust/cf65a122-3455-40dc-8ba0-f6f71c4b0782___FREC_C.Rust 3673.jpg,2,cedar_apple_rust
plantvillage_leakfree/train/cedar_apple_rust/d2465b2c-5b95-4557-b086-211e6e7a73d2___FREC_C.Rust 0045.jpg,2,cedar_apple_rust
plantvillage_leakfree/train/cedar_apple_rust/d3df6ac8-4b20-460a-ad91-68e50d49078c___FREC_C.Rust 3879.jpg,2,cedar_apple_rust
plantvillage_leakfree/train/cedar_apple_rust/d4165e95-f43c-41e5-a177-cc5ad823b5b0___FREC_C.Rust 3781.jpg,2,cedar_apple_rust
plantvillage_leakfree/train/cedar_apple_rust/d4547913-b1ce-4620-b078-dbf24ea71764___FREC_C.Rust 4197.jpg,2,cedar_apple_rust
plantvillage_leakfree/train/cedar_apple_rust/d523dfa0-a337-44db-a994-669ac6e0a87c___FREC_C.Rust 4006.jpg,2,cedar_apple_rust
plantvillage_leakfree/train/cedar_apple_rust/d5839d69-9c98-4ea7-811b-03b40e7fc991___FREC_C.Rust 3869.jpg,2,cedar_apple_rust
plantvillage_leakfree/train/cedar_apple_rust/d58e68d2-a041-445c-8639-7359edd4827c___FREC_C.Rust 3558.jpg,2,cedar_apple_rust
plantvillage_leakfree/train/cedar_apple_rust/d5d4f65c-aeca-4965-82d4-05d179dfa92e___FREC_C.Rust 4382.jpg,2,cedar_apple_rust
plantvillage_leakfree/train/cedar_apple_rust/d79cfdd6-fa8a-4a96-aa90-3c347bb9c800___FREC_C.Rust 4125.jpg,2,cedar_apple_rust
plantvillage_leakfree/train/cedar_apple_rust/d836e354-b8ec-4747-abb6-a92804c390b5___FREC_C.Rust 0023.jpg,2,cedar_apple_rust
plantvillage_leakfree/train/cedar_apple_rust/db3ca396-a1ed-416d-902e-9265335cf132___FREC_C.Rust 3711.jpg,2,cedar_apple_rust
plantvillage_leakfree/train/cedar_apple_rust/dc75b693-0cd6-4a48-b0a0-e442070df2cc___FREC_C.Rust 9951.jpg,2,cedar_apple_rust
plantvillage_leakfree/train/cedar_apple_rust/de0d25d1-eb08-4b9a-ac44-07d755d1fca0___FREC_C.Rust 9856.jpg,2,cedar_apple_rust
plantvillage_leakfree/train/cedar_apple_rust/dec47754-abfe-496b-a310-47d1fbb077ba___FREC_C.Rust 9910.jpg,2,cedar_apple_rust
plantvillage_leakfree/train/cedar_apple_rust/dee4cbf1-9bdd-451a-b1bb-21756fd981e9___FREC_C.Rust 3727.jpg,2,cedar_apple_rust
plantvillage_leakfree/train/cedar_apple_rust/e0d2045f-215f-4aeb-be90-0859ce7c49cc___FREC_C.Rust 3613.jpg,2,cedar_apple_rust
plantvillage_leakfree/train/cedar_apple_rust/e1140e29-f2c5-43ca-b69c-981f278d0b86___FREC_C.Rust 3569.jpg,2,cedar_apple_rust
plantvillage_leakfree/train/cedar_apple_rust/e21f859e-9fee-43ee-a1ca-722c55885ad2___FREC_C.Rust 3852.jpg,2,cedar_apple_rust
plantvillage_leakfree/train/cedar_apple_rust/e4b8b876-3bfa-4e82-bb17-92293b4b5be8___FREC_C.Rust 4170.jpg,2,cedar_apple_rust
plantvillage_leakfree/train/cedar_apple_rust/e5521dec-ea35-479d-93be-38743927db53___FREC_C.Rust 4356.jpg,2,cedar_apple_rust
plantvillage_leakfree/train/cedar_apple_rust/e733b839-3fac-4c4e-ac1c-38fa89c1e739___FREC_C.Rust 3546.jpg,2,cedar_apple_rust
plantvillage_leakfree/train/cedar_apple_rust/e908463e-59ee-4eac-b1c9-4a79850030bc___FREC_C.Rust 9980.jpg,2,cedar_apple_rust
plantvillage_leakfree/train/cedar_apple_rust/ea119d19-1b3a-4767-af1d-e8b148a3bb8d___FREC_C.Rust 3579.jpg,2,cedar_apple_rust
plantvillage_leakfree/train/cedar_apple_rust/eb94b818-0cd7-4233-8315-1138c258eb88___FREC_C.Rust 0164.jpg,2,cedar_apple_rust
plantvillage_leakfree/train/cedar_apple_rust/ec8120c7-f9b9-4831-a7b3-242a9c22a17a___FREC_C.Rust 3720.jpg,2,cedar_apple_rust
plantvillage_leakfree/train/cedar_apple_rust/edf726ff-0eff-46a5-90d3-23badf249c46___FREC_C.Rust 9972.jpg,2,cedar_apple_rust
plantvillage_leakfree/train/cedar_apple_rust/ee625c73-927a-4959-ac97-d98a753ae99c___FREC_C.Rust 9904.jpg,2,cedar_apple_rust
plantvillage_leakfree/train/cedar_apple_rust/ee7229ad-03bd-4ca3-9814-ace05f041b4c___FREC_C.Rust 0187.jpg,2,cedar_apple_rust
plantvillage_leakfree/train/cedar_apple_rust/f02732b5-5250-4c05-80cf-fa68e71fee69___FREC_C.Rust 0234.jpg,2,cedar_apple_rust
plantvillage_leakfree/train/cedar_apple_rust/f0d04e6e-18c3-4c74-a56c-609b5035f358___FREC_C.Rust 4231.jpg,2,cedar_apple_rust
plantvillage_leakfree/train/cedar_apple_rust/f167b41b-c294-47e4-aed9-9ff7923176a5___FREC_C.Rust 3969.jpg,2,cedar_apple_rust
plantvillage_leakfree/train/cedar_apple_rust/f416a057-5518-4df4-8c12-660cd636166c___FREC_C.Rust 4412.jpg,2,cedar_apple_rust
plantvillage_leakfree/train/cedar_apple_rust/f5a27cbb-be27-4416-b9ae-a811e885c131___FREC_C.Rust 3788.jpg,2,cedar_apple_rust
plantvillage_leakfree/train/cedar_apple_rust/f6af5eb5-6338-48a2-8b23-c7143b7f4a62___FREC_C.Rust 0016.jpg,2,cedar_apple_rust
plantvillage_leakfree/train/cedar_apple_rust/fa148283-75ee-4806-8282-63662a2e05c1___FREC_C.Rust 4416.jpg,2,cedar_apple_rust
plantvillage_leakfree/train/cedar_apple_rust/fcf12448-e50c-45a6-a70c-ea8a60ebb6ac___FREC_C.Rust 0204.jpg,2,cedar_apple_rust
plantvillage_leakfree/train/cedar_apple_rust/fcfc7057-7de6-466b-9f7e-9b767deaf266___FREC_C.Rust 3807.jpg,2,cedar_apple_rust
plantvillage_leakfree/train/cedar_apple_rust/fdaecc2c-c48c-447d-9cdc-5d52efdc979a___FREC_C.Rust 3858.jpg,2,cedar_apple_rust
plantvillage_leakfree/train/cedar_apple_rust/fe8e7208-9986-428c-abff-98da6ba8809a___FREC_C.Rust 4161.jpg,2,cedar_apple_rust
plantvillage_leakfree/train/cedar_apple_rust/fec27618-f75c-4a6e-b2e7-d290fcb5b9bd___FREC_C.Rust 3550.jpg,2,cedar_apple_rust
plantvillage_leakfree/train/cedar_apple_rust/ffd73dc5-8b5b-4d7b-b44d-640ae3489190___FREC_C.Rust 9944.jpg,2,cedar_apple_rust
plantvillage_leakfree/train/healthy/0055dd26-23a7-4415-ac61-e0b44ebfaf80___RS_HL 5672.jpg,3,healthy
plantvillage_leakfree/train/healthy/00907d8b-6ae6-4306-bfd7-d54471981a86___RS_HL 5709.jpg,3,healthy
plantvillage_leakfree/train/healthy/0098dbd9-286a-4d6a-bf4b-5459d66f88c0___RS_HL 5776.jpg,3,healthy
plantvillage_leakfree/train/healthy/00fca0da-2db3-481b-b98a-9b67bb7b105c___RS_HL 7708.jpg,3,healthy
plantvillage_leakfree/train/healthy/010125c0-e6f2-4f3d-b469-dd98ffecbb01___RS_HL 7948.jpg,3,healthy
plantvillage_leakfree/train/healthy/011d02f3-5c3c-4484-a384-b1a0a0dbdec1___RS_HL 7544.jpg,3,healthy
plantvillage_leakfree/train/healthy/013b7c70-5e3b-42b7-86af-167815a5b04f___RS_HL 7480.jpg,3,healthy
plantvillage_leakfree/train/healthy/017fd21b-142f-4988-849a-5fd316ea9a1b___RS_HL 6279.jpg,3,healthy
plantvillage_leakfree/train/healthy/0181db4e-718e-41bc-b6ed-92863471fa85___RS_HL 5941.jpg,3,healthy
plantvillage_leakfree/train/healthy/01b32971-5125-4982-98e2-22daa9ae864a___RS_HL 7977.jpg,3,healthy
plantvillage_leakfree/train/healthy/01efa999-757d-487e-8250-27c7854c0ca8___RS_HL 7515.jpg,3,healthy
plantvillage_leakfree/train/healthy/022b515d-41fd-448e-abac-e8722c32d864___RS_HL 8131.jpg,3,healthy
plantvillage_leakfree/train/healthy/023810b0-18e6-4352-9dfa-c2f4c034cda5___RS_HL 7538.jpg,3,healthy
plantvillage_leakfree/train/healthy/02720439-ecbd-4c7a-9382-4c8156b6f15b___RS_HL 5918.jpg,3,healthy
plantvillage_leakfree/train/healthy/02847045-4405-467c-9ccb-7ba2ab1d574c___RS_HL 5943.jpg,3,healthy
plantvillage_leakfree/train/healthy/02cd3257-a42f-4fbc-8056-a41d5aabfbc3___RS_HL 8029.jpg,3,healthy
plantvillage_leakfree/train/healthy/02d0257a-d21a-43a4-9348-472043df801e___RS_HL 6065.jpg,3,healthy
plantvillage_leakfree/train/healthy/02fe229e-2b2e-4e1e-b56f-3af97996bee6___RS_HL 8134.jpg,3,healthy
plantvillage_leakfree/train/healthy/03109942-bfa2-4728-b375-4f02a95957de___RS_HL 8066.jpg,3,healthy
plantvillage_leakfree/train/healthy/03152113-855b-4eab-8a4f-7d78d92240d0___RS_HL 5838.jpg,3,healthy
plantvillage_leakfree/train/healthy/036e9351-118e-4795-9f80-74c369b98c88___RS_HL 7513.jpg,3,healthy
plantvillage_leakfree/train/healthy/039d297c-374b-47cd-bed1-a94ac757eb8b___RS_HL 7612.jpg,3,healthy
plantvillage_leakfree/train/healthy/03aebf5c-6cca-40da-b61d-f3f83e1cbf9e___RS_HL 8080.jpg,3,healthy
plantvillage_leakfree/train/healthy/03cb0cf0-04cf-4549-a2b8-44ed75b2e56c___RS_HL 7460.jpg,3,healthy
plantvillage_leakfree/train/healthy/03d420e7-42a1-41d8-9600-16d577043c64___RS_HL 5738.jpg,3,healthy
plantvillage_leakfree/train/healthy/03d9267c-935a-487b-a27f-fa22f935b299___RS_HL 5671.jpg,3,healthy
plantvillage_leakfree/train/healthy/03f6a4b2-d08b-4f7f-8a8e-d132ff3eca8b___RS_HL 6226.jpg,3,healthy
plantvillage_leakfree/train/healthy/04032305-5ca9-4110-b517-461f13c95f18___RS_HL 7446.jpg,3,healthy
plantvillage_leakfree/train/healthy/04125537-801d-4e15-b66c-224b09b4e1a7___RS_HL 7457.jpg,3,healthy
plantvillage_leakfree/train/healthy/041482f6-6dd6-4ac9-9e59-e973c9bcaf6d___RS_HL 8155.jpg,3,healthy
plantvillage_leakfree/train/healthy/04467511-de12-439c-853f-ef4d99785541___RS_HL 7367.jpg,3,healthy
plantvillage_leakfree/train/healthy/044a96a2-d5ac-490b-8c57-2c1859cdf8f3___RS_HL 7991.jpg,3,healthy
plantvillage_leakfree/train/healthy/0460b7aa-4eb0-4c0b-80e5-055ced6684a3___RS_HL 6287.jpg,3,healthy
plantvillage_leakfree/train/healthy/04f426ce-8f6f-400a-94f9-c513255d2fa4___RS_HL 7823.jpg,3,healthy
plantvillage_leakfree/train/healthy/0576bbc4-37b3-413c-8a35-4138c2da69a7___RS_HL 8038.jpg,3,healthy
plantvillage_leakfree/train/healthy/0580ddaa-0221-4adc-8b64-8ce1842f5f07___RS_HL 6242.jpg,3,healthy
plantvillage_leakfree/train/healthy/05e20036-a134-46c0-a06f-3c5d4768d787___RS_HL 5856.jpg,3,healthy
plantvillage_leakfree/train/healthy/0692eda2-32c3-4f9a-b249-bb8112356999___RS_HL 6307.jpg,3,healthy
plantvillage_leakfree/train/healthy/06b0742a-6d5d-40c6-a02e-ecaa7e1279f0___RS_HL 7639.jpg,3,healthy
plantvillage_leakfree/train/healthy/0756094c-e815-4897-8b74-5ec4e4cc59b6___RS_HL 7956.jpg,3,healthy
plantvillage_leakfree/train/healthy/076255ae-2574-415a-b9db-feb739266656___RS_HL 7540.jpg,3,healthy
plantvillage_leakfree/train/healthy/0776a839-af75-4f70-81b5-2c8dbecc0c55___RS_HL 7851.jpg,3,healthy
plantvillage_leakfree/train/healthy/07778a5c-8037-425f-aa83-d10b1e1d5db4___RS_HL 7269.jpg,3,healthy
plantvillage_leakfree/train/healthy/0793dfa6-3728-409b-a5dc-7f3c07528dde___RS_HL 7379.jpg,3,healthy
plantvillage_leakfree/train/healthy/07942abf-8326-4742-bcba-52ddba093974___RS_HL 5731.jpg,3,healthy
plantvillage_leakfree/train/healthy/079543ef-5ba8-46ad-95de-7c006c7e7f36___RS_HL 7570.jpg,3,healthy
plantvillage_leakfree/train/healthy/0802be25-38cf-4c85-bc3b-31988cafadcd___RS_HL 8084.jpg,3,healthy
plantvillage_leakfree/train/healthy/0872ffc6-d9db-4ba7-a2bf-1fb0f537cafb___RS_HL 6129.jpg,3,healthy
plantvillage_leakfree/train/healthy/08aaa4e8-ed92-49d3-9ac3-1f6c59740017___RS_HL 7701.jpg,3,healthy
plantvillage_leakfree/train/healthy/08da0395-feee-4f66-b88b-2fa171d9521d___RS_HL 7779.jpg,3,healthy
plantvillage_leakfree/train/healthy/09074cd1-a3f0-4d64-97d9-16919451bd58___RS_HL 6258.jpg,3,healthy
plantvillage_leakfree/train/healthy/09293103-81bd-45ef-b3ce-d163441d6b18___RS_HL 7337.jpg,3,healthy
plantvillage_leakfree/train/healthy/09ad370f-ca6e-48fc-9b4b-990b0d9f6cd3___RS_HL 8135.jpg,3,healthy
plantvillage_leakfree/train/healthy/09b428ff-8046-4c05-9dc3-991b58e4a649___RS_HL 7731.jpg,3,healthy
plantvillage_leakfree/train/healthy/0a285c8b-1c31-48d4-89f2-af8b9edc36f6___RS_HL 5759.jpg,3,healthy
plantvillage_leakfree/train/healthy/0a553fc0-fc2c-4598-baba-3bc10191447c___RS_HL 5969.jpg,3,healthy
plantvillage_leakfree/train/healthy/0adc1c5b-8958-47c0-a152-f28078c214f1___RS_HL 7825.jpg,3,healthy
plantvillage_leakfree/train/healthy/0afaaf78-6ec5-49ee-a070-f6217039ed2d___RS_HL 7827.jpg,3,healthy
plantvillage_leakfree/train/healthy/0b6ec66f-fe63-4eef-8068-cf8ed0baf0de___RS_HL 7482.jpg,3,healthy
plantvillage_leakfree/train/healthy/0b91573d-d0f3-4e57-b7e5-e1924f537f0e___RS_HL 6216.jpg,3,healthy
plantvillage_leakfree/train/healthy/0bc2127e-99b9-44ea-bb2b-4e1b0b0f7624___RS_HL 7777.jpg,3,healthy
plantvillage_leakfree/train/healthy/0bff693d-bab0-4438-9dac-e4503e5e83bb___RS_HL 5741.jpg,3,healthy
plantvillage_leakfree/train/healthy/0c056dd8-2040-48cf-a9a8-53d8ae5662d0___RS_HL 7987.jpg,3,healthy
plantvillage_leakfree/train/healthy/0c30f1f2-9eed-4861-bf66-eceae1b0b625___RS_HL 7430.jpg,3,healthy
plantvillage_leakfree/train/healthy/0c55b379-c6e7-4b89-959f-abc506fed437___RS_HL 5927.jpg,3,healthy
plantvillage_leakfree/train/healthy/0ca762d0-3853-4018-896e-8f01e29cb144___RS_HL 7558.jpg,3,healthy
plantvillage_leakfree/train/healthy/0ce497e6-8184-4ef6-9a9f-c46b66c898c3___RS_HL 6036.jpg,3,healthy
plantvillage_leakfree/train/healthy/0d072074-0253-4a6b-a4cb-02f520c46942___RS_HL 5805.jpg,3,healthy
plantvillage_leakfree/train/healthy/0d776b17-9724-44b9-9186-c89fd17bcf16___RS_HL 8073.jpg,3,healthy
plantvillage_leakfree/train/healthy/0da8c59a-e54c-4408-ae3c-06d54608b20a___RS_HL 6236.jpg,3,healthy
plantvillage_leakfree/train/healthy/0e277198-95a0-4700-a7b0-f1881af2b1c0___RS_HL 7285.jpg,3,healthy
plantvillage_leakfree/train/healthy/0e3c0777-c214-4749-b8ae-4985274d2f9e___RS_HL 7984.jpg,3,healthy
plantvillage_leakfree/train/healthy/0e857e3d-34ff-4549-b8ef-4d699aacb178___RS_HL 7511.jpg,3,healthy
plantvillage_leakfree/train/healthy/0e8c4b90-36d4-4b8c-a134-88c344e97ac2___RS_HL 5721.jpg,3,healthy
plantvillage_leakfree/train/healthy/0e99efe9-d414-4091-b7b4-6ba6856db3d9___RS_HL 5841.jpg,3,healthy
plantvillage_leakfree/train/healthy/0e9d1f0c-19b3-4765-87cc-470413d16275___RS_HL 7637.jpg,3,healthy
plantvillage_leakfree/train/healthy/0eceac69-c7bf-4e9e-a249-7ae23dcf065f___RS_HL 5888.jpg,3,healthy
plantvillage_leakfree/train/healthy/0eeeccc7-f3fb-4b7a-90ec-750fbf10f7e6___RS_HL 6249.jpg,3,healthy
plantvillage_leakfree/train/healthy/0f5cb632-9b97-48ce-88d6-45bf321175ce___RS_HL 6088.jpg,3,healthy
plantvillage_leakfree/train/healthy/0f6184c4-18d9-42c5-93d7-e9c4abe85560___RS_HL 7286.jpg,3,healthy
plantvillage_leakfree/train/healthy/0fef497f-8fc7-45ee-ad1c-f4e9237fdaf4___RS_HL 7283.jpg,3,healthy
plantvillage_leakfree/train/healthy/1017bf7f-5a1e-459e-af55-c9a0f83f1b23___RS_HL 5868.jpg,3,healthy
plantvillage_leakfree/train/healthy/101c9dba-0628-40fd-a4af-cb7f4848d414___RS_HL 7358.jpg,3,healthy
plantvillage_leakfree/train/healthy/10f68987-caf7-4e29-aa26-b48e074212f4___RS_HL 6130.jpg,3,healthy
plantvillage_leakfree/train/healthy/10f75d05-fa3e-4b14-b3d8-093292c218e6___RS_HL 7873.jpg,3,healthy
plantvillage_leakfree/train/healthy/1116c1cc-48d8-4bb5-8349-099690ba0b0b___RS_HL 5980.jpg,3,healthy
plantvillage_leakfree/train/healthy/1141dcab-cf2a-40e4-8b19-a33aa318f875___RS_HL 5689.jpg,3,healthy
plantvillage_leakfree/train/healthy/115ce7f7-f1b1-4f24-a96f-07107c9e703c___RS_HL 5791.jpg,3,healthy
plantvillage_leakfree/train/healthy/11749aa9-4b07-4cd8-8605-356de6d4cc68___RS_HL 7684.jpg,3,healthy
plantvillage_leakfree/train/healthy/118160af-d2a3-48ef-8134-cf72f0588cfe___RS_HL 7456.jpg,3,healthy
plantvillage_leakfree/train/healthy/11bc4ba3-5d5e-4b1e-a5e3-27122256864a___RS_HL 7371.jpg,3,healthy
plantvillage_leakfree/train/healthy/11c35e07-255e-42cf-b8e9-4533c35ce2c6___RS_HL 7500.jpg,3,healthy
plantvillage_leakfree/train/healthy/122d2ed7-efb5-4a82-a6f0-74e9524e83ff___RS_HL 5702.jpg,3,healthy
plantvillage_leakfree/train/healthy/123de292-f902-404e-bfc9-3f248342f418___RS_HL 7542.jpg,3,healthy
plantvillage_leakfree/train/healthy/129abcae-51bd-43d9-9f30-c4e07523186a___RS_HL 7769.jpg,3,healthy
plantvillage_leakfree/train/healthy/12f455c2-a44e-4069-a8fb-b7bec17d23c1___RS_HL 5895.jpg,3,healthy
plantvillage_leakfree/train/healthy/13227870-bd81-48a1-97a0-8c5bcecef8f7___RS_HL 7452.jpg,3,healthy
plantvillage_leakfree/train/healthy/13298d36-4425-437d-ae8e-c7d70e200084___RS_HL 6271.jpg,3,healthy
plantvillage_leakfree/train/healthy/13575fc3-1674-4511-a124-2ed065f00cda___RS_HL 7351.jpg,3,healthy
plantvillage_leakfree/train/healthy/13866bf5-0193-41b4-8e26-cb09d35e8697___RS_HL 5945.jpg,3,healthy
plantvillage_leakfree/train/healthy/1398b04d-e259-418b-a5db-d4b20b7a3380___RS_HL 7536.jpg,3,healthy
plantvillage_leakfree/train/healthy/139cb003-2cc1-43ce-bbdf-29767f9e2ce0___RS_HL 7386.jpg,3,healthy
plantvillage_leakfree/train/healthy/139ff5a7-102b-4434-b540-eb6930e6d968___RS_HL 7910.jpg,3,healthy
plantvillage_leakfree/train/healthy/13a06d54-2bd9-4bd0-a260-1c193ac4caa8___RS_HL 6293.jpg,3,healthy
plantvillage_leakfree/train/healthy/13bbfa7e-e864-414e-a16b-cb08688604ae___RS_HL 6190.jpg,3,healthy
plantvillage_leakfree/train/healthy/13c8382b-ca6c-45f5-a6d0-acd67fb28651___RS_HL 7284.jpg,3,healthy
plantvillage_leakfree/train/healthy/13dba956-2c74-400e-a2ac-b06baeee5e38___RS_HL 7571.jpg,3,healthy
plantvillage_leakfree/train/healthy/13ee12c2-f465-4e44-a81f-36695ded6955___RS_HL 7897.jpg,3,healthy
plantvillage_leakfree/train/healthy/1477ac33-4284-4db3-9a91-dbd61e6183e3___RS_HL 8059.jpg,3,healthy
plantvillage_leakfree/train/healthy/14828181-53d0-4dfb-92b1-d7a52602f3cb___RS_HL 7517.jpg,3,healthy
plantvillage_leakfree/train/healthy/14896dc0-688d-456f-b5ec-a037695b0193___RS_HL 6268.jpg,3,healthy
plantvillage_leakfree/train/healthy/1490daeb-9cfb-4456-bb27-dd836f9e07a6___RS_HL 5959.jpg,3,healthy
plantvillage_leakfree/train/healthy/1497c20f-448a-48e2-9cf0-b4fc8cfa848a___RS_HL 6292.jpg,3,healthy
plantvillage_leakfree/train/healthy/14a71f70-0cd9-416c-88c9-5a76e0473e07___RS_HL 7884.jpg,3,healthy
plantvillage_leakfree/train/healthy/14e92721-00a0-4696-9392-d3f633082454___RS_HL 5654.jpg,3,healthy
plantvillage_leakfree/train/healthy/153e84e2-1849-4cf6-96b7-a1507376d496___RS_HL 8198.jpg,3,healthy
plantvillage_leakfree/train/healthy/153ee5ec-b8c2-4dd1-9387-cb0e796f301b___RS_HL 7563.jpg,3,healthy
plantvillage_leakfree/train/healthy/1598eb2e-21c6-4fda-9080-945551c7f2ee___RS_HL 7501.jpg,3,healthy
plantvillage_leakfree/train/healthy/15a995e0-2e4a-486b-8509-db35d944ce6d___RS_HL 8086.jpg,3,healthy
plantvillage_leakfree/train/healthy/15b10e4e-2d9b-463e-85c0-d66ba29c5b49___RS_HL 7506.jpg,3,healthy
plantvillage_leakfree/train/healthy/15bacfc9-1875-48b3-9b91-8b60f030d7ca___RS_HL 7240.jpg,3,healthy
plantvillage_leakfree/train/healthy/1617e81b-190b-41e8-b258-cf432f65b7ab___RS_HL 6058.jpg,3,healthy
plantvillage_leakfree/train/healthy/1630633a-63cb-433f-96bc-bc47a933506c___RS_HL 5718.jpg,3,healthy
plantvillage_leakfree/train/healthy/16590622-481b-4f63-ac18-7f590f6af49a___RS_HL 7846.jpg,3,healthy
plantvillage_leakfree/train/healthy/167f191e-491b-471a-8dc7-ba76315fef0a___RS_HL 7279.jpg,3,healthy
plantvillage_leakfree/train/healthy/167f64e6-c4c5-423b-8506-9b8210d5fd75___RS_HL 7926.jpg,3,healthy
plantvillage_leakfree/train/healthy/16b2b778-a864-496e-b292-3e9b4029902b___RS_HL 6178.jpg,3,healthy
plantvillage_leakfree/train/healthy/177ee310-d918-4756-ab59-f6f5a1b9e446___RS_HL 7740.jpg,3,healthy
plantvillage_leakfree/train/healthy/179ad6a1-385b-42a2-8232-538664869673___RS_HL 5771.jpg,3,healthy
plantvillage_leakfree/train/healthy/18873cb4-cf30-414d-9ffd-c965879d84b1___RS_HL 6239.jpg,3,healthy
plantvillage_leakfree/train/healthy/19331cca-70bd-47e9-8e0e-2b3ea81f2d1c___RS_HL 5655.jpg,3,healthy
plantvillage_leakfree/train/healthy/194c4f91-31be-425f-8ac9-698202cf507d___RS_HL 7470.jpg,3,healthy
plantvillage_leakfree/train/healthy/1a1937a5-c204-4bde-8f70-58b619125c88___RS_HL 7722.jpg,3,healthy
plantvillage_leakfree/train/healthy/1a219a0d-defa-4ed1-8878-e3f6aeac847b___RS_HL 6046.jpg,3,healthy
plantvillage_leakfree/train/healthy/1a593b62-fe23-462c-bf68-50f53f357609___RS_HL 6322.jpg,3,healthy
plantvillage_leakfree/train/healthy/1aa82164-61f2-4baf-b99d-41f18f6e98cc___RS_HL 8087.jpg,3,healthy
plantvillage_leakfree/train/healthy/1b22388a-cf05-4795-892f-a5b6f35304d5___RS_HL 8141.jpg,3,healthy
plantvillage_leakfree/train/healthy/1b7e4b68-0062-410d-a57f-48177145dfb6___RS_HL 7734.jpg,3,healthy
plantvillage_leakfree/train/healthy/1b9f5fe1-6d06-4ff6-a35d-3155f623e4fb___RS_HL 6228.jpg,3,healthy
plantvillage_leakfree/train/healthy/1c116208-4ef8-4b42-ba20-92c3b9ca957c___RS_HL 5885.jpg,3,healthy
plantvillage_leakfree/train/healthy/1c2b0674-384b-4cad-8704-80781a89d78a___RS_HL 5848.jpg,3,healthy
plantvillage_leakfree/train/healthy/1c45cf6f-2e2e-4091-9bc9-24463f9fcf90___RS_HL 5733.jpg,3,healthy
plantvillage_leakfree/train/healthy/1c807ca4-b6f5-4123-8d3b-cd44238df38d___RS_HL 6140.jpg,3,healthy
plantvillage_leakfree/train/healthy/1c85fc77-1843-4a85-8f21-107385d5873c___RS_HL 7272.jpg,3,healthy
plantvillage_leakfree/train/healthy/1cb890ab-c267-467f-abbc-be9023cb55ff___RS_HL 5667.jpg,3,healthy
plantvillage_leakfree/train/healthy/1ceda3e6-3df1-4a82-a5f5-6c62dbd8ccc3___RS_HL 8072.jpg,3,healthy
plantvillage_leakfree/train/healthy/1cf4ad6b-8c00-42de-aff0-ee2662c54df1___RS_HL 7462.jpg,3,healthy
plantvillage_leakfree/train/healthy/1d4ea234-bb1b-44ec-9114-d1ea9abece5c___RS_HL 8002.jpg,3,healthy
plantvillage_leakfree/train/healthy/1d68db41-8cec-49d7-b702-d16e36348f6e___RS_HL 6300.jpg,3,healthy
plantvillage_leakfree/train/healthy/1d74fb02-045f-4919-b360-46e51ee33e82___RS_HL 6086.jpg,3,healthy
plantvillage_leakfree/train/healthy/1d98a80e-f33b-44e5-99de-89fb990211f5___RS_HL 7834.jpg,3,healthy
plantvillage_leakfree/train/healthy/1db9945a-de31-4e5f-9f95-2888c6330057___RS_HL 7901.jpg,3,healthy
plantvillage_leakfree/train/healthy/1dbfc9d3-f568-4e19-a83c-8fa408cfea3a___RS_HL 5909.jpg,3,healthy
plantvillage_leakfree/train/healthy/1e59b25e-551a-4343-a551-cd03abdb5cac___RS_HL 7376.jpg,3,healthy
plantvillage_leakfree/train/healthy/1ec5d93e-76ab-44cf-a53e-ef3f741a095a___RS_HL 7504.jpg,3,healthy
plantvillage_leakfree/train/healthy/1ee2a8ac-77e7-4799-bff1-be48e8aa9ae5___RS_HL 7303.jpg,3,healthy
plantvillage_leakfree/train/healthy/1f2a82f5-af63-46b8-9c18-d8b9567db343___RS_HL 7849.jpg,3,healthy
plantvillage_leakfree/train/healthy/1f2d1c4b-78cd-418a-b0c3-2565b530fe5b___RS_HL 7572.jpg,3,healthy
plantvillage_leakfree/train/healthy/1f2ffb52-a697-43fc-a0d0-609d30e33bfe___RS_HL 6010.jpg,3,healthy
plantvillage_leakfree/train/healthy/1fae0947-05ec-4487-a8d4-5ce3c860a21f___RS_HL 7962.jpg,3,healthy
plantvillage_leakfree/train/healthy/1fdc99ae-fbc7-480f-9cde-e80b54744c0d___RS_HL 7972.jpg,3,healthy
plantvillage_leakfree/train/healthy/1ff38f29-401d-4ec7-a99a-c4d3ccf42efc___RS_HL 7498.jpg,3,healthy
plantvillage_leakfree/train/healthy/20102c8b-dde0-47d2-8035-7ceeb42f1961___RS_HL 6207.jpg,3,healthy
plantvillage_leakfree/train/healthy/201de0e4-a74d-4dff-9b5b-e997d36e63d7___RS_HL 7569.jpg,3,healthy
plantvillage_leakfree/train/healthy/2056f48c-137e-4a96-b26d-1c6dae33ee47___RS_HL 7567.jpg,3,healthy
plantvillage_leakfree/train/healthy/2074d81b-88ad-40f7-9e7a-cd24c2435ea9___RS_HL 5804.jpg,3,healthy
plantvillage_leakfree/train/healthy/2076cebe-cecb-463f-9a0a-a20c4e53e5f3___RS_HL 5900.jpg,3,healthy
plantvillage_leakfree/train/healthy/20828c75-15bc-4c31-a3ef-4ee3bfb7081b___RS_HL 8065.jpg,3,healthy
plantvillage_leakfree/train/healthy/20c2fcd9-0df2-4a18-a976-5a4f2e3f22aa___RS_HL 7882.jpg,3,healthy
plantvillage_leakfree/train/healthy/20d16569-6237-4038-b6a9-2b2e5375beea___RS_HL 6042.jpg,3,healthy
plantvillage_leakfree/train/healthy/21b1f887-6f78-4da8-b676-d9e53cb8b24d___RS_HL 6012.jpg,3,healthy
plantvillage_leakfree/train/healthy/21c10a73-ebeb-4a16-898b-8b39d9d6eca2___RS_HL 6315.jpg,3,healthy
plantvillage_leakfree/train/healthy/21c42956-0894-43bf-a1b8-787ef33594c2___RS_HL 7686.jpg,3,healthy
plantvillage_leakfree/train/healthy/22289256-19f2-49b7-a1b6-f1210557543b___RS_HL 7985.jpg,3,healthy
plantvillage_leakfree/train/healthy/223dbe3b-9f96-473b-a6a6-ea354777ae1f___RS_HL 8040.jpg,3,healthy
plantvillage_leakfree/train/healthy/2255256e-1e76-4c19-8d32-f168ac6eeaa2___RS_HL 5784.jpg,3,healthy
plantvillage_leakfree/train/healthy/2260f331-0610-4dd8-9d8e-270115aba39b___RS_HL 6033.jpg,3,healthy
plantvillage_leakfree/train/healthy/2270f63e-fbad-41fd-95a4-4700006191f7___RS_HL 8000.jpg,3,healthy
plantvillage_leakfree/train/healthy/228c3cfc-c511-4f1d-80ef-eb6a9e89cc0b___RS_HL 7383.jpg,3,healthy
plantvillage_leakfree/train/healthy/229d89f1-b2ac-4427-b7e7-47139f62b73d___RS_HL 7341.jpg,3,healthy
plantvillage_leakfree/train/healthy/22ccba73-f485-4c4d-a6a8-faaaa7c90e1f___RS_HL 7824.jpg,3,healthy
plantvillage_leakfree/train/healthy/22e6ab6c-375c-475f-8888-3d2f6d939111___RS_HL 7625.jpg,3,healthy
plantvillage_leakfree/train/healthy/2301f2bb-7972-4fb8-8be6-246ce55ca3b6___RS_HL 6100.jpg,3,healthy
plantvillage_leakfree/train/healthy/230a4c38-8e59-4c1d-bda8-ee3401e6507b___RS_HL 7945.jpg,3,healthy
plantvillage_leakfree/train/healthy/2331c0e7-475e-4304-8f4e-d98f80778a08___RS_HL 8043.jpg,3,healthy
plantvillage_leakfree/train/healthy/2345cf40-76a9-4bb3-9e7c-8d185dd41905___RS_HL 8123.jpg,3,healthy
plantvillage_leakfree/train/healthy/23484fef-f518-486c-8469-c33469e4ac11___RS_HL 6117.jpg,3,healthy
plantvillage_leakfree/train/healthy/234fbf88-be8a-4b45-a93d-493b6e83215c___RS_HL 8182.jpg,3,healthy
plantvillage_leakfree/train/healthy/2363daeb-88d5-43f3-925b-be7360c10394___RS_HL 5828.jpg,3,healthy
plantvillage_leakfree/train/healthy/2381a136-3832-4e59-a7d6-9fe4702ef0a0___RS_HL 7580.jpg,3,healthy
plantvillage_leakfree/train/healthy/238ba7d8-807f-4af5-8524-5259b80cff9e___RS_HL 8119.jpg,3,healthy
plantvillage_leakfree/train/healthy/23a11b8b-6812-481e-9258-e07cc24fdad4___RS_HL 5898.jpg,3,healthy
plantvillage_leakfree/train/healthy/23a80c76-8642-4e07-b157-b73eff76c44e___RS_HL 5906.jpg,3,healthy
plantvillage_leakfree/train/healthy/23ea1618-d554-47fb-bc03-a1b978f14fbf___RS_HL 6008.jpg,3,healthy
plantvillage_leakfree/train/healthy/2408e9ef-1a03-44f4-9432-e24113c409e3___RS_HL 7556.jpg,3,healthy
plantvillage_leakfree/train/healthy/24adc938-da71-4d2a-9c7e-f2dc3a73c908___RS_HL 7307.jpg,3,healthy
plantvillage_leakfree/train/healthy/24cddc8a-d7e6-4ebf-9771-b3844913f02e___RS_HL 5966.jpg,3,healthy
plantvillage_leakfree/train/healthy/2514a94f-5f1b-4792-92e7-63b6a552225a___RS_HL 8186.jpg,3,healthy
plantvillage_leakfree/train/healthy/2551a3b8-b5dd-4716-88e6-517a012a44f1___RS_HL 7551.jpg,3,healthy
plantvillage_leakfree/train/healthy/25aa6094-5f2e-4551-9349-a3fe0edd3b92___RS_HL 7296.jpg,3,healthy
plantvillage_leakfree/train/healthy/263c9e0a-4cba-451c-98bf-77ce71af1b82___RS_HL 6237.jpg,3,healthy
plantvillage_leakfree/train/healthy/264deb35-dd16-459c-bbd5-4991f6b21be3___RS_HL 5842.jpg,3,healthy
plantvillage_leakfree/train/healthy/2693000f-ad26-46ae-9d5f-3fb67de2b86c___RS_HL 8206.jpg,3,healthy
plantvillage_leakfree/train/healthy/26e85922-aaf1-4cc6-8bdb-2fb0222a4b8c___RS_HL 7624.jpg,3,healthy
plantvillage_leakfree/train/healthy/26f830c1-f86f-438b-9045-3531ef02ea9c___RS_HL 8122.jpg,3,healthy
plantvillage_leakfree/train/healthy/270ca100-e754-4ed1-9fe8-0d3270cba958___RS_HL 5660.jpg,3,healthy
plantvillage_leakfree/train/healthy/2710a9e1-5834-4606-9e2c-477c0415882e___RS_HL 7564.jpg,3,healthy
plantvillage_leakfree/train/healthy/2735c32b-b407-4714-b190-2b35d8e9a61f___RS_HL 8104.jpg,3,healthy
plantvillage_leakfree/train/healthy/2768d40f-209f-4f71-a90a-a5f748fe299a___RS_HL 5938.jpg,3,healthy
plantvillage_leakfree/train/healthy/278e3aec-395c-457a-8fd0-ddf0ad8f3056___RS_HL 7377.jpg,3,healthy
plantvillage_leakfree/train/healthy/27af3831-cc86-4c30-96a5-98d5a2375fcd___RS_HL 8183.jpg,3,healthy
plantvillage_leakfree/train/healthy/27b057d7-929a-436f-905d-fd8339bf1bca___RS_HL 7366.jpg,3,healthy
plantvillage_leakfree/train/healthy/281380c3-d61a-442c-8e1a-a8058645ff01___RS_HL 7350.jpg,3,healthy
plantvillage_leakfree/train/healthy/2836a80f-2aa7-46b1-8d64-0cf10037eb67___RS_HL 7268.jpg,3,healthy
plantvillage_leakfree/train/healthy/288e87b5-654d-434e-a5bc-3f8adaff8cc5___RS_HL 5714.jpg,3,healthy
plantvillage_leakfree/train/healthy/28b993ef-31f6-42a9-b39b-933a18c0b532___RS_HL 7798.jpg,3,healthy
plantvillage_leakfree/train/healthy/28c298e3-0846-4372-a9ab-562f2ce7cf9d___RS_HL 5846.jpg,3,healthy
plantvillage_leakfree/train/healthy/291f66c2-6044-4485-861a-8fa3aa625ddd___RS_HL 7520.jpg,3,healthy
plantvillage_leakfree/train/healthy/29745ef7-133c-4f61-a5bd-592790f81a32___RS_HL 6326.jpg,3,healthy
plantvillage_leakfree/train/healthy/298c8daf-43cc-4f65-b2db-65623425e5f8___RS_HL 6103.jpg,3,healthy
plantvillage_leakfree/train/healthy/2a485bb5-c59f-4af0-837a-063b60e0c3c8___RS_HL 6025.jpg,3,healthy
plantvillage_leakfree/train/healthy/2a73c206-19c5-4f7c-80da-1bdf62354562___RS_HL 6082.jpg,3,healthy
plantvillage_leakfree/train/healthy/2ab9dfe3-b810-428c-843c-e257a25c4447___RS_HL 7576.jpg,3,healthy
plantvillage_leakfree/train/healthy/2abb295b-31c5-4e5f-b5c7-94ca57e94305___RS_HL 6277.jpg,3,healthy
plantvillage_leakfree/train/healthy/2b044129-3011-4709-8947-18c1a3bf014d___RS_HL 7919.jpg,3,healthy
plantvillage_leakfree/train/healthy/2b0d21b2-2320-4cb4-8d40-4684f0c91e55___RS_HL 7505.jpg,3,healthy
plantvillage_leakfree/train/healthy/2b21526f-9ab0-444b-829a-fa97cd727733___RS_HL 7844.jpg,3,healthy
plantvillage_leakfree/train/healthy/2b3fa6ff-a37a-497e-b122-5b29ae419bec___RS_HL 5979.jpg,3,healthy
plantvillage_leakfree/train/healthy/2b48ce1f-c273-4c10-a7b9-2528944097b4___RS_HL 7787.jpg,3,healthy
plantvillage_leakfree/train/healthy/2b76f048-cc2d-4e91-9652-ca3608dd0481___RS_HL 6201.jpg,3,healthy
plantvillage_leakfree/train/healthy/2bbd0a49-9a1c-473b-bdf3-51f154db463e___RS_HL 6081.jpg,3,healthy
plantvillage_leakfree/train/healthy/2c7fe12b-945d-4828-a327-fc17eb0c4afc___RS_HL 5942.jpg,3,healthy
plantvillage_leakfree/train/healthy/2cad835a-1b47-4cad-b08e-acfd29cf5883___RS_HL 7647.jpg,3,healthy
plantvillage_leakfree/train/healthy/2d1542c5-6771-4433-a912-313e77945d85___RS_HL 5683.jpg,3,healthy
plantvillage_leakfree/train/healthy/2d6efa59-1d5a-4f92-8879-2fdfa163d404___RS_HL 6157.jpg,3,healthy
plantvillage_leakfree/train/healthy/2d7f4c07-f4f4-4589-aa82-49e05e5b253b___RS_HL 8056.jpg,3,healthy
plantvillage_leakfree/train/healthy/2e403d36-e4f2-4323-a78c-5a7330f1083c___RS_HL 7857.jpg,3,healthy
plantvillage_leakfree/train/healthy/2e6c2a31-e580-49ad-aa9e-31c11f0ff4b3___RS_HL 8137.jpg,3,healthy
plantvillage_leakfree/train/healthy/2e7471ae-fd24-4038-9caf-98f4cf2a6946___RS_HL 7437.jpg,3,healthy
plantvillage_leakfree/train/healthy/2f2f3662-f870-4b42-b00a-cf098b974d85___RS_HL 8140.jpg,3,healthy
plantvillage_leakfree/train/healthy/2fae96ef-fe0f-4004-bbb7-259c62cde5c3___RS_HL 7953.jpg,3,healthy
plantvillage_leakfree/train/healthy/303603ae-edae-45ba-914d-ab522db7089b___RS_HL 7400.jpg,3,healthy
plantvillage_leakfree/train/healthy/30fb7843-8e70-407e-b361-aa54a7473c32___RS_HL 6143.jpg,3,healthy
plantvillage_leakfree/train/healthy/30fb851f-052b-4b63-bc29-6d824a764fd5___RS_HL 5916.jpg,3,healthy
plantvillage_leakfree/train/healthy/3100088b-5df1-43b2-a1d9-8ff1d414b67b___RS_HL 5834.jpg,3,healthy
plantvillage_leakfree/train/healthy/32d7538b-1c41-49c4-a67e-4ef228aaa438___RS_HL 7529.jpg,3,healthy
plantvillage_leakfree/train/healthy/32da947b-7d05-459b-a5dc-b4481bb09f48___RS_HL 7450.jpg,3,healthy
plantvillage_leakfree/train/healthy/33426aa7-70c4-4cf0-b275-1a4c3e782a92___RS_HL 7600.jpg,3,healthy
plantvillage_leakfree/train/healthy/336c4870-9f2f-4cdc-ba05-f9d27271ef07___RS_HL 7670.jpg,3,healthy
plantvillage_leakfree/train/healthy/33f6e93f-9275-445e-a795-e1ef9c20db7b___RS_HL 8051.jpg,3,healthy
plantvillage_leakfree/train/healthy/34881ed6-417b-41a6-9f03-1b9be5f09bb6___RS_HL 7463.jpg,3,healthy
plantvillage_leakfree/train/healthy/349251ed-2e99-4af9-b432-2a63202a0985___RS_HL 6120.jpg,3,healthy
plantvillage_leakfree/train/healthy/34960f92-a973-4d36-b388-f63b339b86bc___RS_HL 6167.jpg,3,healthy
plantvillage_leakfree/train/healthy/34a96778-25fe-4e97-910e-56b39fc2bdd6___RS_HL 6263.jpg,3,healthy
plantvillage_leakfree/train/healthy/34b8de2a-d30e-4e52-8269-d65cc4e444f6___RS_HL 7717.jpg,3,healthy
plantvillage_leakfree/train/healthy/34edd324-8b91-417c-bb4c-3bf0dbe348d2___RS_HL 7698.jpg,3,healthy
plantvillage_leakfree/train/healthy/350182de-38b1-43bf-b189-1fec53a7f499___RS_HL 7867.jpg,3,healthy
plantvillage_leakfree/train/healthy/3561a457-ec26-442a-925a-cdbe7f37a430___RS_HL 5786.jpg,3,healthy
plantvillage_leakfree/train/healthy/36321868-bd15-45bc-94f7-b86603f7460d___RS_HL 5772.jpg,3,healthy
plantvillage_leakfree/train/healthy/3643fe1d-9523-47cf-9952-7e2ecb027338___RS_HL 5704.jpg,3,healthy
plantvillage_leakfree/train/healthy/367d7a43-f910-4714-918f-f4b9ffde5a91___RS_HL 7692.jpg,3,healthy
plantvillage_leakfree/train/healthy/36980863-22cb-4e05-a1f6-53039a89993a___RS_HL 5934.jpg,3,healthy
plantvillage_leakfree/train/healthy/36ab2af7-aff6-4578-99ef-4cf5b6527a9c___RS_HL 7689.jpg,3,healthy
plantvillage_leakfree/train/healthy/36b2cda3-5c11-45e2-962e-d9d9ba5a4896___RS_HL 7711.jpg,3,healthy
plantvillage_leakfree/train/healthy/36c00bef-25c2-48ae-9505-41827bcd83d8___RS_HL 6085.jpg,3,healthy
plantvillage_leakfree/train/healthy/36cc892a-a8de-4547-939d-6dcaf2a8f179___RS_HL 7553.jpg,3,healthy
plantvillage_leakfree/train/healthy/37581d20-bd40-4aca-81ae-00d83473d578___RS_HL 8091.jpg,3,healthy
plantvillage_leakfree/train/healthy/375f1e44-235c-4ef0-a156-077b71abeed3___RS_HL 8162.jpg,3,healthy
plantvillage_leakfree/train/healthy/37715958-a2d4-41d6-9672-9cafd0f1c146___RS_HL 7502.jpg,3,healthy
plantvillage_leakfree/train/healthy/37b1cd89-582a-40ce-b2ec-6a635e1fea17___RS_HL 6151.jpg,3,healthy
plantvillage_leakfree/train/healthy/37fcfaf7-88f4-4735-99a2-8df576e0f248___RS_HL 8108.jpg,3,healthy
plantvillage_leakfree/train/healthy/3817a269-0274-4a5c-b851-46e91b10788f___RS_HL 5720.jpg,3,healthy
plantvillage_leakfree/train/healthy/381f3abb-208f-4f52-b7a2-57e35f31c373___RS_HL 5680.jpg,3,healthy
plantvillage_leakfree/train/healthy/38292be8-d182-458a-adcd-343435c343ec___RS_HL 5801.jpg,3,healthy
plantvillage_leakfree/train/healthy/3829531e-aa99-481f-ab73-23690ea06417___RS_HL 8144.jpg,3,healthy
plantvillage_leakfree/train/healthy/38394f24-6b80-4231-b2c4-850325c0718d___RS_HL 7968.jpg,3,healthy
plantvillage_leakfree/train/healthy/386af887-8be7-4b99-9ef1-ee0eb5ba7d87___RS_HL 6030.jpg,3,healthy
plantvillage_leakfree/train/healthy/38c039b6-23f0-4fc2-a0df-e5ec3f523a09___RS_HL 5887.jpg,3,healthy
plantvillage_leakfree/train/healthy/3969a6d5-f626-4a6a-bc72-3d38d1cff967___RS_HL 6092.jpg,3,healthy
plantvillage_leakfree/train/healthy/39bd8139-dfe4-45ec-8bf9-d9cabbdd1ea8___RS_HL 5659.jpg,3,healthy
plantvillage_leakfree/train/healthy/39be15a0-4c7f-4a8e-9938-829bec85fd1c___RS_HL 6209.jpg,3,healthy
plantvillage_leakfree/train/healthy/3a1ca70b-00f0-4a0b-a973-8db1da714e6c___RS_HL 7759.jpg,3,healthy
plantvillage_leakfree/train/healthy/3a544ee5-490e-4a41-b03b-cf1700362448___RS_HL 6200.jpg,3,healthy
plantvillage_leakfree/train/healthy/3a5916ba-0db8-4aff-a282-26f33b056832___RS_HL 8125.jpg,3,healthy
plantvillage_leakfree/train/healthy/3a6789e3-2dd3-4513-b21d-be34f521c4a1___RS_HL 8031.jpg,3,healthy
plantvillage_leakfree/train/healthy/3a74b441-4ab0-412f-ae66-f28f4b1d9df2___RS_HL 5968.jpg,3,healthy
plantvillage_leakfree/train/healthy/3a80eee6-d03a-4ac9-8f73-5f251f568840___RS_HL 5935.jpg,3,healthy
plantvillage_leakfree/train/healthy/3abb0d3f-f131-4025-af6d-68bd6f4d253e___RS_HL 8110.jpg,3,healthy
plantvillage_leakfree/train/healthy/3adc3359-b27d-4eea-bffc-7422a9a15536___RS_HL 5755.jpg,3,healthy
plantvillage_leakfree/train/healthy/3af9dc00-a64b-4b45-a034-1d190e5277ea___RS_HL 7788.jpg,3,healthy
plantvillage_leakfree/train/healthy/3b0f637d-dd22-44a0-a4b4-2a7792e2ac76___RS_HL 7258.jpg,3,healthy
plantvillage_leakfree/train/healthy/3b471f38-5b31-4f0c-83de-1ac26c92f63f___RS_HL 7408.jpg,3,healthy
plantvillage_leakfree/train/healthy/3b59f785-afa8-4204-b6fd-467404734888___RS_HL 6144.jpg,3,healthy
plantvillage_leakfree/train/healthy/3bd24003-1163-40f4-8b1f-21aad7fc4b4b___RS_HL 5912.jpg,3,healthy
plantvillage_leakfree/train/healthy/3bde3d8d-8a44-4e06-9492-a54a9844bf90___RS_HL 7318.jpg,3,healthy
plantvillage_leakfree/train/healthy/3c047601-ed4d-4178-8bed-33a65e5f4b6d___RS_HL 6001.jpg,3,healthy
plantvillage_leakfree/train/healthy/3c1fd0db-4090-485a-9d59-4293714b482c___RS_HL 7581.jpg,3,healthy
plantvillage_leakfree/train/healthy/3c3127c8-58c3-43ab-9b6f-75c641db96ce___RS_HL 7282.jpg,3,healthy
plantvillage_leakfree/train/healthy/3c469e15-452e-4332-9f4b-93104f32d5e9___RS_HL 7954.jpg,3,healthy
plantvillage_leakfree/train/healthy/3c5ca000-1c26-46bf-8974-fd6599744059___RS_HL 7596.jpg,3,healthy
plantvillage_leakfree/train/healthy/3c739f46-0ab2-4441-8fa9-cbc16d7609cb___RS_HL 7385.jpg,3,healthy
plantvillage_leakfree/train/healthy/3d0032d5-ac37-4dbe-8c2c-ef567472578b___RS_HL 7750.jpg,3,healthy
plantvillage_leakfree/train/healthy/3d075f90-7002-4c45-abc0-4f35ee49aa79___RS_HL 6272.jpg,3,healthy
plantvillage_leakfree/train/healthy/3d2a5995-d293-471e-bcd3-862a8850d78d___RS_HL 5773.jpg,3,healthy
plantvillage_leakfree/train/healthy/3d300955-5956-4ed8-9348-d2d02388d4d3___RS_HL 7772.jpg,3,healthy
plantvillage_leakfree/train/healthy/3df0da99-6c5d-4520-b396-9616e81f8935___RS_HL 6031.jpg,3,healthy
plantvillage_leakfree/train/healthy/3e3eaffe-3dda-4a64-8aa7-ca6cf40ff284___RS_HL 5698.jpg,3,healthy
plantvillage_leakfree/train/healthy/3e8eb97c-b2ad-4aeb-82ff-2f1334801c9b___RS_HL 6098.jpg,3,healthy
plantvillage_leakfree/train/healthy/3ecbb982-2844-4662-ad65-9a94fee38fa3___RS_HL 8060.jpg,3,healthy
plantvillage_leakfree/train/healthy/3ecfd9ce-30c4-4453-9d90-75854c7f82b7___RS_HL 5950.jpg,3,healthy
plantvillage_leakfree/train/healthy/3ee00792-0430-445e-8c25-970607d2759d___RS_HL 7810.jpg,3,healthy
plantvillage_leakfree/train/healthy/3ee17877-b649-4b43-939a-d9415a21dfd5___RS_HL 7300.jpg,3,healthy
plantvillage_leakfree/train/healthy/3eef4051-9e25-4e17-8540-c35e5df18648___RS_HL 6054.jpg,3,healthy
plantvillage_leakfree/train/healthy/3f9788c1-8456-453f-b1c2-5cc66ba714a6___RS_HL 7635.jpg,3,healthy
plantvillage_leakfree/train/healthy/400723a1-65ae-4d62-b7c7-d8c0b7a02480___RS_HL 7479.jpg,3,healthy
plantvillage_leakfree/train/healthy/4019c49e-a237-4e3f-b4a9-823905304e05___RS_HL 7997.jpg,3,healthy
plantvillage_leakfree/train/healthy/4023916c-9823-4410-bd89-b8bfe1b0b456___RS_HL 6009.jpg,3,healthy
plantvillage_leakfree/train/healthy/405ca310-f708-4815-b121-5bb315d98f6f___RS_HL 6122.jpg,3,healthy
plantvillage_leakfree/train/healthy/40655604-b43e-4dab-91a2-6fe928f782e9___RS_HL 7929.jpg,3,healthy
plantvillage_leakfree/train/healthy/40b69253-5e07-452f-82b5-8d4f0f15e400___RS_HL 5813.jpg,3,healthy
plantvillage_leakfree/train/healthy/41628932-5547-443e-8659-ed8ad6be820e___RS_HL 5711.jpg,3,healthy
plantvillage_leakfree/train/healthy/4179bae8-d3f3-43ea-8e36-b3b4c752c261___RS_HL 6138.jpg,3,healthy
plantvillage_leakfree/train/healthy/41969f52-e194-401e-a55b-4ff88f740a8a___RS_HL 6125.jpg,3,healthy
plantvillage_leakfree/train/healthy/4221a70d-e5ef-44c7-843f-098a1fe0bfe3___RS_HL 8085.jpg,3,healthy
plantvillage_leakfree/train/healthy/42777529-bf54-4134-9bd6-34fbd135575d___RS_HL 8045.jpg,3,healthy
plantvillage_leakfree/train/healthy/427a2799-ef47-4ee9-9175-f2f850cf933e___RS_HL 8018.jpg,3,healthy
plantvillage_leakfree/train/healthy/42feb98c-4131-453a-b189-5e7c147f3f32___RS_HL 6264.jpg,3,healthy
plantvillage_leakfree/train/healthy/4306468f-a177-4c65-bb9a-4167e8d33223___RS_HL 5897.jpg,3,healthy
plantvillage_leakfree/train/healthy/430fd7d8-9390-411c-b849-e421cf11f7a7___RS_HL 7314.jpg,3,healthy
plantvillage_leakfree/train/healthy/4342c40d-5a1b-4a93-97b4-2e3579802605___RS_HL 7744.jpg,3,healthy
plantvillage_leakfree/train/healthy/435d4aff-f96c-415a-91a4-07e21179a3d0___RS_HL 8159.jpg,3,healthy
plantvillage_leakfree/train/healthy/43619607-151e-41c1-b428-89f24c177515___RS_HL 5723.jpg,3,healthy
plantvillage_leakfree/train/healthy/445d268a-415e-41d4-80de-0116fdaca73d___RS_HL 5982.jpg,3,healthy
plantvillage_leakfree/train/healthy/44707c11-0d08-411f-9fa3-21d3edf72031___RS_HL 6255.jpg,3,healthy
plantvillage_leakfree/train/healthy/449205c0-c994-4e4f-9ea4-ef7fa45f2151___RS_HL 7730.jpg,3,healthy
plantvillage_leakfree/train/healthy/44acd453-48a7-48db-997a-34b00a4d437a___RS_HL 7892.jpg,3,healthy
plantvillage_leakfree/train/healthy/44be3db8-37a5-44e1-a1b5-df963562cb86___RS_HL 7531.jpg,3,healthy
plantvillage_leakfree/train/healthy/44d0b31c-72e0-4a8f-9c3b-64051dab5d2e___RS_HL 7856.jpg,3,healthy
plantvillage_leakfree/train/healthy/44f96d95-150b-499d-8fb7-a95ed4df85c6___RS_HL 8152.jpg,3,healthy
plantvillage_leakfree/train/healthy/45584571-03d6-40eb-909e-00c752a4d66e___RS_HL 5803.jpg,3,healthy
plantvillage_leakfree/train/healthy/456779f4-b7a7-4980-94ee-1798491ca888___RS_HL 7415.jpg,3,healthy
plantvillage_leakfree/train/healthy/456d5c1e-e025-4d4d-866c-799627dfeb36___RS_HL 5673.jpg,3,healthy
plantvillage_leakfree/train/healthy/45c79d4a-ac12-4bf8-a4d6-f59898aa4570___RS_HL 6317.jpg,3,healthy
plantvillage_leakfree/train/healthy/45ec1880-a9d2-4458-bd99-f0a6c01e54c4___RS_HL 6303.jpg,3,healthy
plantvillage_leakfree/train/healthy/461e67e8-40dd-4bf6-964a-d16c7fc59ac9___RS_HL 7244.jpg,3,healthy
plantvillage_leakfree/train/healthy/468c07f3-8ac1-4b0f-8e10-f97a7b41f4f9___RS_HL 7661.jpg,3,healthy
plantvillage_leakfree/train/healthy/46c590f0-7e60-4ccd-af4e-45f911abf66a___RS_HL 6152.jpg,3,healthy
plantvillage_leakfree/train/healthy/46ef8441-3792-4ca8-919b-eb6cedd0ed3f___RS_HL 5998.jpg,3,healthy
plantvillage_leakfree/train/healthy/472f7b3f-a843-4ca2-b602-005ffc13d457___RS_HL 5864.jpg,3,healthy
plantvillage_leakfree/train/healthy/47c52b97-c8c7-41da-8bff-608d8db48408___RS_HL 6243.jpg,3,healthy
plantvillage_leakfree/train/healthy/47c9915d-7fb5-4426-a1b8-5928c3b20666___RS_HL 7565.jpg,3,healthy
plantvillage_leakfree/train/healthy/482fa3b9-4ab6-46ff-b670-ff5ba0f37425___RS_HL 5937.jpg,3,healthy
plantvillage_leakfree/train/healthy/4839a9b1-c89f-475c-849f-c40c44e9cfff___RS_HL 6040.jpg,3,healthy
plantvillage_leakfree/train/healthy/48585f10-a0d6-417c-9edc-fc029b04a195___RS_HL 7382.jpg,3,healthy
plantvillage_leakfree/train/healthy/48beab72-35ef-4711-ad53-579bfaf787d3___RS_HL 6230.jpg,3,healthy
plantvillage_leakfree/train/healthy/491f5957-ed75-4198-b988-4f0c834cd4ec___RS_HL 6043.jpg,3,healthy
plantvillage_leakfree/train/healthy/4941b5f6-7a47-4207-bf9c-adfb43d46e26___RS_HL 6262.jpg,3,healthy
plantvillage_leakfree/train/healthy/49cc68a3-a1df-47c2-99d5-c2cb3a4c0227___RS_HL 7854.jpg,3,healthy
plantvillage_leakfree/train/healthy/49d18ffd-bfd4-435d-bffb-fe66ec0e3af6___RS_HL 5647.jpg,3,healthy
plantvillage_leakfree/train/healthy/49fa7047-3a59-4afe-8dc3-e6fc10e5b830___RS_HL 7435.jpg,3,healthy
plantvillage_leakfree/train/healthy/4a99390b-e2ee-4941-a14f-37575ada3004___RS_HL 6039.jpg,3,healthy
plantvillage_leakfree/train/healthy/4aa3b2bb-1bd4-410a-bf6b-09862798bf88___RS_HL 6148.jpg,3,healthy
plantvillage_leakfree/train/healthy/4aaa2349-eed7-48ed-a96c-02c313ee2d68___RS_HL 5911.jpg,3,healthy
plantvillage_leakfree/train/healthy/4ab5d6f0-6f9a-4af3-ab4d-6daf034edeff___RS_HL 7889.jpg,3,healthy
plantvillage_leakfree/train/healthy/4b186022-c0ab-4a26-9930-c7944a3c431e___RS_HL 7389.jpg,3,healthy
plantvillage_leakfree/train/healthy/4b22a1e7-745b-4c78-a49e-14ca8cfba26a___RS_HL 8111.jpg,3,healthy
plantvillage_leakfree/train/healthy/4b2958d2-b93d-4ed1-b899-01a6c3a5b8b6___RS_HL 7768.jpg,3,healthy
plantvillage_leakfree/train/healthy/4b8147d5-9bcb-4375-ab29-de19201bc9af___RS_HL 7372.jpg,3,healthy
plantvillage_leakfree/train/healthy/4c368acb-0a47-4c7f-84bd-29dc74660db9___RS_HL 5800.jpg,3,healthy
plantvillage_leakfree/train/healthy/4c3bd8fb-b507-4ef4-93b6-39f1b0d087d8___RS_HL 6252.jpg,3,healthy
plantvillage_leakfree/train/healthy/4c501b09-39fc-4c6c-9c50-2200f0ba8b27___RS_HL 8187.jpg,3,healthy
plantvillage_leakfree/train/healthy/4c50a62b-3af4-43f9-a31d-794abd545413___RS_HL 7739.jpg,3,healthy
plantvillage_leakfree/train/healthy/4c7d424b-d418-4b72-84a9-2a639eabb5ec___RS_HL 5734.jpg,3,healthy
plantvillage_leakfree/train/healthy/4cc430bb-9f3d-4dfc-86c0-0dfdfd71ebb3___RS_HL 6147.jpg,3,healthy
plantvillage_leakfree/train/healthy/4cd37f4e-557b-4317-8772-21abd1efec65___RS_HL 7420.jpg,3,healthy
plantvillage_leakfree/train/healthy/4cd8dfb9-2afe-425f-a110-39882ded3802___RS_HL 5799.jpg,3,healthy
plantvillage_leakfree/train/healthy/4d3a7082-8a74-4cbe-8c75-eb9ffd47490b___RS_HL 7792.jpg,3,healthy
plantvillage_leakfree/train/healthy/4d6b1b98-2f9a-454d-9ac9-37433c715920___RS_HL 7338.jpg,3,healthy
plantvillage_leakfree/train/healthy/4d6cc52c-984d-4652-ac24-ad608cb2085d___RS_HL 7725.jpg,3,healthy
plantvillage_leakfree/train/healthy/4d7bd871-a301-44ce-a229-a8136e0a43e4___RS_HL 7891.jpg,3,healthy
plantvillage_leakfree/train/healthy/4ddc6bdf-fa72-43ff-99df-36430b318df4___RS_HL 7499.jpg,3,healthy
plantvillage_leakfree/train/healthy/4ddf9e55-b678-4036-87c3-66076035cbe2___RS_HL 6194.jpg,3,healthy
plantvillage_leakfree/train/healthy/4e481e14-a671-4794-a1f0-9fca67ad7d0d___RS_HL 8124.jpg,3,healthy
plantvillage_leakfree/train/healthy/4eab95ce-76ec-4bd2-9cc6-f39747569750___RS_HL 5958.jpg,3,healthy
plantvillage_leakfree/train/healthy/4eae8d4c-d3d9-4109-8637-76b68e1a5b66___RS_HL 5975.jpg,3,healthy
plantvillage_leakfree/train/healthy/4ec6e6f9-7f03-44ca-9bd0-1f64b5964308___RS_HL 5669.jpg,3,healthy
plantvillage_leakfree/train/healthy/4f3f74a8-ea7f-4053-a14c-f2f6d3c219ad___RS_HL 7872.jpg,3,healthy
plantvillage_leakfree/train/healthy/4f7c8fa5-f8cf-4b64-aaff-14d4a1c2cb27___RS_HL 7421.jpg,3,healthy
plantvillage_leakfree/train/healthy/4f84889d-5057-4b56-9643-86b7ec5fcfdd___RS_HL 8063.jpg,3,healthy
plantvillage_leakfree/train/healthy/4f915b76-fe41-4201-ae61-9c9ad7cbc94d___RS_HL 5933.jpg,3,healthy
plantvillage_leakfree/train/healthy/4f9b8500-4510-4d79-bcbf-d9b680cd8fe8___RS_HL 6304.jpg,3,healthy
plantvillage_leakfree/train/healthy/4fa27e50-47f1-4ce8-964d-06e0d62c086d___RS_HL 7881.jpg,3,healthy
plantvillage_leakfree/train/healthy/4ffc00fe-a8ce-4103-9fab-30165684d8c5___RS_HL 7490.jpg,3,healthy
plantvillage_leakfree/train/healthy/504ac2ab-ebfc-4c7d-89bf-d52955b6d297___RS_HL 7652.jpg,3,healthy
plantvillage_leakfree/train/healthy/5060f00a-8caf-4379-b0c7-01147b8d932a___RS_HL 7472.jpg,3,healthy
plantvillage_leakfree/train/healthy/507b3ab4-ca9a-490e-8f3a-0ac06905fc40___RS_HL 8033.jpg,3,healthy
plantvillage_leakfree/train/healthy/50d5a081-d2b9-4297-ad6b-6c572018d941___RS_HL 7388.jpg,3,healthy
plantvillage_leakfree/train/healthy/5192db55-4aa7-421c-92d4-c2dac79e7379___RS_HL 6273.jpg,3,healthy
plantvillage_leakfree/train/healthy/51ad3661-ed25-4c8f-9f90-44f8f0f042e0___RS_HL 7645.jpg,3,healthy
plantvillage_leakfree/train/healthy/51cb81e8-dd15-40cd-b4f2-5287379dfe74___RS_HL 6104.jpg,3,healthy
plantvillage_leakfree/train/healthy/523a77ee-6f19-4887-a35f-6ab14d47740b___RS_HL 8079.jpg,3,healthy
plantvillage_leakfree/train/healthy/525ecf21-2ca1-4939-b258-6002432703aa___RS_HL 7712.jpg,3,healthy
plantvillage_leakfree/train/healthy/530f24d7-aefb-419d-b814-2cb3a81cfe2c___RS_HL 6071.jpg,3,healthy
plantvillage_leakfree/train/healthy/531fbf24-8362-445d-ba13-6ece16d53de7___RS_HL 6206.jpg,3,healthy
plantvillage_leakfree/train/healthy/5348c7f1-02d4-40ae-989e-1537043644cf___RS_HL 7657.jpg,3,healthy
plantvillage_leakfree/train/healthy/5356ef92-e60f-4456-8687-f8b624d60b53___RS_HL 5829.jpg,3,healthy
plantvillage_leakfree/train/healthy/53ad897b-864f-414f-84e7-0ea0ce53fa1d___RS_HL 7273.jpg,3,healthy
plantvillage_leakfree/train/healthy/53b0c397-52b3-40c1-9ef5-c52b6ae7f4bb___RS_HL 6329.jpg,3,healthy
plantvillage_leakfree/train/healthy/53d09cc6-89ef-4180-a823-31c5f6566656___RS_HL 6070.jpg,3,healthy
plantvillage_leakfree/train/healthy/54c9c89e-7cb7-4c1e-8bbe-f33ca90df541___RS_HL 7766.jpg,3,healthy
plantvillage_leakfree/train/healthy/54ef2bb4-12a7-447e-a980-32c74bd26c1e___RS_HL 7459.jpg,3,healthy
plantvillage_leakfree/train/healthy/556b0ba0-dfb0-45de-9806-c6c068a8149d___RS_HL 5644.jpg,3,healthy
plantvillage_leakfree/train/healthy/558de0a1-89a7-4fa4-8814-bb1d8a845bfd___RS_HL 5779.jpg,3,healthy
plantvillage_leakfree/train/healthy/55a94d0f-ce98-4681-a4d5-a89dc2031b6a___RS_HL 7311.jpg,3,healthy
plantvillage_leakfree/train/healthy/55b3e1e7-0bd4-4e0b-b929-19d68fc43e23___RS_HL 7653.jpg,3,healthy
plantvillage_leakfree/train/healthy/55c7113c-3c1e-452c-a7bd-bb6fe007a20d___RS_HL 5724.jpg,3,healthy
plantvillage_leakfree/train/healthy/55e058db-7a66-4468-b6f8-a2e3fd4d567d___RS_HL 8128.jpg,3,healthy
plantvillage_leakfree/train/healthy/55e3aeb1-2c97-4cdd-9b75-8ab8d94c8447___RS_HL 7778.jpg,3,healthy
plantvillage_leakfree/train/healthy/55eca570-7e6f-4bb9-ae2e-b9834d8fcea7___RS_HL 7726.jpg,3,healthy
plantvillage_leakfree/train/healthy/567114a3-0ce7-42e3-8245-ca6f3e27cf43___RS_HL 8001.jpg,3,healthy
plantvillage_leakfree/train/healthy/567c7469-bee8-4ddc-8ee9-2f14b3fb569e___RS_HL 7817.jpg,3,healthy
plantvillage_leakfree/train/healthy/56bc065a-e27d-4ec9-a15b-63188f6ddf66___RS_HL 7933.jpg,3,healthy
plantvillage_leakfree/train/healthy/56c024f5-844e-47d0-a936-d1617219125c___RS_HL 7776.jpg,3,healthy
plantvillage_leakfree/train/healthy/57113348-f0fa-49d9-9d53-46edc4ae7bdb___RS_HL 6215.jpg,3,healthy
plantvillage_leakfree/train/healthy/57b5c040-d081-45ad-a73b-948eb18dd3eb___RS_HL 7826.jpg,3,healthy
plantvillage_leakfree/train/healthy/57e50846-b756-498f-a4b7-84571faed0ab___RS_HL 7541.jpg,3,healthy
plantvillage_leakfree/train/healthy/57ef10ab-f1fe-4b14-ad46-91b4255f2e49___RS_HL 5796.jpg,3,healthy
plantvillage_leakfree/train/healthy/5823ffd3-bd23-4088-80f5-dd33ae876694___RS_HL 7765.jpg,3,healthy
plantvillage_leakfree/train/healthy/5857071f-208a-40a0-85f2-6bc9f5a98fea___RS_HL 6026.jpg,3,healthy
plantvillage_leakfree/train/healthy/58bebbd8-1cfa-486b-86b3-64cf33697320___RS_HL 7651.jpg,3,healthy
plantvillage_leakfree/train/healthy/590363be-ab1f-4d0e-87a5-d632b28d79e0___RS_HL 7334.jpg,3,healthy
plantvillage_leakfree/train/healthy/5915bea7-aecc-4247-acfe-6e115e7c9836___RS_HL 7703.jpg,3,healthy
plantvillage_leakfree/train/healthy/5941b857-a525-4aff-ba20-def608d63c4d___RS_HL 6119.jpg,3,healthy
plantvillage_leakfree/train/healthy/594c429c-488e-4d8e-9b44-c3929cecafc9___RS_HL 5878.jpg,3,healthy
plantvillage_leakfree/train/healthy/594d37c6-accf-4ea8-9c97-8a9e0300010d___RS_HL 8019.jpg,3,healthy
plantvillage_leakfree/train/healthy/595381e5-c16b-4348-aaea-00763903646d___RS_HL 6153.jpg,3,healthy
plantvillage_leakfree/train/healthy/5977222a-8f4a-44b3-9960-61fcf36c5e7f___RS_HL 5664.jpg,3,healthy
plantvillage_leakfree/train/healthy/5a0aa782-76a8-4de9-89e9-47cb35d222e3___RS_HL 6310.jpg,3,healthy
plantvillage_leakfree/train/healthy/5a2ee566-426a-4422-b8e7-14e2e3190846___RS_HL 7486.jpg,3,healthy
plantvillage_leakfree/train/healthy/5a92a89d-a10e-423c-aed8-8505e04e15dc___RS_HL 7836.jpg,3,healthy
plantvillage_leakfree/train/healthy/5ac41a3d-ca1b-4215-a7a5-500d77acc67a___RS_HL 5931.jpg,3,healthy
plantvillage_leakfree/train/healthy/5ade6606-f111-4074-a533-30f215297f08___RS_HL 6282.jpg,3,healthy
plantvillage_leakfree/train/healthy/5adf1cdb-17bc-4871-ad87-ccdf715cfdb7___RS_HL 7309.jpg,3,healthy
plantvillage_leakfree/train/healthy/5b0eb6d3-92f9-4332-8228-6c587810f9c6___RS_HL 7949.jpg,3,healthy
plantvillage_leakfree/train/healthy/5b264ecb-2c4c-47f3-93ec-c9f79a3e8e09___RS_HL 7401.jpg,3,healthy
plantvillage_leakfree/train/healthy/5b8c01e5-748f-4b5b-b64b-26bb129a5db6___RS_HL 7996.jpg,3,healthy
plantvillage_leakfree/train/healthy/5ba92c8d-c731-436f-9d77-5685ec780f5f___RS_HL 8120.jpg,3,healthy
plantvillage_leakfree/train/healthy/5bf61b7f-4211-4667-b004-3481279854f2___RS_HL 8095.jpg,3,healthy
plantvillage_leakfree/train/healthy/5bfc7dd9-17aa-4e40-b7f3-6033dc95f408___RS_HL 5717.jpg,3,healthy
plantvillage_leakfree/train/healthy/5c554f84-2f25-4a08-8cd9-561a0c56fc12___RS_HL 5820.jpg,3,healthy
plantvillage_leakfree/train/healthy/5ceb4c0b-09ea-48e5-87b8-454adc630534___RS_HL 7573.jpg,3,healthy
plantvillage_leakfree/train/healthy/5ceefac5-fa4f-4b5c-b270-3a945fc89ec0___RS_HL 6191.jpg,3,healthy
plantvillage_leakfree/train/healthy/5d1bb18d-dda0-4079-b3c5-62bc50c3ce35___RS_HL 7560.jpg,3,healthy
plantvillage_leakfree/train/healthy/5d4206ed-09fa-42d5-a42d-2fc98cb4820d___RS_HL 6032.jpg,3,healthy
plantvillage_leakfree/train/healthy/5d542bd8-d3c1-484e-9cc1-e7c409aff1f8___RS_HL 6197.jpg,3,healthy
plantvillage_leakfree/train/healthy/5d738917-48c8-4a27-90e9-0a4eac076fbc___RS_HL 5999.jpg,3,healthy
plantvillage_leakfree/train/healthy/5db8c857-6f3a-4066-9bd6-e245e725d03e___RS_HL 8016.jpg,3,healthy
plantvillage_leakfree/train/healthy/5dba053d-d3b0-49b9-babc-4f1e8e7d3f59___RS_HL 6235.jpg,3,healthy
plantvillage_leakfree/train/healthy/5decc9b0-698c-49d0-906b-1a679b0001f9___RS_HL 6245.jpg,3,healthy
plantvillage_leakfree/train/healthy/5ded9dac-20e0-4e68-a202-43c6723c335d___RS_HL 6186.jpg,3,healthy
plantvillage_leakfree/train/healthy/5ee4cb1c-d933-4e89-b364-9b740b48e077___RS_HL 6224.jpg,3,healthy
plantvillage_leakfree/train/healthy/5eea6ca0-2fb5-4382-bd60-2893d4367bc3___RS_HL 6007.jpg,3,healthy
plantvillage_leakfree/train/healthy/5f067f00-b2c7-4948-b961-b940b4b148db___RS_HL 5860.jpg,3,healthy
plantvillage_leakfree/train/healthy/5f83961d-85ba-4fed-9d97-dbf83c2965d9___RS_HL 6029.jpg,3,healthy
plantvillage_leakfree/train/healthy/5fbda72a-a8f7-4ac9-a1d9-6c8d2e316297___RS_HL 7747.jpg,3,healthy
plantvillage_leakfree/train/healthy/5fc41ba8-baf5-47ce-b6e5-3741dd3b154f___RS_HL 5965.jpg,3,healthy
plantvillage_leakfree/train/healthy/5fc76906-09db-4c86-a95e-f3c8d70c29c6___RS_HL 7414.jpg,3,healthy
plantvillage_leakfree/train/healthy/5fd95287-1688-4342-8105-ad21af63aeac___RS_HL 8078.jpg,3,healthy
plantvillage_leakfree/train/healthy/602a8c1f-1fa9-4141-b589-d514acc17ce4___RS_HL 6016.jpg,3,healthy
plantvillage_leakfree/train/healthy/6034f340-2122-4fe1-8696-cd5327f6984f___RS_HL 7445.jpg,3,healthy
plantvillage_leakfree/train/healthy/60385266-12df-445f-9fcf-196b1f91c254___RS_HL 8070.jpg,3,healthy
plantvillage_leakfree/train/healthy/603b96cc-3237-4ddf-97b9-11ddbf4840f0___RS_HL 7598.jpg,3,healthy
plantvillage_leakfree/train/healthy/605bebdc-6d3e-4cfe-8498-3ccd1028e76d___RS_HL 7877.jpg,3,healthy
plantvillage_leakfree/train/healthy/606de063-baa7-4f80-b474-6e5cf4ea010a___RS_HL 7979.jpg,3,healthy
plantvillage_leakfree/train/healthy/60a20878-4945-491b-adff-ca8829824261___RS_HL 5847.jpg,3,healthy
plantvillage_leakfree/train/healthy/60af8fc1-7f44-496c-9999-507d06e92142___RS_HL 7278.jpg,3,healthy
plantvillage_leakfree/train/healthy/60be19f7-984f-4e9d-ad1d-4d21ea4c0eef___RS_HL 7966.jpg,3,healthy
plantvillage_leakfree/train/healthy/614e548e-9a13-428c-89bf-353a1880cf73___RS_HL 8190.jpg,3,healthy
plantvillage_leakfree/train/healthy/61697828-b645-4f07-844a-dc9902713d3e___RS_HL 7363.jpg,3,healthy
plantvillage_leakfree/train/healthy/61cac07b-9d6e-4fac-b60f-410280d94ed1___RS_HL 7455.jpg,3,healthy
plantvillage_leakfree/train/healthy/622b6e6e-1388-4933-9f74-3ae54937a3d7___RS_HL 5920.jpg,3,healthy
plantvillage_leakfree/train/healthy/62acb368-c1b6-496c-910d-64cd4b8c5941___RS_HL 7964.jpg,3,healthy
plantvillage_leakfree/train/healthy/62d3964c-3cc9-495c-94d5-0558f5fe3063___RS_HL 7607.jpg,3,healthy
plantvillage_leakfree/train/healthy/6379ed3c-dd03-4f07-a773-84842960d921___RS_HL 7741.jpg,3,healthy
plantvillage_leakfree/train/healthy/638ea400-bbc7-4642-b7f3-f57e2f3409cb___RS_HL 7718.jpg,3,healthy
plantvillage_leakfree/train/healthy/6422d3df-4b2d-4e73-b1c9-3da9f763cb75___RS_HL 7259.jpg,3,healthy
plantvillage_leakfree/train/healthy/643e172f-02bf-4021-9587-6cfd21c8a344___RS_HL 6053.jpg,3,healthy
plantvillage_leakfree/train/healthy/64764c6e-6e57-4fbe-903f-06103bd72a38___RS_HL 5951.jpg,3,healthy
plantvillage_leakfree/train/healthy/647ab085-3f32-4ff1-9972-bef63cb4085e___RS_HL 7595.jpg,3,healthy
plantvillage_leakfree/train/healthy/6519f187-e99f-4a02-9a28-eb4e167ea35c___RS_HL 6015.jpg,3,healthy
plantvillage_leakfree/train/healthy/65a6866e-a6ea-46d5-a8ca-413f98cd8b7a___RS_HL 5817.jpg,3,healthy
plantvillage_leakfree/train/healthy/65a6d1f7-616e-40b7-8ebb-8b895c69a7dd___RS_HL 7813.jpg,3,healthy
plantvillage_leakfree/train/healthy/65f9450e-cd32-465c-b2cd-e24111798fb1___RS_HL 7950.jpg,3,healthy
plantvillage_leakfree/train/healthy/6627c6e7-9d4f-41a7-9d86-ad04cfe2841a___RS_HL 7442.jpg,3,healthy
plantvillage_leakfree/train/healthy/6695f23d-03f2-48ce-a3fe-b0fcd4f4972c___RS_HL 5884.jpg,3,healthy
plantvillage_leakfree/train/healthy/66b2ddc7-46d8-487c-a93b-43d4332b7a31___RS_HL 5764.jpg,3,healthy
plantvillage_leakfree/train/healthy/6758f085-1397-42a4-8b03-2f5e87f3bedd___RS_HL 5751.jpg,3,healthy
plantvillage_leakfree/train/healthy/679f57c6-992b-424e-beb7-5344a873e1dd___RS_HL 8026.jpg,3,healthy
plantvillage_leakfree/train/healthy/67bb4b6e-c398-42db-a269-7aa2e06fee3f___RS_HL 7610.jpg,3,healthy
plantvillage_leakfree/train/healthy/6806c56d-b5d6-45fc-8e96-0d8def5932b9___RS_HL 5692.jpg,3,healthy
plantvillage_leakfree/train/healthy/682b3d72-607f-404f-b9e8-48acc1574f41___RS_HL 7419.jpg,3,healthy
plantvillage_leakfree/train/healthy/686a65da-b541-4b08-94bf-631cf6d27449___RS_HL 7584.jpg,3,healthy
plantvillage_leakfree/train/healthy/68812d5a-2b5d-4a89-b8de-f8f87422f321___RS_HL 6280.jpg,3,healthy
plantvillage_leakfree/train/healthy/688b1671-7399-46a1-b93e-53b11cf210f7___RS_HL 7842.jpg,3,healthy
plantvillage_leakfree/train/healthy/68b064ad-fce1-4ab8-9c2c-82f49c4a5ee2___RS_HL 7993.jpg,3,healthy
plantvillage_leakfree/train/healthy/68bec77e-3c62-4ea5-85e4-fa29068ebb34___RS_HL 7340.jpg,3,healthy
plantvillage_leakfree/train/healthy/68d3346d-11c5-4ad7-ba09-2f616dde3848___RS_HL 7428.jpg,3,healthy
plantvillage_leakfree/train/healthy/68dd3ff0-d8d5-49a7-8813-46293114d967___RS_HL 7990.jpg,3,healthy
plantvillage_leakfree/train/healthy/68feaaac-b503-4202-99fb-2cb86ad427c3___RS_HL 7916.jpg,3,healthy
plantvillage_leakfree/train/healthy/69344270-ab7c-44c1-a395-03dfb984108a___RS_HL 5925.jpg,3,healthy
plantvillage_leakfree/train/healthy/698bc8a2-cead-4946-8d9a-abe38760d1fb___RS_HL 5855.jpg,3,healthy
plantvillage_leakfree/train/healthy/6a2b2664-0e91-455c-8978-64c097631604___RS_HL 7808.jpg,3,healthy
plantvillage_leakfree/train/healthy/6a5ded2c-8123-4d42-86fe-7be3c9f268a1___RS_HL 6302.jpg,3,healthy
plantvillage_leakfree/train/healthy/6aa4217e-6d45-4a3b-8804-99fe82bd8925___RS_HL 7627.jpg,3,healthy
plantvillage_leakfree/train/healthy/6b106a6f-b47f-40a3-8825-f7bfea6163d7___RS_HL 7905.jpg,3,healthy
plantvillage_leakfree/train/healthy/6b11324f-6b70-40d7-9cd2-f7d36b0c69cd___RS_HL 7431.jpg,3,healthy
plantvillage_leakfree/train/healthy/6b1696f3-a455-4ac4-b5e4-2839681937fe___RS_HL 5867.jpg,3,healthy
plantvillage_leakfree/train/healthy/6c8764e8-c52e-421a-995d-dc3fdce8f40f___RS_HL 7380.jpg,3,healthy
plantvillage_leakfree/train/healthy/6d276438-7f26-4b65-b425-a18ce241ab04___RS_HL 6050.jpg,3,healthy
plantvillage_leakfree/train/healthy/6d92d301-d0e2-4c46-8715-afa326a6d5d9___RS_HL 8193.jpg,3,healthy
plantvillage_leakfree/train/healthy/6dd6bf2b-b606-46fd-af76-6c9166c7d626___RS_HL 7276.jpg,3,healthy
plantvillage_leakfree/train/healthy/6dea065f-3b56-4372-a04a-ab6d20e47234___RS_HL 7453.jpg,3,healthy
plantvillage_leakfree/train/healthy/6fdc92a4-12e5-43f3-8766-96f49075b59d___RS_HL 8015.jpg,3,healthy
plantvillage_leakfree/train/healthy/7007d57a-a05a-41b5-a80f-9fe33debaf1a___RS_HL 7354.jpg,3,healthy
plantvillage_leakfree/train/healthy/70491e38-2a9e-4fb7-9ab5-dfa49d46b202___RS_HL 7758.jpg,3,healthy
plantvillage_leakfree/train/healthy/705990f2-bc4f-4568-af0b-2f58bd3b51a0___RS_HL 7608.jpg,3,healthy
plantvillage_leakfree/train/healthy/707ef394-bd7d-463c-86b8-4a13464bc6e0___RS_HL 7555.jpg,3,healthy
plantvillage_leakfree/train/healthy/70bfc07a-818d-44fd-bd98-fc779161abce___RS_HL 6105.jpg,3,healthy
plantvillage_leakfree/train/healthy/70e5bc17-eaff-43e3-b198-2658561b63b1___RS_HL 5866.jpg,3,healthy
plantvillage_leakfree/train/healthy/712b5957-4109-4ed4-a393-a6605ebe6c08___RS_HL 5750.jpg,3,healthy
plantvillage_leakfree/train/healthy/715ddd59-a49f-42e1-8eed-2c3dd29677fd___RS_HL 5832.jpg,3,healthy
plantvillage_leakfree/train/healthy/71b2b307-ddd7-48bf-b904-4d1101c9fc4b___RS_HL 7755.jpg,3,healthy
plantvillage_leakfree/train/healthy/72053aee-f044-46c5-ab44-322e198c3f1d___RS_HL 7588.jpg,3,healthy
plantvillage_leakfree/train/healthy/72059689-4c66-4922-8702-1a8d1fef1594___RS_HL 7729.jpg,3,healthy
plantvillage_leakfree/train/healthy/720d9250-e209-42bd-8be8-c3ee3e2a057f___RS_HL 5869.jpg,3,healthy
plantvillage_leakfree/train/healthy/723a658e-85ee-431c-bfe7-a411686bd528___RS_HL 6074.jpg,3,healthy
plantvillage_leakfree/train/healthy/725e9b8f-f55c-44ce-a0d8-7b6829f86630___RS_HL 7532.jpg,3,healthy
plantvillage_leakfree/train/healthy/725fe867-1075-471a-b69d-6553d1445216___RS_HL 6127.jpg,3,healthy
plantvillage_leakfree/train/healthy/726e185f-50c5-47f4-98cd-f1fd333f717b___RS_HL 5862.jpg,3,healthy
plantvillage_leakfree/train/healthy/72910301-856e-491d-b929-efdc81bb3eb5___RS_HL 5765.jpg,3,healthy
plantvillage_leakfree/train/healthy/73f042d4-5213-4618-9783-8ff76967cb75___RS_HL 7821.jpg,3,healthy
plantvillage_leakfree/train/healthy/741841f6-e95c-4206-ac05-c5cb98c7e7cd___RS_HL 5908.jpg,3,healthy
plantvillage_leakfree/train/healthy/7450ae7f-41df-4afb-a9f5-6a4059d7a4a1___RS_HL 5818.jpg,3,healthy
plantvillage_leakfree/train/healthy/74bda678-63b6-44fb-8e8f-259788239618___RS_HL 5830.jpg,3,healthy
plantvillage_leakfree/train/healthy/74d4928f-5a36-4f9b-acbe-be50736d397d___RS_HL 8169.jpg,3,healthy
plantvillage_leakfree/train/healthy/74df20a6-770a-4ab4-87a6-7020c98bc329___RS_HL 8064.jpg,3,healthy
plantvillage_leakfree/train/healthy/74f7c545-de83-473d-82de-1e8c89fd975a___RS_HL 8172.jpg,3,healthy
plantvillage_leakfree/train/healthy/74fa2964-1307-4b24-8361-0145f7f7f371___RS_HL 5919.jpg,3,healthy
plantvillage_leakfree/train/healthy/7519aef6-3f42-4dd9-8e9e-f3eced492298___RS_HL 5863.jpg,3,healthy
plantvillage_leakfree/train/healthy/753a02e9-3624-4692-a0c9-ccb78c8f916b___RS_HL 5782.jpg,3,healthy
plantvillage_leakfree/train/healthy/7569e8c8-96c8-4d87-8bcd-139566dd4d87___RS_HL 5763.jpg,3,healthy
plantvillage_leakfree/train/healthy/75872668-0901-4fe5-a995-80d0b0caee1c___RS_HL 8130.jpg,3,healthy
plantvillage_leakfree/train/healthy/75ab3bb8-40ec-4292-9c61-deaa6fcf71f0___RS_HL 8054.jpg,3,healthy
plantvillage_leakfree/train/healthy/75b7a5bc-e419-4312-b5d9-6c3446a24ef4___RS_HL 6079.jpg,3,healthy
plantvillage_leakfree/train/healthy/76367d84-6702-4ef7-84f1-fe308315d04d___RS_HL 5967.jpg,3,healthy
plantvillage_leakfree/train/healthy/764614d4-c19d-4dac-ba69-e2aced0900aa___RS_HL 7546.jpg,3,healthy
plantvillage_leakfree/train/healthy/7671e6ca-f9a9-4657-a96a-1bcf0df3abe7___RS_HL 6231.jpg,3,healthy
plantvillage_leakfree/train/healthy/768f1904-8365-4d72-aa84-87d9f09ef2d5___RS_HL 7937.jpg,3,healthy
plantvillage_leakfree/train/healthy/76c0783e-5e1a-4a25-8371-9e7ef2a8c9d7___RS_HL 7465.jpg,3,healthy
plantvillage_leakfree/train/healthy/7710d64d-83a3-46af-a9ff-535dd225523f___RS_HL 5788.jpg,3,healthy
plantvillage_leakfree/train/healthy/772e7314-c24e-4126-aa12-224b27098319___RS_HL 5663.jpg,3,healthy
plantvillage_leakfree/train/healthy/7771f894-0889-44fc-93dc-0e0c1162a5e8___RS_HL 7870.jpg,3,healthy
plantvillage_leakfree/train/healthy/777d6fd1-feb3-4dac-afa7-79b507d48ffa___RS_HL 5859.jpg,3,healthy
plantvillage_leakfree/train/healthy/77a54591-ab85-4b5e-8341-62e599a9fc6f___RS_HL 8011.jpg,3,healthy
plantvillage_leakfree/train/healthy/77b48eb5-7237-460f-8751-cfb231c917a7___RS_HL 7687.jpg,3,healthy
plantvillage_leakfree/train/healthy/77ce37f4-d184-4798-87e9-57f7ca0d9536___RS_HL 6017.jpg,3,healthy
plantvillage_leakfree/train/healthy/77dcceb4-6a47-42b6-837a-0b60999cd2d1___RS_HL 7471.jpg,3,healthy
plantvillage_leakfree/train/healthy/7804bbbb-77aa-4556-ba93-a47fed2eb008___RS_HL 6159.jpg,3,healthy
plantvillage_leakfree/train/healthy/782b4257-75e0-46c4-8cf0-bae4f9895da6___RS_HL 7969.jpg,3,healthy
plantvillage_leakfree/train/healthy/78308303-e9ca-4cc5-861a-9a7d8017bdad___RS_HL 6176.jpg,3,healthy
plantvillage_leakfree/train/healthy/786696fd-ef1f-4e75-9ddd-250b628d9fe3___RS_HL 6199.jpg,3,healthy
plantvillage_leakfree/train/healthy/7873b55d-17cc-4d91-8914-e2473d18b766___RS_HL 8067.jpg,3,healthy
plantvillage_leakfree/train/healthy/7a13d83d-7511-41c5-9fd5-9fd18d3cf3b1___RS_HL 5685.jpg,3,healthy
plantvillage_leakfree/train/healthy/7a4ee5b1-1dff-4719-a2be-e5b1674ac63d___RS_HL 6162.jpg,3,healthy
plantvillage_leakfree/train/healthy/7a5ad785-c05e-49bd-b1e0-4d9405bedfb5___RS_HL 7804.jpg,3,healthy
plantvillage_leakfree/train/healthy/7a95ed03-478d-4410-804f-1bab389d5f77___RS_HL 7678.jpg,3,healthy
plantvillage_leakfree/train/healthy/7ac83dd1-c411-4348-82d9-f59abcf75924___RS_HL 7245.jpg,3,healthy
plantvillage_leakfree/train/healthy/7b0dc46f-4bfd-4329-85a3-06db12434d3a___RS_HL 7603.jpg,3,healthy
plantvillage_leakfree/train/healthy/7b2e642b-cf2d-4154-b986-b7be01f215f5___RS_HL 7839.jpg,3,healthy
plantvillage_leakfree/train/healthy/7b5603c7-76c7-4b94-9c7a-5db00fb8581d___RS_HL 6064.jpg,3,healthy
plantvillage_leakfree/train/healthy/7bf0ddc7-fa85-442b-859b-486b087a4641___RS_HL 5837.jpg,3,healthy
plantvillage_leakfree/train/healthy/7bf79f19-bb50-44cd-b8d5-0b4d6794689b___RS_HL 7989.jpg,3,healthy
plantvillage_leakfree/train/healthy/7c1289d0-4fe5-478c-a9f4-5d94b461d7bf___RS_HL 7970.jpg,3,healthy
plantvillage_leakfree/train/healthy/7c2adcd0-fa59-4181-8abf-3840a445c786___RS_HL 7690.jpg,3,healthy
plantvillage_leakfree/train/healthy/7c5e4508-64ba-4b06-8a5b-6d0147280d88___RS_HL 7577.jpg,3,healthy
plantvillage_leakfree/train/healthy/7cbd343b-9af0-47cb-9aa5-e19e675b3057___RS_HL 7265.jpg,3,healthy
plantvillage_leakfree/train/healthy/7d9eb65f-be86-4516-b239-cbf856aa5ed4___RS_HL 6110.jpg,3,healthy
plantvillage_leakfree/train/healthy/7dd45aba-e6cc-4ef9-a52c-5223c2e6b0ea___RS_HL 5877.jpg,3,healthy
plantvillage_leakfree/train/healthy/7de88302-023d-4979-ad91-88cb5c02f14b___RS_HL 7255.jpg,3,healthy
plantvillage_leakfree/train/healthy/7e2b569c-2eb5-4f4e-af96-e4cde4971634___RS_HL 6136.jpg,3,healthy
plantvillage_leakfree/train/healthy/7e502244-9105-4931-abde-46f8f7993fd7___RS_HL 7745.jpg,3,healthy
plantvillage_leakfree/train/healthy/7e582ef9-de24-4f2d-bfd7-a9c79dd4fb1f___RS_HL 5881.jpg,3,healthy
plantvillage_leakfree/train/healthy/7e721779-b328-4c32-ad15-889743f9846a___RS_HL 7832.jpg,3,healthy
plantvillage_leakfree/train/healthy/7ea27d6d-f7a0-44b3-b6a2-f24455deb48b___RS_HL 7589.jpg,3,healthy
plantvillage_leakfree/train/healthy/7ecec5dd-4dc9-4f1f-809c-4884d627a9e2___RS_HL 7467.jpg,3,healthy
plantvillage_leakfree/train/healthy/7f06e481-8f9a-47cd-860a-8fea5b81fe9b___RS_HL 6193.jpg,3,healthy
plantvillage_leakfree/train/healthy/7f447118-8a9c-4e77-8333-d411d1124c7f___RS_HL 5849.jpg,3,healthy
plantvillage_leakfree/train/healthy/801956aa-445e-4bb8-90bb-49dcea55c679___RS_HL 5865.jpg,3,healthy
plantvillage_leakfree/train/healthy/801b694b-8412-4e4d-96f7-98b42e3fe214___RS_HL 7494.jpg,3,healthy
plantvillage_leakfree/train/healthy/8098a8fe-6a51-485f-ab92-97350982e651___RS_HL 7474.jpg,3,healthy
plantvillage_leakfree/train/healthy/80b2c0f7-a3fe-40d9-904d-0d78ac00e35f___RS_HL 7883.jpg,3,healthy
plantvillage_leakfree/train/healthy/813a99b0-5df6-49cc-bd36-7910e0cb8912___RS_HL 7932.jpg,3,healthy
plantvillage_leakfree/train/healthy/8159ee63-0c79-4987-8d1d-42471d4e8b90___RS_HL 7508.jpg,3,healthy
plantvillage_leakfree/train/healthy/81666301-0038-450d-bd14-36d069f4f30a___RS_HL 7696.jpg,3,healthy
plantvillage_leakfree/train/healthy/817ae6f2-7f72-457f-889a-6cddeaf0945e___RS_HL 7674.jpg,3,healthy
plantvillage_leakfree/train/healthy/818082df-492c-4c5e-a3bb-a3153818d816___RS_HL 7319.jpg,3,healthy
plantvillage_leakfree/train/healthy/81bf7931-e6d7-4f6d-aae5-9de7d0c4ae33___RS_HL 7893.jpg,3,healthy
plantvillage_leakfree/train/healthy/81dd861f-5c83-41f3-8aa2-2abbb94ed9f5___RS_HL 7325.jpg,3,healthy
plantvillage_leakfree/train/healthy/8201f21f-cd54-4ff6-9fc7-f3e97b0a8b42___RS_HL 8077.jpg,3,healthy
plantvillage_leakfree/train/healthy/828a6b50-e2fb-4e63-a595-556aa41d43a7___RS_HL 6250.jpg,3,healthy
plantvillage_leakfree/train/healthy/8293f7a8-cfde-4dea-be03-8d750b133e30___RS_HL 7440.jpg,3,healthy
plantvillage_leakfree/train/healthy/82aeb30f-575f-46d5-b653-408c3cf5e553___RS_HL 7566.jpg,3,healthy
plantvillage_leakfree/train/healthy/82d55fb4-a8df-439a-9935-5e5f72b05383___RS_HL 6107.jpg,3,healthy
plantvillage_leakfree/train/healthy/82fa759f-dfdd-40ee-98df-ed232a081ab1___RS_HL 7629.jpg,3,healthy
plantvillage_leakfree/train/healthy/83636c4e-c4f1-47c4-81e8-0bcf7bac8995___RS_HL 5730.jpg,3,healthy
plantvillage_leakfree/train/healthy/836734c2-f568-4b02-896e-9a6bca89404f___RS_HL 7900.jpg,3,healthy
plantvillage_leakfree/train/healthy/83e52e5f-0192-4cf9-b513-651040367ed8___RS_HL 7320.jpg,3,healthy
plantvillage_leakfree/train/healthy/84d6003b-3195-49cb-9831-861d9dc5b2cd___RS_HL 8041.jpg,3,healthy
plantvillage_leakfree/train/healthy/84ed8ffd-a47f-4b52-befa-938a10012a4c___RS_HL 6135.jpg,3,healthy
plantvillage_leakfree/train/healthy/8516ac47-c297-4943-9ac1-a10f26e9101c___RS_HL 6094.jpg,3,healthy
plantvillage_leakfree/train/healthy/8558ed98-6e99-4d7e-98e1-9437bd4d2382___RS_HL 5766.jpg,3,healthy
plantvillage_leakfree/train/healthy/85ebf3f6-11f4-45df-ac16-bd04b355cb31___RS_HL 5991.jpg,3,healthy
plantvillage_leakfree/train/healthy/8656f9ff-3a95-4350-af32-82ed2fbff533___RS_HL 7976.jpg,3,healthy
plantvillage_leakfree/train/healthy/8673df90-01fb-4dde-9510-6743bfefb367___RS_HL 6069.jpg,3,healthy
plantvillage_leakfree/train/healthy/86abe4bd-80fd-4a65-ba6f-fd48e6d51119___RS_HL 6251.jpg,3,healthy
plantvillage_leakfree/train/healthy/86bbe500-5e1b-4212-9c9d-eb324af1236b___RS_HL 7413.jpg,3,healthy
plantvillage_leakfree/train/healthy/86e79f38-1fcf-4581-945d-5a28ed6d6852___RS_HL 7391.jpg,3,healthy
plantvillage_leakfree/train/healthy/86f3c6c0-3038-45dc-9307-3f548f20b74b___RS_HL 6318.jpg,3,healthy
plantvillage_leakfree/train/healthy/8704d8b7-1368-441a-bad0-9f05b1cb6e7b___RS_HL 7623.jpg,3,healthy
plantvillage_leakfree/train/healthy/871420e0-e5de-40c7-a79c-a17fe1781f8e___RS_HL 7444.jpg,3,healthy
plantvillage_leakfree/train/healthy/872f54d3-61de-4b41-aaa4-57caad5ad9d3___RS_HL 7865.jpg,3,healthy
plantvillage_leakfree/train/healthy/879e60c7-fa8a-421d-ad5d-06a43fa2ae89___RS_HL 7634.jpg,3,healthy
plantvillage_leakfree/train/healthy/87c49c13-8b4f-40c8-b624-57c19e6e51e9___RS_HL 5811.jpg,3,healthy
plantvillage_leakfree/train/healthy/880ed927-54cb-43f7-8d9d-4e2705cc8472___RS_HL 7488.jpg,3,healthy
plantvillage_leakfree/train/healthy/88334c09-9bd6-4653-8109-f1a36383b131___RS_HL 7841.jpg,3,healthy
plantvillage_leakfree/train/healthy/885dd825-a34b-4149-bbb0-445fa62a4e64___RS_HL 7814.jpg,3,healthy
plantvillage_leakfree/train/healthy/88aad30d-4d2e-461f-847f-a4d2e9caf035___RS_HL 7967.jpg,3,healthy
plantvillage_leakfree/train/healthy/88b24a9d-7b04-4b83-815b-52a9f5949bbd___RS_HL 8083.jpg,3,healthy
plantvillage_leakfree/train/healthy/88ffb541-e088-4505-baef-c292c25925dc___RS_HL 6164.jpg,3,healthy
plantvillage_leakfree/train/healthy/8912707b-6c5d-4744-ad9c-b5d3564a0850___RS_HL 7796.jpg,3,healthy
plantvillage_leakfree/train/healthy/892258ae-052d-4df5-8a8c-27924cd64a85___RS_HL 7497.jpg,3,healthy
plantvillage_leakfree/train/healthy/89699048-94c3-4389-9a86-13e73dfd23c6___RS_HL 7257.jpg,3,healthy
plantvillage_leakfree/train/healthy/89ddfb64-92d0-494d-b4a2-bb13f2c0db4c___RS_HL 7642.jpg,3,healthy
plantvillage_leakfree/train/healthy/89f6b546-2692-4ea9-aaac-66ef1b8a7bdd___RS_HL 7250.jpg,3,healthy
plantvillage_leakfree/train/healthy/8a5ead41-d268-4bc8-867e-036f90f3d99c___RS_HL 7771.jpg,3,healthy
plantvillage_leakfree/train/healthy/8a6cad28-0c10-47aa-af0e-fd82de61ba70___RS_HL 6246.jpg,3,healthy
plantvillage_leakfree/train/healthy/8ae37f10-377d-44a3-ad94-f271a95673c8___RS_HL 7297.jpg,3,healthy
plantvillage_leakfree/train/healthy/8aef4eea-eb12-493c-b912-d7cd43144c8b___RS_HL 8052.jpg,3,healthy
plantvillage_leakfree/train/healthy/8b258036-674c-4553-8e2c-408d02319a05___RS_HL 7767.jpg,3,healthy
plantvillage_leakfree/train/healthy/8b944746-e4b0-4032-b5ec-8a6252128065___RS_HL 6266.jpg,3,healthy
plantvillage_leakfree/train/healthy/8b96fb28-f778-4d18-93ef-cb3ef4ecd532___RS_HL 7575.jpg,3,healthy
plantvillage_leakfree/train/healthy/8c43ceb4-000b-441b-887f-ef495da381e2___RS_HL 7864.jpg,3,healthy
plantvillage_leakfree/train/healthy/8c656b1d-5f20-4904-a20b-d0f7ef64e773___RS_HL 7526.jpg,3,healthy
plantvillage_leakfree/train/healthy/8c65a84d-100d-42af-bc07-6a02fd953a59___RS_HL 8192.jpg,3,healthy
plantvillage_leakfree/train/healthy/8c678916-c5d8-445d-9283-88c90c529edc___RS_HL 5740.jpg,3,healthy
plantvillage_leakfree/train/healthy/8c6b7e3f-0a34-4370-9477-110614bd7a8f___RS_HL 7281.jpg,3,healthy
plantvillage_leakfree/train/healthy/8c850584-ade3-4067-bbf3-5c8602dba3c3___RS_HL 8175.jpg,3,healthy
plantvillage_leakfree/train/healthy/8cbf5a96-37a0-47d4-a626-26f0bcd9f024___RS_HL 5922.jpg,3,healthy
plantvillage_leakfree/train/healthy/8cc94307-16b9-4e2c-a786-5ba504d244c3___RS_HL 7799.jpg,3,healthy
plantvillage_leakfree/train/healthy/8cf44f32-5736-4681-be02-f86e4454e00a___RS_HL 5904.jpg,3,healthy
plantvillage_leakfree/train/healthy/8d45fcf9-d1c1-47b6-be37-6e3d2fde46e0___RS_HL 7261.jpg,3,healthy
plantvillage_leakfree/train/healthy/8de1ca48-0d3b-4473-bc5a-9b4a881006ff___RS_HL 7433.jpg,3,healthy
plantvillage_leakfree/train/healthy/8e11b695-ac84-42c4-926a-b48b311bcfe8___RS_HL 7782.jpg,3,healthy
plantvillage_leakfree/train/healthy/8e153b00-732e-420f-8cea-f947b19403ad___RS_HL 7728.jpg,3,healthy
plantvillage_leakfree/train/healthy/8e1d492d-1f6e-48a1-aa14-db5bc515d580___RS_HL 7822.jpg,3,healthy
plantvillage_leakfree/train/healthy/8e2d41f1-9cae-4f1a-b7b4-9ec0c6fbd6fe___RS_HL 7329.jpg,3,healthy
plantvillage_leakfree/train/healthy/8e4e37b7-0ac8-44d3-90e7-001bf26aa5f3___RS_HL 7417.jpg,3,healthy
plantvillage_leakfree/train/healthy/8f38f758-8514-442b-82e9-90b53120db38___RS_HL 5781.jpg,3,healthy
plantvillage_leakfree/train/healthy/8f9ea5b9-f4c7-46d9-88b1-af5cf17694a0___RS_HL 7271.jpg,3,healthy
plantvillage_leakfree/train/healthy/8fd3cfbd-fbca-4c33-a2a7-1e7ecc71ec9e___RS_HL 6091.jpg,3,healthy
plantvillage_leakfree/train/healthy/90fd9659-9d97-4428-bc35-c84def0ba3ba___RS_HL 7981.jpg,3,healthy
plantvillage_leakfree/train/healthy/9130029f-854a-4099-bc98-74170edfb660___RS_HL 7448.jpg,3,healthy
plantvillage_leakfree/train/healthy/919e61a6-e6fa-4d4c-bad1-62eea9b19c79___RS_HL 8106.jpg,3,healthy
plantvillage_leakfree/train/healthy/91a935c4-659c-4344-8355-eba55d673af5___RS_HL 8189.jpg,3,healthy
plantvillage_leakfree/train/healthy/92425071-59b8-4490-bea5-91830169a5a1___RS_HL 7469.jpg,3,healthy
plantvillage_leakfree/train/healthy/9244aeb1-9d6d-4ef7-9d94-7a02e369feea___RS_HL 7327.jpg,3,healthy
plantvillage_leakfree/train/healthy/925d0f0f-08ae-4f20-a528-0f78bf27b9e7___RS_HL 8032.jpg,3,healthy
plantvillage_leakfree/train/healthy/9284bd52-df45-4fc3-aaa6-4323666b41c4___RS_HL 7348.jpg,3,healthy
plantvillage_leakfree/train/healthy/9290b98f-6984-44d4-b2d5-6eca9177156e___RS_HL 7458.jpg,3,healthy
plantvillage_leakfree/train/healthy/92effbbb-c662-40c8-8aa9-a5a453d859df___RS_HL 5899.jpg,3,healthy
plantvillage_leakfree/train/healthy/936c7bd1-5902-499b-b03b-bcf1f9434a06___RS_HL 7785.jpg,3,healthy
plantvillage_leakfree/train/healthy/94b7e2c6-9081-4546-b411-c89c0dd219e7___RS_HL 7416.jpg,3,healthy
plantvillage_leakfree/train/healthy/94c36e88-6c77-4e7b-b6c8-bf354d8f6fe9___RS_HL 7930.jpg,3,healthy
plantvillage_leakfree/train/healthy/950b3f81-0b23-4fed-a47c-e1291f430e8f___RS_HL 7418.jpg,3,healthy
plantvillage_leakfree/train/healthy/950e5c9d-49ec-4c5c-af23-69efff18f8a6___RS_HL 5749.jpg,3,healthy
plantvillage_leakfree/train/healthy/953076be-ed87-4a45-a553-48cd555b63bb___RS_HL 7888.jpg,3,healthy
plantvillage_leakfree/train/healthy/953743b5-d396-4f6f-926c-4e216df44f0b___RS_HL 5993.jpg,3,healthy
plantvillage_leakfree/train/healthy/956ef90c-41af-4e70-89a7-291687859623___RS_HL 6063.jpg,3,healthy
plantvillage_leakfree/train/healthy/957a4a41-e0d8-4dc3-8ed8-43f8c2ac3684___RS_HL 8157.jpg,3,healthy
plantvillage_leakfree/train/healthy/957b622a-4f30-459f-9dbb-97c3f4bde0d3___RS_HL 6150.jpg,3,healthy
plantvillage_leakfree/train/healthy/95884f1c-6886-41a1-9ce3-cffa1dcaf8e5___RS_HL 6051.jpg,3,healthy
plantvillage_leakfree/train/healthy/95e92b80-49d6-4589-95ad-be379775d193___RS_HL 7451.jpg,3,healthy
plantvillage_leakfree/train/healthy/962f2c1c-b6e2-4428-9ed1-077a92250128___RS_HL 5806.jpg,3,healthy
plantvillage_leakfree/train/healthy/966a6112-9699-4511-a71b-02a1dd62cb65___RS_HL 5850.jpg,3,healthy
plantvillage_leakfree/train/healthy/96717630-6d48-4660-b472-268f5f1304d9___RS_HL 7978.jpg,3,healthy
plantvillage_leakfree/train/healthy/96dce078-e196-4d9b-837a-570480acdf6d___RS_HL 7890.jpg,3,healthy
plantvillage_leakfree/train/healthy/96fa4629-851e-4706-b397-f27c6f6f272c___RS_HL 7913.jpg,3,healthy
plantvillage_leakfree/train/healthy/9781c9ee-9e01-4599-b799-3651b487ccc7___RS_HL 7304.jpg,3,healthy
plantvillage_leakfree/train/healthy/97a6eaed-70d4-4b78-9871-1aba3d7a9abe___RS_HL 7908.jpg,3,healthy
plantvillage_leakfree/train/healthy/985b2838-96ab-414f-9a53-89bb4567e682___RS_HL 5910.jpg,3,healthy
plantvillage_leakfree/train/healthy/98cfff90-4edc-4b41-b834-09d18d1c08ca___RS_HL 6142.jpg,3,healthy
plantvillage_leakfree/train/healthy/98f456da-9871-48b8-b74a-a251dcfd1f9e___RS_HL 6123.jpg,3,healthy
plantvillage_leakfree/train/healthy/990838f4-b976-45bb-859d-95de901acc8c___RS_HL 7365.jpg,3,healthy
plantvillage_leakfree/train/healthy/997e59bf-7010-4153-a994-47aee2fdc666___RS_HL 8023.jpg,3,healthy
plantvillage_leakfree/train/healthy/99997741-0ae6-4f14-a8e9-43b61a86ecc5___RS_HL 6294.jpg,3,healthy
plantvillage_leakfree/train/healthy/99b7cd44-a359-45f7-98e0-155aa8f44eec___RS_HL 5728.jpg,3,healthy
plantvillage_leakfree/train/healthy/99eee6bd-5bca-412a-beaa-afc6009bb868___RS_HL 7434.jpg,3,healthy
plantvillage_leakfree/train/healthy/9a7d0452-4015-4cef-ab3c-f8f9633b6e9b___RS_HL 8117.jpg,3,healthy
plantvillage_leakfree/train/healthy/9aa3bace-83a4-4572-a2b2-cc12dcb4cafa___RS_HL 5742.jpg,3,healthy
plantvillage_leakfree/train/healthy/9ac93ab7-5e33-46f3-9db7-008edcf15f30___RS_HL 5787.jpg,3,healthy
plantvillage_leakfree/train/healthy/9ae0c2e4-ff70-4be7-a231-65d4c2acd8ee___RS_HL 7476.jpg,3,healthy
plantvillage_leakfree/train/healthy/9b75de13-d4b0-4b3f-988c-3e9926eef957___RS_HL 6273.jpg,3,healthy
plantvillage_leakfree/train/healthy/9c95370b-3dfa-4f1d-b9d6-def93d1cda1b___RS_HL 8044.jpg,3,healthy
plantvillage_leakfree/train/healthy/9d135274-b26e-4925-8215-13c928b56b81___RS_HL 7583.jpg,3,healthy
plantvillage_leakfree/train/healthy/9d3b64cb-6af0-49b7-a488-2e8af4caff65___RS_HL 7330.jpg,3,healthy
plantvillage_leakfree/train/healthy/9d555477-70c8-4716-b22e-8e353a290632___RS_HL 8013.jpg,3,healthy
plantvillage_leakfree/train/healthy/9d72b93c-59d4-41ec-b346-954a1e8e57bb___RS_HL 6284.jpg,3,healthy
plantvillage_leakfree/train/healthy/9d872301-fed3-4fc4-bf58-9963a5248105___RS_HL 5678.jpg,3,healthy
plantvillage_leakfree/train/healthy/9d98700c-5613-4156-95db-e09fbb00cb04___RS_HL 8007.jpg,3,healthy
plantvillage_leakfree/train/healthy/9dba8abe-f50e-45fe-aa32-17dd4445189b___RS_HL 7489.jpg,3,healthy
plantvillage_leakfree/train/healthy/9decdcd8-8027-4901-8da6-bd27c01e1ba1___RS_HL 5798.jpg,3,healthy
plantvillage_leakfree/train/healthy/9e5f1beb-8245-4775-8298-4cb787b3f897___RS_HL 5854.jpg,3,healthy
plantvillage_leakfree/train/healthy/9e68d5bf-8b78-4ba1-9f04-ce5c69c14d46___RS_HL 7733.jpg,3,healthy
plantvillage_leakfree/train/healthy/9ee2b5e6-46cf-400f-a82f-660a2ac05157___RS_HL 5643.jpg,3,healthy
plantvillage_leakfree/train/healthy/9efbd99b-9ac8-4c6c-9ad6-6cece321b832___RS_HL 7346.jpg,3,healthy
plantvillage_leakfree/train/healthy/9f288c49-e11c-4054-9a44-b5e81e39427a___RS_HL 7938.jpg,3,healthy
plantvillage_leakfree/train/healthy/9f6f67e7-5369-4642-9594-a29fba331a5c___RS_HL 5907.jpg,3,healthy
plantvillage_leakfree/train/healthy/9fa007fa-08c0-4d3a-b2b4-9ac7ad72c316___RS_HL 7833.jpg,3,healthy
plantvillage_leakfree/train/healthy/9fc6acc1-0394-498d-b51c-d2e92febae55___RS_HL 6013.jpg,3,healthy
plantvillage_leakfree/train/healthy/9fd4b6dc-c72b-4a90-b9c6-e5518f237d90___RS_HL 5760.jpg,3,healthy
plantvillage_leakfree/train/healthy/9fe1ea92-d106-4bc5-a0da-072a67c3260b___RS_HL 7828.jpg,3,healthy
plantvillage_leakfree/train/healthy/a01b22a2-292a-485e-ad7d-ee14de31506c___RS_HL 6102.jpg,3,healthy
plantvillage_leakfree/train/healthy/a0ebd8aa-d4d7-459e-8ecf-72f6854436aa___RS_HL 6238.jpg,3,healthy
plantvillage_leakfree/train/healthy/a11acc05-8bd6-43f7-9b9e-3899a0bbce2c___RS_HL 7658.jpg,3,healthy
plantvillage_leakfree/train/healthy/a1644fa1-0871-47e1-a316-bc435c6a275b___RS_HL 6225.jpg,3,healthy
plantvillage_leakfree/train/healthy/a1788b2d-2440-4087-b2b8-166029c423ef___RS_HL 5713.jpg,3,healthy
plantvillage_leakfree/train/healthy/a1867bda-d965-4389-8a19-ed13c82df5f6___RS_HL 7655.jpg,3,healthy
plantvillage_leakfree/train/healthy/a2024303-1e78-4f1b-80b4-3f02f9f5dceb___RS_HL 7707.jpg,3,healthy
plantvillage_leakfree/train/healthy/a2b40acc-cec7-4c42-a1d4-199b85f7e4a1___RS_HL 7675.jpg,3,healthy
plantvillage_leakfree/train/healthy/a30bee25-14fb-43d2-9ab2-b179c920839c___RS_HL 5778.jpg,3,healthy
plantvillage_leakfree/train/healthy/a30edbd9-7605-47ca-9841-dce943c3e12a___RS_HL 7523.jpg,3,healthy
plantvillage_leakfree/train/healthy/a359d235-43af-469c-a14b-3a6677c0bb2e___RS_HL 8118.jpg,3,healthy
plantvillage_leakfree/train/healthy/a36d3771-3cbd-48ef-9e31-a1de629e56a6___RS_HL 8082.jpg,3,healthy
plantvillage_leakfree/train/healthy/a3bae732-a9e8-494a-93dd-7fd04dc558b7___RS_HL 6045.jpg,3,healthy
plantvillage_leakfree/train/healthy/a3d2fcfa-645e-419e-91a5-ab626f5fab6c___RS_HL 5930(1).jpg,3,healthy
plantvillage_leakfree/train/healthy/a3d2fcfa-645e-419e-91a5-ab626f5fab6c___RS_HL 5930.jpg,3,healthy
plantvillage_leakfree/train/healthy/a469c307-a754-4c0f-9012-b09ba22c4d00___RS_HL 5917_flipTB(1).jpg,3,healthy
plantvillage_leakfree/train/healthy/a46a0643-d128-49ed-8044-de7e97fe3f97___RS_HL 6259.jpg,3,healthy
plantvillage_leakfree/train/healthy/a48cbfdf-653b-4ab0-8f63-2d6977ec1014___RS_HL 5639.jpg,3,healthy
plantvillage_leakfree/train/healthy/a48cbfdf-653b-4ab0-8f63-2d6977ec1014___RS_HL 5639_flipTB(1).jpg,3,healthy
plantvillage_leakfree/train/healthy/a4b86fe3-2a80-4399-bc38-6ab0f6c1ece6___RS_HL 6056.jpg,3,healthy
plantvillage_leakfree/train/healthy/a4c37f29-8f5a-4a06-b6c4-367d523d452a___RS_HL 7374(1).jpg,3,healthy
plantvillage_leakfree/train/healthy/a4c37f29-8f5a-4a06-b6c4-367d523d452a___RS_HL 7374.jpg,3,healthy
plantvillage_leakfree/train/healthy/a4c3d6d2-cc69-4d8e-acc9-0e648df959ef___RS_HL 7806.jpg,3,healthy
plantvillage_leakfree/train/healthy/a4f33d84-f27c-481d-83ac-9575c8469fe6___RS_HL 7960.jpg,3,healthy
plantvillage_leakfree/train/healthy/a50556b8-e947-45f6-8b4e-6574ddab1903___RS_HL 7944.jpg,3,healthy
plantvillage_leakfree/train/healthy/a5121b4f-be3e-4911-9d15-2678a0ccf66d___RS_HL 7751.jpg,3,healthy
plantvillage_leakfree/train/healthy/a58444b0-ca47-491a-8ddb-c9ae42c26747___RS_HL 6060.jpg,3,healthy
plantvillage_leakfree/train/healthy/a5acd48c-a7c2-42de-8a2e-231bb94e134d___RS_HL 7591.jpg,3,healthy
plantvillage_leakfree/train/healthy/a5da624b-8a38-4e64-ae7f-ace8b7c20548___RS_HL 5997.jpg,3,healthy
plantvillage_leakfree/train/healthy/a600f02f-b4a8-43e5-8d31-4c0d99009d7b___RS_HL 8132.jpg,3,healthy
plantvillage_leakfree/train/healthy/a61c6603-0f78-4fb9-b917-99eaf0d67c3f___RS_HL 5853.jpg,3,healthy
plantvillage_leakfree/train/healthy/a63295f1-8032-4db2-b0d7-4e51f6e30bad___RS_HL 6089.jpg,3,healthy
plantvillage_leakfree/train/healthy/a65ad047-7fcd-4059-a4fa-15cd09a284d4___RS_HL 7861.jpg,3,healthy
plantvillage_leakfree/train/healthy/a6af24a5-31a8-4154-bfe6-7b3f7d516f6a___RS_HL 7622.jpg,3,healthy
plantvillage_leakfree/train/healthy/a6ff09a1-af72-4357-a122-4549efdb90b3___RS_HL 7646.jpg,3,healthy
plantvillage_leakfree/train/healthy/a7fde017-ef6b-44c7-9b1e-825ed048fcce___RS_HL 6049.jpg,3,healthy
plantvillage_leakfree/train/healthy/a850464f-70db-4726-8e80-bfe6ca501942___RS_HL 7999.jpg,3,healthy
plantvillage_leakfree/train/healthy/a8af4c4f-6022-4e82-99bf-b0044e1bd3c3___RS_HL 8003(1).jpg,3,healthy
plantvillage_leakfree/train/healthy/a8af4c4f-6022-4e82-99bf-b0044e1bd3c3___RS_HL 8003.jpg,3,healthy
plantvillage_leakfree/train/healthy/a8af4c4f-6022-4e82-99bf-b0044e1bd3c3___RS_HL 8003_flipTB(1).jpg,3,healthy
plantvillage_leakfree/train/healthy/a8bcd8e0-29d1-4118-9117-838fc9174aa9___RS_HL 7618(1).jpg,3,healthy
plantvillage_leakfree/train/healthy/a8bcd8e0-29d1-4118-9117-838fc9174aa9___RS_HL 7618.jpg,3,healthy
plantvillage_leakfree/train/healthy/a8bcd8e0-29d1-4118-9117-838fc9174aa9___RS_HL 7618_flipTB(1).jpg,3,healthy
plantvillage_leakfree/train/healthy/a8c76694-697e-4684-bc13-ac1302ebd3c0___RS_HL 7411.jpg,3,healthy
plantvillage_leakfree/train/healthy/a8d012ca-b1ac-45b6-b8fa-44257fd4605f___RS_HL 5824.jpg,3,healthy
plantvillage_leakfree/train/healthy/aa701c91-01d7-44bf-a1df-b4d8ca4fbce0___RS_HL 5715.jpg,3,healthy
plantvillage_leakfree/train/healthy/aa8e1c77-667f-4610-8e36-c8a21f1f9eae___RS_HL 7578_flipTB(1).jpg,3,healthy
plantvillage_leakfree/train/healthy/aacd1350-3b5c-46c6-9320-84f45f5161db___RS_HL 7746.jpg,3,healthy
plantvillage_leakfree/train/healthy/aacd1350-3b5c-46c6-9320-84f45f5161db___RS_HL 7746_flipTB(1).jpg,3,healthy
plantvillage_leakfree/train/healthy/ab014481-2a2f-4bb8-9a80-6b0ceb012625___RS_HL 5808(1).jpg,3,healthy
plantvillage_leakfree/train/healthy/ab014481-2a2f-4bb8-9a80-6b0ceb012625___RS_HL 5808_flipTB(1).jpg,3,healthy
plantvillage_leakfree/train/healthy/ab23fdc9-8036-47f2-a32b-b3facb13fd5b___RS_HL 5947.jpg,3,healthy
plantvillage_leakfree/train/healthy/ab3bb73a-9828-4951-89c1-44a47e980ca2___RS_HL 7695(1).jpg,3,healthy
plantvillage_leakfree/train/healthy/ab3bb73a-9828-4951-89c1-44a47e980ca2___RS_HL 7695.jpg,3,healthy
plantvillage_leakfree/train/healthy/ab407e72-8e8a-4d0b-b6c7-515054c65caa___RS_HL 7869(1).jpg,3,healthy
plantvillage_leakfree/train/healthy/ab407e72-8e8a-4d0b-b6c7-515054c65caa___RS_HL 7869_flipTB(1).jpg,3,healthy
plantvillage_leakfree/train/healthy/ab4fd2f9-da8a-4fe7-9634-50be1efa0730___RS_HL 7714(1).jpg,3,healthy
plantvillage_leakfree/train/healthy/ab4fd2f9-da8a-4fe7-9634-50be1efa0730___RS_HL 7714.jpg,3,healthy
plantvillage_leakfree/train/healthy/ab56c266-3b13-43f0-9856-587367a3b45a___RS_HL 5770(1).jpg,3,healthy
plantvillage_leakfree/train/healthy/ab56c266-3b13-43f0-9856-587367a3b45a___RS_HL 5770.jpg,3,healthy
plantvillage_leakfree/train/healthy/ab9d5340-375c-4935-b997-99ed6e2cfaea___RS_HL 7493.jpg,3,healthy
plantvillage_leakfree/train/healthy/abb44bf0-cc56-4086-a5eb-0747cddc367c___RS_HL 5679.jpg,3,healthy
plantvillage_leakfree/train/healthy/abc9f5f6-ea98-46c0-8df7-2986969318bf___RS_HL 5928.jpg,3,healthy
plantvillage_leakfree/train/healthy/ac41e650-367c-4a74-b26e-0a983bc1223b___RS_HL 7743.jpg,3,healthy
plantvillage_leakfree/train/healthy/ac49a568-aa04-4c08-88a6-d1551e3f41ca___RS_HL 8146.jpg,3,healthy
plantvillage_leakfree/train/healthy/ac7b5666-1fe7-4407-a769-7beb71dadd13___RS_HL 5640.jpg,3,healthy
plantvillage_leakfree/train/healthy/ac7b5666-1fe7-4407-a769-7beb71dadd13___RS_HL 5640_flipTB(1).jpg,3,healthy
plantvillage_leakfree/train/healthy/ac83e870-8aec-4b1a-8156-b9a60fa09259___RS_HL 5735(1).jpg,3,healthy
plantvillage_leakfree/train/healthy/ac83e870-8aec-4b1a-8156-b9a60fa09259___RS_HL 5735.jpg,3,healthy
plantvillage_leakfree/train/healthy/ac83e870-8aec-4b1a-8156-b9a60fa09259___RS_HL 5735_flipTB(1).jpg,3,healthy
plantvillage_leakfree/train/healthy/ac9eef55-7ba7-4663-913a-6c68fc5b3376___RS_HL 5696(1).jpg,3,healthy
plantvillage_leakfree/train/healthy/ac9eef55-7ba7-4663-913a-6c68fc5b3376___RS_HL 5696.jpg,3,healthy
plantvillage_leakfree/train/healthy/acb21cc2-8d65-4880-a7bb-dcc1eab1564b___RS_HL 6272(1).jpg,3,healthy
plantvillage_leakfree/train/healthy/ad7674f8-ff0c-43f8-9bb7-1c347ba197fe___RS_HL 7812.jpg,3,healthy
plantvillage_leakfree/train/healthy/ad772bfa-6845-4104-8d94-8d3a2adb67c2___RS_HL 6149.jpg,3,healthy
plantvillage_leakfree/train/healthy/ada1699c-0a91-44ea-bc2b-476147394421___RS_HL 5646.jpg,3,healthy
plantvillage_leakfree/train/healthy/ae0a8f1e-235b-4fd9-980f-58d486951875___RS_HL 6244.jpg,3,healthy
plantvillage_leakfree/train/healthy/ae11ce7e-dfd2-42bc-9e1b-0b6a29f9e538___RS_HL 5674.jpg,3,healthy
plantvillage_leakfree/train/healthy/ae2bb9d6-502a-4ae2-b4e4-4c2fffd06ebc___RS_HL 7951.jpg,3,healthy
plantvillage_leakfree/train/healthy/ae4a5e3d-c781-49ec-901e-940f127e1688___RS_HL 6128.jpg,3,healthy
plantvillage_leakfree/train/healthy/ae67e27b-7937-4094-9263-580fcff3718d___RS_HL 7663.jpg,3,healthy
plantvillage_leakfree/train/healthy/ae8840d7-cde8-4739-817a-9ff6f548c522___RS_HL 8197(1).jpg,3,healthy
plantvillage_leakfree/train/healthy/ae8840d7-cde8-4739-817a-9ff6f548c522___RS_HL 8197.jpg,3,healthy
plantvillage_leakfree/train/healthy/ae8840d7-cde8-4739-817a-9ff6f548c522___RS_HL 8197_flipTB(1).jpg,3,healthy
plantvillage_leakfree/train/healthy/aeae3ac9-437e-4f74-9ff4-48f9058e6c9e___RS_HL 7974(1).jpg,3,healthy
plantvillage_leakfree/train/healthy/aeae3ac9-437e-4f74-9ff4-48f9058e6c9e___RS_HL 7974.jpg,3,healthy
plantvillage_leakfree/train/healthy/aeae3ac9-437e-4f74-9ff4-48f9058e6c9e___RS_HL 7974_flipTB(1).jpg,3,healthy
plantvillage_leakfree/train/healthy/aed7208f-81b3-4fbc-869b-87083033e048___RS_HL 8180.jpg,3,healthy
plantvillage_leakfree/train/healthy/aede527b-869e-4e42-a760-3ada64aeb8aa___RS_HL 6131.jpg,3,healthy
plantvillage_leakfree/train/healthy/aede527b-869e-4e42-a760-3ada64aeb8aa___RS_HL 6131_flipTB(1).jpg,3,healthy
plantvillage_leakfree/train/healthy/af00bd10-d7ef-4076-90c8-28f2d6ff6aa2___RS_HL 8188.jpg,3,healthy
plantvillage_leakfree/train/healthy/af109f85-cfe8-4547-a642-10fd10a2b79b___RS_HL 7393.jpg,3,healthy
plantvillage_leakfree/train/healthy/af413561-59ca-4d3a-9e7d-34711b946db4___RS_HL 6298.jpg,3,healthy
plantvillage_leakfree/train/healthy/afac9fcd-ff8d-4ab8-9be2-c5649a59d6a0___RS_HL 6324.jpg,3,healthy
plantvillage_leakfree/train/healthy/afc0668a-0e88-4fa3-a91b-acf3f54551d7___RS_HL 7800.jpg,3,healthy
plantvillage_leakfree/train/healthy/afc70f71-aaa3-4de5-9fe4-1e951fda71cc___RS_HL 6211.jpg,3,healthy
plantvillage_leakfree/train/healthy/b06260e3-9149-43c1-ab1d-2a592ee2b7fc___RS_HL 5825.jpg,3,healthy
plantvillage_leakfree/train/healthy/b0ba7a6d-95eb-44e2-a2a5-4d9ef9b489d7___RS_HL 5896.jpg,3,healthy
plantvillage_leakfree/train/healthy/b1784ebf-1145-4997-8e7c-4238d0ee2575___RS_HL 6299.jpg,3,healthy
plantvillage_leakfree/train/healthy/b17878ef-2476-4eba-9bdf-0a7950edae2a___RS_HL 7957.jpg,3,healthy
plantvillage_leakfree/train/healthy/b1e778d9-67ab-4480-ad8c-99608cbad53e___RS_HL 5976.jpg,3,healthy
plantvillage_leakfree/train/healthy/b2187f22-a9bf-47e1-8b92-b12af779833f___RS_HL 5944.jpg,3,healthy
plantvillage_leakfree/train/healthy/b228e0e9-6082-4f02-a31e-11077fff799a___RS_HL 8143.jpg,3,healthy
plantvillage_leakfree/train/healthy/b2acd8b3-5156-4568-95e3-b7c6604ce7cc___RS_HL 7959.jpg,3,healthy
plantvillage_leakfree/train/healthy/b2daabdc-93aa-462f-8789-6e491d95a027___RS_HL 7641.jpg,3,healthy
plantvillage_leakfree/train/healthy/b31cfff9-da7e-40ca-8e8a-2b8562031473___RS_HL 7333.jpg,3,healthy
plantvillage_leakfree/train/healthy/b3562453-945e-4462-8589-ec879c2a4102___RS_HL 5893.jpg,3,healthy
plantvillage_leakfree/train/healthy/b3731461-8db1-42f5-9976-5f3b8b72935b___RS_HL 5973.jpg,3,healthy
plantvillage_leakfree/train/healthy/b49f9a95-3672-4f62-9767-51a0f9825267___RS_HL 6232.jpg,3,healthy
plantvillage_leakfree/train/healthy/b553a8a1-d101-4b38-aa0b-e76c89c10554___RS_HL 8010.jpg,3,healthy
plantvillage_leakfree/train/healthy/b55fbd6e-955c-4016-acff-4829df8a2f0f___RS_HL 7399.jpg,3,healthy
plantvillage_leakfree/train/healthy/b681e485-e0a6-489f-b9c9-c67d67e70801___RS_HL 5874.jpg,3,healthy
plantvillage_leakfree/train/healthy/b68238fa-2e01-43b2-bf8c-0e9d38848b02___RS_HL 6289.jpg,3,healthy
plantvillage_leakfree/train/healthy/b687a4b9-a56c-4d15-b1a4-0e0ce647f7d3___RS_HL 7935.jpg,3,healthy
plantvillage_leakfree/train/healthy/b776b468-ee06-4871-98da-3998ead30369___RS_HL 7438.jpg,3,healthy
plantvillage_leakfree/train/healthy/b78e8d44-f901-4cef-bb6b-220e229796e8___RS_HL 7468.jpg,3,healthy
plantvillage_leakfree/train/healthy/b78fc35e-44b6-4e89-8a23-54becf423e0c___RS_HL 5964.jpg,3,healthy
plantvillage_leakfree/train/healthy/b79b7572-548b-400e-a675-1ffa9a1d6079___RS_HL 6281.jpg,3,healthy
plantvillage_leakfree/train/healthy/b7bc8a7b-c93c-44c2-9b8f-d142e05cee7f___RS_HL 7617.jpg,3,healthy
plantvillage_leakfree/train/healthy/b7e9a2ff-31e8-4ddc-b739-17a8889715e7___RS_HL 6285.jpg,3,healthy
plantvillage_leakfree/train/healthy/b876a8f5-9fee-48fe-817c-f810a55c9ee2___RS_HL 7496.jpg,3,healthy
plantvillage_leakfree/train/healthy/b8e23dd6-ff8c-4617-8602-c9c3a0039766___RS_HL 7983.jpg,3,healthy
plantvillage_leakfree/train/healthy/b8ed9a0b-1f7d-476e-907e-7c3c6936d325___RS_HL 5769.jpg,3,healthy
plantvillage_leakfree/train/healthy/b93cadc6-112d-40f1-bec9-60c88e79f919___RS_HL 6229.jpg,3,healthy
plantvillage_leakfree/train/healthy/b95d7446-58e5-4f88-a1a9-4ee2930051c4___RS_HL 8205.jpg,3,healthy
plantvillage_leakfree/train/healthy/b9a7faa2-e43b-4d8d-8df0-2256c8ee3607___RS_HL 7483.jpg,3,healthy
plantvillage_leakfree/train/healthy/b9d6a99b-7ffb-47a2-a9f5-e3fedf6c0ec8___RS_HL 8204.jpg,3,healthy
plantvillage_leakfree/train/healthy/b9e6aeac-899b-4f14-9e45-abb938f58ec1___RS_HL 8200.jpg,3,healthy
plantvillage_leakfree/train/healthy/ba0769ee-18a8-4250-b5c3-d7cfbb1ea0ac___RS_HL 6205.jpg,3,healthy
plantvillage_leakfree/train/healthy/ba1c31ed-0786-4d38-97dc-99c28fb61e64___RS_HL 7289.jpg,3,healthy
plantvillage_leakfree/train/healthy/ba26ee51-3cff-482d-8ed1-4387aa33f208___RS_HL 7316.jpg,3,healthy
plantvillage_leakfree/train/healthy/baf96695-955b-4e24-8b10-c0d544a5d91a___RS_HL 7248.jpg,3,healthy
plantvillage_leakfree/train/healthy/bb575ddf-8661-4bcc-82ee-25050ba543b7___RS_HL 5807.jpg,3,healthy
plantvillage_leakfree/train/healthy/bb94fafa-e2c6-41bc-8146-83835e579513___RS_HL 7585.jpg,3,healthy
plantvillage_leakfree/train/healthy/bbc953a4-7860-4273-a653-6697a53c74e2___RS_HL 7606.jpg,3,healthy
plantvillage_leakfree/train/healthy/bbf190ed-4d1d-4add-a0d9-e672860c7b1e___RS_HL 7736.jpg,3,healthy
plantvillage_leakfree/train/healthy/bc1fe2f2-05c7-485e-9f97-af1dfb59394a___RS_HL 5901.jpg,3,healthy
plantvillage_leakfree/train/healthy/bc9b490b-eb06-4b0a-bfcc-f90478e0418b___RS_HL 7677.jpg,3,healthy
plantvillage_leakfree/train/healthy/bcc124a4-afd2-4663-86ff-5eef7101bf02___RS_HL 7939.jpg,3,healthy
plantvillage_leakfree/train/healthy/bcd55989-eab4-4d03-8fe2-2f24ba37c637___RS_HL 7394.jpg,3,healthy
plantvillage_leakfree/train/healthy/bd55e151-34f4-46b0-8683-7315c39a7e34___RS_HL 7802.jpg,3,healthy
plantvillage_leakfree/train/healthy/bd61a0a7-939f-43ba-bb02-168ceb97a32a___RS_HL 5902.jpg,3,healthy
plantvillage_leakfree/train/healthy/bd8417a5-84a7-4d6f-b71c-687c343d97f5___RS_HL 6028.jpg,3,healthy
plantvillage_leakfree/train/healthy/bd910a05-42d0-4e01-9d88-0c8577ccdbe2___RS_HL 7396.jpg,3,healthy
plantvillage_leakfree/train/healthy/bd91bdc8-d23d-4414-94ab-485c2bc509b1___RS_HL 6313.jpg,3,healthy
plantvillage_leakfree/train/healthy/bda31474-87d3-4256-ace8-00d20ef05139___RS_HL 7443.jpg,3,healthy
plantvillage_leakfree/train/healthy/bdcce69f-7520-48cc-b22b-c3ad33d5be71___RS_HL 7878.jpg,3,healthy
plantvillage_leakfree/train/healthy/bde3160c-8a91-4169-908c-62b3429dc829___RS_HL 5981.jpg,3,healthy
plantvillage_leakfree/train/healthy/bdf80993-e555-4609-8a83-7f1676bce18b___RS_HL 5682.jpg,3,healthy
plantvillage_leakfree/train/healthy/be0f61c7-6307-4492-8a2c-50987ca6890e___RS_HL 7403.jpg,3,healthy
plantvillage_leakfree/train/healthy/be58ce4e-6678-4315-8786-31bd39e11909___RS_HL 6106.jpg,3,healthy
plantvillage_leakfree/train/healthy/be76ffa1-32a2-4d45-a5b4-740f0eb73156___RS_HL 5974.jpg,3,healthy
plantvillage_leakfree/train/healthy/be861072-a40c-4318-80a7-659f9f9a11ae___RS_HL 6241.jpg,3,healthy
plantvillage_leakfree/train/healthy/becd7e46-f87c-46d0-a973-f957e99ba4b7___RS_HL 7519.jpg,3,healthy
plantvillage_leakfree/train/healthy/bed5806d-7325-4a3f-9515-e357432636f1___RS_HL 6301.jpg,3,healthy
plantvillage_leakfree/train/healthy/bede2484-dd97-4291-9132-bf015313a6bd___RS_HL 8196.jpg,3,healthy
plantvillage_leakfree/train/healthy/bf26ad48-1ebb-4186-a52c-e249dc19317e___RS_HL 8195.jpg,3,healthy
plantvillage_leakfree/train/healthy/bf5065ab-8a95-42b7-a914-60c43973ac47___RS_HL 5827.jpg,3,healthy
plantvillage_leakfree/train/healthy/bf5b3cf2-cc13-4fbd-b629-7a7f56afe59b___RS_HL 5932.jpg,3,healthy
plantvillage_leakfree/train/healthy/bf8697bb-a12a-4488-9178-22180bde51e5___RS_HL 5889.jpg,3,healthy
plantvillage_leakfree/train/healthy/bfe9c599-e0d3-4ce6-8d8a-403df3d265cc___RS_HL 8058.jpg,3,healthy
plantvillage_leakfree/train/healthy/bfef73e8-a8d2-4c50-8266-b8eaafd993e4___RS_HL 5861.jpg,3,healthy
plantvillage_leakfree/train/healthy/c023b0a2-5c8b-448f-9735-2e11a7a389ec___RS_HL 6198.jpg,3,healthy
plantvillage_leakfree/train/healthy/c02b90e9-753e-44a7-a4b8-1e19f1de42f4___RS_HL 7971.jpg,3,healthy
plantvillage_leakfree/train/healthy/c05b58c7-3d82-4e6b-b64f-324e0d30d44b___RS_HL 6320.jpg,3,healthy
plantvillage_leakfree/train/healthy/c07b5a20-2ebb-44b8-8a17-f8ce3890de91___RS_HL 7638.jpg,3,healthy
plantvillage_leakfree/train/healthy/c09a02e7-f47a-4dea-b648-eaad0d9f3df1___RS_HL 6037.jpg,3,healthy
plantvillage_leakfree/train/healthy/c0eef36a-242b-4420-9153-198446da57d4___RS_HL 7478.jpg,3,healthy
plantvillage_leakfree/train/healthy/c0ffd6a1-e3d2-4034-aa74-597bf3a257e9___RS_HL 7973.jpg,3,healthy
plantvillage_leakfree/train/healthy/c1b8e085-537b-4a2d-890f-76f0dabb4757___RS_HL 7928.jpg,3,healthy
plantvillage_leakfree/train/healthy/c1c192eb-1b3d-4fc5-b2c1-4eba9445536d___RS_HL 8061.jpg,3,healthy
plantvillage_leakfree/train/healthy/c1d50cb3-894c-4cfa-b414-b0a81b8cfbe6___RS_HL 7405.jpg,3,healthy
plantvillage_leakfree/train/healthy/c1fb257d-b00b-4a71-baad-92a73af09f52___RS_HL 5745.jpg,3,healthy
plantvillage_leakfree/train/healthy/c21cf428-bfc3-4710-b5d2-69d1c0e94748___RS_HL 6268.jpg,3,healthy
plantvillage_leakfree/train/healthy/c2498e7d-1a61-467a-9de9-800bab0e69bb___RS_HL 7395.jpg,3,healthy
plantvillage_leakfree/train/healthy/c25d42b9-915a-442d-bdae-d1405e76b8a8___RS_HL 6179.jpg,3,healthy
plantvillage_leakfree/train/healthy/c2bb2f86-2dc0-46cb-b6af-6fcfde123bec___RS_HL 7762.jpg,3,healthy
plantvillage_leakfree/train/healthy/c337df55-148e-41c6-8739-e7c87ec1b32e___RS_HL 6276.jpg,3,healthy
plantvillage_leakfree/train/healthy/c338ab5c-055e-4159-949f-9797c7314963___RS_HL 5989.jpg,3,healthy
plantvillage_leakfree/train/healthy/c35175e9-8421-4af6-a6dd-fc8163d7ba73___RS_HL 7876.jpg,3,healthy
plantvillage_leakfree/train/healthy/c36cccf8-e56e-49ea-ba5e-b44cb9e04ebd___RS_HL 6062.jpg,3,healthy
plantvillage_leakfree/train/healthy/c3740e2e-9676-4468-a33b-3e11de158532___RS_HL 5872.jpg,3,healthy
plantvillage_leakfree/train/healthy/c419612e-2fa8-4d25-96c5-0bf68b3c7205___RS_HL 7720.jpg,3,healthy
plantvillage_leakfree/train/healthy/c4fcb18d-d501-43da-a069-85bb58831714___RS_HL 5840.jpg,3,healthy
plantvillage_leakfree/train/healthy/c53b358c-9cf4-4388-9743-7c3447715424___RS_HL 7880.jpg,3,healthy
plantvillage_leakfree/train/healthy/c53e1b93-f910-412e-b902-19f1693ea08d___RS_HL 5962.jpg,3,healthy
plantvillage_leakfree/train/healthy/c5415525-b654-4f0d-8aaf-c529db6c630f___RS_HL 8115.jpg,3,healthy
plantvillage_leakfree/train/healthy/c57694cb-8849-405f-9a84-bf0158c53c95___RS_HL 7241.jpg,3,healthy
plantvillage_leakfree/train/healthy/c58cad9c-4529-4be6-8c40-d0f10701fe14___RS_HL 5744.jpg,3,healthy
plantvillage_leakfree/train/healthy/c5a79e4d-e008-452d-b71d-503ef9077903___RS_HL 8027.jpg,3,healthy
plantvillage_leakfree/train/healthy/c5a85d3c-72bf-4768-9e3c-d6ba6da6e82e___RS_HL 6295.jpg,3,healthy
plantvillage_leakfree/train/healthy/c5bcd10f-39aa-47ce-a4e2-1f225bc60912___RS_HL 8037.jpg,3,healthy
plantvillage_leakfree/train/healthy/c6086c14-d6e9-4c87-8bfe-1275b959bcf7___RS_HL 7369.jpg,3,healthy
plantvillage_leakfree/train/healthy/c69a5e33-20a9-4f74-922e-c3bc34b1c98e___RS_HL 7921.jpg,3,healthy
plantvillage_leakfree/train/healthy/c6d3d356-50ed-4d65-8d29-e1b1b9f8f478___RS_HL 7347.jpg,3,healthy
plantvillage_leakfree/train/healthy/c6d8dca1-8921-4f81-aebe-90a692636b5a___RS_HL 7795.jpg,3,healthy
plantvillage_leakfree/train/healthy/c6e3b06c-3fb3-4516-b663-dea564d907d8___RS_HL 6309.jpg,3,healthy
plantvillage_leakfree/train/healthy/c73cded7-83a5-4c2f-8f38-0b225165822c___RS_HL 5826.jpg,3,healthy
plantvillage_leakfree/train/healthy/c7ede8ae-237e-4228-b635-96d3b6a0bebe___RS_HL 7986.jpg,3,healthy
plantvillage_leakfree/train/healthy/c81e4d98-e76b-48cf-b03a-2ad382d19842___RS_HL 7807.jpg,3,healthy
plantvillage_leakfree/train/healthy/c81fa31b-23b0-4e58-bb69-36a45cb7898a___RS_HL 6093.jpg,3,healthy
plantvillage_leakfree/train/healthy/c854044d-2c8f-4c16-9601-7183b71e25cc___RS_HL 8047.jpg,3,healthy
plantvillage_leakfree/train/healthy/c866af3f-3279-42b7-8e3d-f4f1a84f733b___RS_HL 5883.jpg,3,healthy
plantvillage_leakfree/train/healthy/c86f1476-4e5c-4dbd-923d-a575bd03cd18___RS_HL 6210.jpg,3,healthy
plantvillage_leakfree/train/healthy/c870969d-cf55-467f-85fe-f9752cb76ec6___RS_HL 6323.jpg,3,healthy
plantvillage_leakfree/train/healthy/c8fe407d-1806-41a1-9fee-0c7d2c538fba___RS_HL 6166.jpg,3,healthy
plantvillage_leakfree/train/healthy/c933494d-e4a3-497e-8518-c239d4f49f96___RS_HL 7423.jpg,3,healthy
plantvillage_leakfree/train/healthy/c936479f-544d-482a-a3d2-19b8bf69bf8d___RS_HL 7898.jpg,3,healthy
plantvillage_leakfree/train/healthy/c95a27db-a513-4f92-b74f-cc4db60999a3___RS_HL 7599.jpg,3,healthy
plantvillage_leakfree/train/healthy/c95d4ca9-d33d-4cd6-b0da-31f327e8a5d6___RS_HL 7911.jpg,3,healthy
plantvillage_leakfree/train/healthy/c9783552-aa6d-4288-ab36-a30887253bdd___RS_HL 7547.jpg,3,healthy
plantvillage_leakfree/train/healthy/c9e911e2-cba6-4a08-b2a5-1c0e1bca68da___RS_HL 5821.jpg,3,healthy
plantvillage_leakfree/train/healthy/c9ea6277-0581-43dd-91d6-3fddfdf447be___RS_HL 7412.jpg,3,healthy
plantvillage_leakfree/train/healthy/c9ecb848-37bb-4076-9f57-c1bbe22dbec2___RS_HL 7288.jpg,3,healthy
plantvillage_leakfree/train/healthy/c9fff3f0-930b-41e7-889d-8e60e0b720cd___RS_HL 7781.jpg,3,healthy
plantvillage_leakfree/train/healthy/ca145350-137b-48ed-bbb4-0716f0f00448___RS_HL 7597.jpg,3,healthy
plantvillage_leakfree/train/healthy/ca1cb6e7-c72f-4c06-b7c8-b370b48a74c6___RS_HL 5691.jpg,3,healthy
plantvillage_leakfree/train/healthy/ca66c694-e8cb-47df-84af-b4c46de1fd3e___RS_HL 7862.jpg,3,healthy
plantvillage_leakfree/train/healthy/cb2820ba-baab-455a-8830-df6f53bbb580___RS_HL 6097.jpg,3,healthy
plantvillage_leakfree/train/healthy/cb32fb76-f899-4c50-8599-2d9551ff036d___RS_HL 6084.jpg,3,healthy
plantvillage_leakfree/train/healthy/cb6dbf98-5036-45b9-ab80-45b22ddbac00___RS_HL 6296.jpg,3,healthy
plantvillage_leakfree/train/healthy/cbd14a0d-dbbd-42b7-a28e-4ad56133b425___RS_HL 7491.jpg,3,healthy
plantvillage_leakfree/train/healthy/cc2bdee9-6965-4a72-9e00-b5cf39074c88___RS_HL 8114.jpg,3,healthy
plantvillage_leakfree/train/healthy/cc804c2c-87af-4c9f-b347-344701081271___RS_HL 7275.jpg,3,healthy
plantvillage_leakfree/train/healthy/cc97a80b-968e-46ba-a7ad-afd3d0ffb21f___RS_HL 6048.jpg,3,healthy
plantvillage_leakfree/train/healthy/ccf86248-4dee-4fa3-8192-fc145a227ff1___RS_HL 8097.jpg,3,healthy
plantvillage_leakfree/train/healthy/cd18fd71-59d6-4d48-8c52-d31ff68f1fe2___RS_HL 5716.jpg,3,healthy
plantvillage_leakfree/train/healthy/cd2bbe2b-8b63-44ea-a259-59d15dcf545d___RS_HL 8126.jpg,3,healthy
plantvillage_leakfree/train/healthy/cd320898-881e-4546-86fe-dd8676a88db8___RS_HL 7516.jpg,3,healthy
plantvillage_leakfree/train/healthy/cd39b453-a3bf-4c8c-9a17-98d8a9cde2a0___RS_HL 5775.jpg,3,healthy
plantvillage_leakfree/train/healthy/cdd69da3-ed98-4c7f-9ee9-f0673820a56a___RS_HL 7631.jpg,3,healthy
plantvillage_leakfree/train/healthy/ce2974ce-80a1-4edc-ab11-901f22a0c009___RS_HL 7700.jpg,3,healthy
plantvillage_leakfree/train/healthy/ce2f655a-64d9-44ed-a67c-7e23db612a35___RS_HL 7915.jpg,3,healthy
plantvillage_leakfree/train/healthy/ce955079-4dde-4b96-9240-5348dbb3c774___RS_HL 7760.jpg,3,healthy
plantvillage_leakfree/train/healthy/ce9a3738-55ea-4974-8539-922ed4f864b8___RS_HL 6175.jpg,3,healthy
plantvillage_leakfree/train/healthy/ced1918e-3327-45c8-8107-c93dd2586380___RS_HL 5970.jpg,3,healthy
plantvillage_leakfree/train/healthy/ced4e27a-5eff-4190-a33a-cdc3d84c811e___RS_HL 6270.jpg,3,healthy
plantvillage_leakfree/train/healthy/cf3df371-fa11-469e-8ab9-7bbeb7435920___RS_HL 6080.jpg,3,healthy
plantvillage_leakfree/train/healthy/cfb93659-94c6-4ff3-8104-bae70c975bde___RS_HL 5666.jpg,3,healthy
plantvillage_leakfree/train/healthy/d05d3b29-86dc-411c-a7c2-ca2f9a784e02___RS_HL 8138.jpg,3,healthy
plantvillage_leakfree/train/healthy/d092beaf-5cb5-400a-a3b7-b8bcd501af2b___RS_HL 8076.jpg,3,healthy
plantvillage_leakfree/train/healthy/d103c4fb-790f-4178-8208-dd191b375600___RS_HL 5645.jpg,3,healthy
plantvillage_leakfree/train/healthy/d137e403-df20-4a3e-8b30-ab3357870c6f___RS_HL 8048.jpg,3,healthy
plantvillage_leakfree/train/healthy/d15fe9d3-0631-4482-a482-68d9169f1970___RS_HL 7894.jpg,3,healthy
plantvillage_leakfree/train/healthy/d1b50c46-7da6-4940-89e2-800d8c56c228___RS_HL 7594.jpg,3,healthy
plantvillage_leakfree/train/healthy/d1dd75fa-e0f8-4942-b530-5f6371ac9bc8___RS_HL 7427.jpg,3,healthy
plantvillage_leakfree/train/healthy/d22b7ff6-c7a8-4c8a-b398-918ea6009893___RS_HL 7604.jpg,3,healthy
plantvillage_leakfree/train/healthy/d25674da-5147-4d9d-9041-5b1e97afbdc5___RS_HL 7492.jpg,3,healthy
plantvillage_leakfree/train/healthy/d27854b1-51af-4804-a928-9305d63f2db1___RS_HL 6181.jpg,3,healthy
plantvillage_leakfree/train/healthy/d29e5681-1f95-4efa-9196-9ecd45538d87___RS_HL 7328.jpg,3,healthy
plantvillage_leakfree/train/healthy/d2ccc66e-eedd-4a68-8b8b-d4b8018f6a56___RS_HL 5792.jpg,3,healthy
plantvillage_leakfree/train/healthy/d2fc2f4e-9094-4e38-bc7a-f40c5c059280___RS_HL 8170.jpg,3,healthy
plantvillage_leakfree/train/healthy/d2fe5d37-e8e1-42b2-a24b-875fb2527675___RS_HL 7947.jpg,3,healthy
plantvillage_leakfree/train/healthy/d321145e-6ab0-4ad2-8109-f34ee4389149___RS_HL 7848.jpg,3,healthy
plantvillage_leakfree/train/healthy/d3543a4b-c5df-44f9-99e2-199e814e61cc___RS_HL 7805.jpg,3,healthy
plantvillage_leakfree/train/healthy/d3647b4c-45d8-4366-8e93-baf1310072ba___RS_HL 6248.jpg,3,healthy
plantvillage_leakfree/train/healthy/d3780b4b-4bf7-484a-ab4a-2c2f0894f930___RS_HL 7681.jpg,3,healthy
plantvillage_leakfree/train/healthy/d3b63202-6e22-4d60-b4d0-31c54ffd2762___RS_HL 5675.jpg,3,healthy
plantvillage_leakfree/train/healthy/d3db83a2-69b7-4de2-b868-fc3f04a0bf85___RS_HL 7481.jpg,3,healthy
plantvillage_leakfree/train/healthy/d4008303-6d94-458e-b0f4-61044cc427ae___RS_HL 7709.jpg,3,healthy
plantvillage_leakfree/train/healthy/d43caafc-79b9-43fb-ad92-d72d56a98494___RS_HL 7398.jpg,3,healthy
plantvillage_leakfree/train/healthy/d454a4da-a867-45f8-962e-465946df58c9___RS_HL 5876.jpg,3,healthy
plantvillage_leakfree/train/healthy/d45d99cd-6834-4e22-9a4d-f58ef0806ed0___RS_HL 7562.jpg,3,healthy
plantvillage_leakfree/train/healthy/d496c802-e976-49b5-af09-b698fcf991f7___RS_HL 7429.jpg,3,healthy
plantvillage_leakfree/train/healthy/d4ddb36a-e4cf-41be-b3f6-16c584e62b9a___RS_HL 7994.jpg,3,healthy
plantvillage_leakfree/train/healthy/d509b6e5-a4b7-49c8-ac55-c06c8dab3005___RS_HL 7626.jpg,3,healthy
plantvillage_leakfree/train/healthy/d529f5df-f802-4cfe-9a4c-4739ba5dfbdf___RS_HL 7875.jpg,3,healthy
plantvillage_leakfree/train/healthy/d54ab4d3-cd8b-4485-81b5-a38273f5fe1f___RS_HL 6076.jpg,3,healthy
plantvillage_leakfree/train/healthy/d5551b0d-594f-48c7-b689-c409145bf6cf___RS_HL 6325.jpg,3,healthy
plantvillage_leakfree/train/healthy/d57beb14-b60a-431f-8a41-17a342cba57a___RS_HL 5737.jpg,3,healthy
plantvillage_leakfree/train/healthy/d57f5f33-d8e9-4c40-80ad-c2875743f781___RS_HL 5726.jpg,3,healthy
plantvillage_leakfree/train/healthy/d5c866b2-7eb2-421a-a42a-906308cbffb2___RS_HL 6116.jpg,3,healthy
plantvillage_leakfree/train/healthy/d5f63752-d817-4b29-a773-f0e87544d61f___RS_HL 7247.jpg,3,healthy
plantvillage_leakfree/train/healthy/d6035c7f-f163-4c6b-ba51-d61d10ca1fed___RS_HL 8109.jpg,3,healthy
plantvillage_leakfree/train/healthy/d61c652b-5e6d-4994-aa4c-bbde26ca0de8___RS_HL 6002.jpg,3,healthy
plantvillage_leakfree/train/healthy/d6318793-dacc-4b58-bb19-043324042180___RS_HL 7246.jpg,3,healthy
plantvillage_leakfree/train/healthy/d64e56f8-7015-423b-9926-5fcf3b4370f5___RS_HL 7735.jpg,3,healthy
plantvillage_leakfree/train/healthy/d6590bcb-cb7e-47c9-beb0-80785efb4046___RS_HL 6234.jpg,3,healthy
plantvillage_leakfree/train/healthy/d6a24569-4143-4445-9b3f-77c889df9cd8___RS_HL 6288.jpg,3,healthy
plantvillage_leakfree/train/healthy/d6aa67d8-1597-4c78-ae39-a6dcad5de6b2___RS_HL 6188.jpg,3,healthy
plantvillage_leakfree/train/healthy/d6daf7ae-43ab-4a27-a881-8b716d6c55a1___RS_HL 5845.jpg,3,healthy
plantvillage_leakfree/train/healthy/d7308460-64d2-4e9e-aa0d-5b4f62d378ef___RS_HL 5802.jpg,3,healthy
plantvillage_leakfree/train/healthy/d74bd0ad-5a61-48ed-a5b6-9e0bf5f3911d___RS_HL 7906.jpg,3,healthy
plantvillage_leakfree/train/healthy/d76e79e5-2cd5-4a03-9354-5759b2741210___RS_HL 7980.jpg,3,healthy
plantvillage_leakfree/train/healthy/d7e45523-ed79-4f45-ac59-92c7234682b6___RS_HL 7510.jpg,3,healthy
plantvillage_leakfree/train/healthy/d80a4d8f-c6a6-41e9-92d0-ba21894f8c64___RS_HL 5794.jpg,3,healthy
plantvillage_leakfree/train/healthy/d80c1667-5e83-4405-9759-a9521eff44ad___RS_HL 5699.jpg,3,healthy
plantvillage_leakfree/train/healthy/d81744f3-b4a1-4343-b956-7975fe630b83___RS_HL 7343.jpg,3,healthy
plantvillage_leakfree/train/healthy/d82119e5-4ee9-4523-9e08-e827d2df02cb___RS_HL 7355.jpg,3,healthy
plantvillage_leakfree/train/healthy/d87f5af4-6d78-40a7-838c-c5016a07a111___RS_HL 5676.jpg,3,healthy
plantvillage_leakfree/train/healthy/d88aa4e9-2d7d-4bd6-9a1d-e2f5a77507ff___RS_HL 7673.jpg,3,healthy
plantvillage_leakfree/train/healthy/d89ecf86-b89a-4be1-9ac9-017d54734563___RS_HL 7402.jpg,3,healthy
plantvillage_leakfree/train/healthy/d8bd2900-b811-43a1-9ed7-05aa5f3f2649___RS_HL 7794.jpg,3,healthy
plantvillage_leakfree/train/healthy/d990e148-621b-4e71-8a8c-9b71c15f7faf___RS_HL 8004.jpg,3,healthy
plantvillage_leakfree/train/healthy/d9983cb7-98ea-4dff-b283-faa1d93faa36___RS_HL 7749.jpg,3,healthy
plantvillage_leakfree/train/healthy/d99bef24-fac5-4739-8e4e-02465dba4fa8___RS_HL 5686.jpg,3,healthy
plantvillage_leakfree/train/healthy/d9cf36cf-9ce1-4846-927e-17287008563e___RS_HL 7335.jpg,3,healthy
plantvillage_leakfree/train/healthy/d9e69ce7-c65b-4c96-85ad-04fcb1698d55___RS_HL 8020.jpg,3,healthy
plantvillage_leakfree/train/healthy/da4815d7-03f0-44f0-bc35-8d28c578cbc2___RS_HL 5990.jpg,3,healthy
plantvillage_leakfree/train/healthy/da91e28c-3e10-406c-be5c-d10afd8e183d___RS_HL 6041.jpg,3,healthy
plantvillage_leakfree/train/healthy/dab1c693-aed0-4a33-ab47-66948821a615___RS_HL 7706.jpg,3,healthy
plantvillage_leakfree/train/healthy/daf045c7-3756-4753-922e-8f36a84a3422___RS_HL 5719.jpg,3,healthy
plantvillage_leakfree/train/healthy/db172d76-ff08-4bd5-bd0b-6231f432434a___RS_HL 5725.jpg,3,healthy
plantvillage_leakfree/train/healthy/db44d33e-8ef6-449f-9c92-211b4f7412ce___RS_HL 5783.jpg,3,healthy
plantvillage_leakfree/train/healthy/dbe7017a-b866-4c93-8ee5-8b2526929328___RS_HL 7992.jpg,3,healthy
plantvillage_leakfree/train/healthy/dbe783c1-f25b-4c7b-9151-4f4abab0ec31___RS_HL 5701.jpg,3,healthy
plantvillage_leakfree/train/healthy/dc18b924-f172-445d-8fed-61445d437aaa___RS_HL 6270.jpg,3,healthy
plantvillage_leakfree/train/healthy/dc456961-360a-419b-abb7-b3de3963742a___RS_HL 6055.jpg,3,healthy
plantvillage_leakfree/train/healthy/dd2b6b6b-2278-4f52-8009-2d57037ab3f2___RS_HL 5670.jpg,3,healthy
plantvillage_leakfree/train/healthy/ddbedf65-df68-476a-b6d5-c2b72d5e9b0b___RS_HL 5753.jpg,3,healthy
plantvillage_leakfree/train/healthy/ddca8aa6-4338-40ea-bf8b-004a53547144___RS_HL 6052.jpg,3,healthy
plantvillage_leakfree/train/healthy/ddcb6c1e-1512-4f0f-95c0-8c99dbdba7e0___RS_HL 7801.jpg,3,healthy
plantvillage_leakfree/train/healthy/de10e57b-5529-437c-8d64-15821f05c574___RS_HL 8094.jpg,3,healthy
plantvillage_leakfree/train/healthy/de1cec8e-3880-4410-9fdb-99e79ce2dcbe___RS_HL 7819.jpg,3,healthy
plantvillage_leakfree/train/healthy/de864ffe-aea2-4c80-bd60-adfc8787be7f___RS_HL 5985.jpg,3,healthy
plantvillage_leakfree/train/healthy/decde1a5-7bb9-4f9c-ae10-99b8edcb24fd___RS_HL 7375.jpg,3,healthy
plantvillage_leakfree/train/healthy/deec00ab-1c30-441b-b6c0-9dd0dec827f4___RS_HL 6327.jpg,3,healthy
plantvillage_leakfree/train/healthy/df61d058-fa1e-4636-97e8-3e1d567fddd9___RS_HL 6139.jpg,3,healthy
plantvillage_leakfree/train/healthy/df6bce5a-1d1b-49f6-a9cb-8f262701b335___RS_HL 8164.jpg,3,healthy
plantvillage_leakfree/train/healthy/dfe47262-125f-4452-ab64-3c445b386061___RS_HL 7349.jpg,3,healthy
plantvillage_leakfree/train/healthy/dff74209-1167-4878-8236-e0bf62e877dd___RS_HL 7815.jpg,3,healthy
plantvillage_leakfree/train/healthy/e00be9db-9536-411d-a9f9-415387f2e605___RS_HL 7249.jpg,3,healthy
plantvillage_leakfree/train/healthy/e0b3b9e7-70ab-4cd5-ba2f-2924568dc837___RS_HL 7774.jpg,3,healthy
plantvillage_leakfree/train/healthy/e1049a9b-7eb2-423b-9a2f-299d24499732___RS_HL 7344.jpg,3,healthy
plantvillage_leakfree/train/healthy/e10f9ab3-4775-4947-920a-d272329ae225___RS_HL 7946.jpg,3,healthy
plantvillage_leakfree/train/healthy/e1ba14eb-adfc-4b8f-91ec-cb6fa892f501___RS_HL 7633.jpg,3,healthy
plantvillage_leakfree/train/healthy/e1e675c7-7ec2-44d9-b5c6-9b71151e1447___RS_HL 7466.jpg,3,healthy
plantvillage_leakfree/train/healthy/e1feed76-9ae7-449b-8c58-aebd806c680b___RS_HL 8034.jpg,3,healthy
plantvillage_leakfree/train/healthy/e25a6ff6-6872-4e79-ac62-14221935dd6b___RS_HL 5736.jpg,3,healthy
plantvillage_leakfree/train/healthy/e263a6c7-e289-4d26-ad07-1a11c6854208___RS_HL 8113.jpg,3,healthy
plantvillage_leakfree/train/healthy/e2799f4e-65ba-4f57-aa7d-9ac6cfa6c300___RS_HL 6265.jpg,3,healthy
plantvillage_leakfree/train/healthy/e29afa6a-10d2-4d5c-a31c-b06fdf1bbadd___RS_HL 7691.jpg,3,healthy
plantvillage_leakfree/train/healthy/e2af3daf-392f-4661-baf0-f4d4522a07f9___RS_HL 5652.jpg,3,healthy
plantvillage_leakfree/train/healthy/e2cce5a6-04a9-436d-8e56-3bf4979b47bc___RS_HL 5886.jpg,3,healthy
plantvillage_leakfree/train/healthy/e30a5d07-5f6a-459a-a92d-52f86824bd2a___RS_HL 7896.jpg,3,healthy
plantvillage_leakfree/train/healthy/e34850c1-041f-4674-ba19-b3c48956e986___RS_HL 6184.jpg,3,healthy
plantvillage_leakfree/train/healthy/e35729f0-09b8-4cd4-a04c-30c9b49095c5___RS_HL 6068.jpg,3,healthy
plantvillage_leakfree/train/healthy/e3a3c4f3-12b0-49f2-a14c-c73cdc542e74___RS_HL 7773.jpg,3,healthy
plantvillage_leakfree/train/healthy/e3aa227f-1e49-4a2a-8e10-6a1c5c985214___RS_HL 6057.jpg,3,healthy
plantvillage_leakfree/train/healthy/e3bbf9e4-4af5-4137-b996-440c5de827dd___RS_HL 5780.jpg,3,healthy
plantvillage_leakfree/train/healthy/e439a002-e035-401e-a1aa-77f99fbd65ad___RS_HL 5880.jpg,3,healthy
plantvillage_leakfree/train/healthy/e4bca84a-8bf3-477f-8c67-208f7484b0af___RS_HL 7287.jpg,3,healthy
plantvillage_leakfree/train/healthy/e4c6e085-5cc2-4bbb-a43e-3d839724c31d___RS_HL 8139.jpg,3,healthy
plantvillage_leakfree/train/healthy/e5e32bed-0c56-49c1-93d8-415115dd9a09___RS_HL 8006.jpg,3,healthy
plantvillage_leakfree/train/healthy/e662b14d-58f7-4347-98b7-ba9cbc1e858f___RS_HL 6024.jpg,3,healthy
plantvillage_leakfree/train/healthy/e6b195c1-8aa7-4853-9885-2a6db55b99aa___RS_HL 7409.jpg,3,healthy
plantvillage_leakfree/train/healthy/e6e1a82f-890f-4c43-b7cc-e35418a28359___RS_HL 6260.jpg,3,healthy
plantvillage_leakfree/train/healthy/e77cdcd7-1279-4cd1-87db-9d80721311b4___RS_HL 6283.jpg,3,healthy
plantvillage_leakfree/train/healthy/e7de79f6-05b5-4f79-8b00-b6c212bea3cd___RS_HL 7699.jpg,3,healthy
plantvillage_leakfree/train/healthy/e7ef1fc4-cb01-4be4-98ea-207ec6dfb91a___RS_HL 6316.jpg,3,healthy
plantvillage_leakfree/train/healthy/e7f0bd90-56b8-4d09-a406-9c4786eaca3a___RS_HL 7738.jpg,3,healthy
plantvillage_leakfree/train/healthy/e81989f9-3f71-4473-b997-fc0230a2f87e___RS_HL 7568.jpg,3,healthy
plantvillage_leakfree/train/healthy/e83245d3-f5e6-43f4-9621-899b089f1c08___RS_HL 7586.jpg,3,healthy
plantvillage_leakfree/train/healthy/e99a7776-9700-4845-bec6-b3db896f5562___RS_HL 7732.jpg,3,healthy
plantvillage_leakfree/train/healthy/e9a9e270-a397-4f0c-a1aa-d064d38379e2___RS_HL 8158.jpg,3,healthy
plantvillage_leakfree/train/healthy/e9f437d0-a209-461c-b071-5c8c13a2ed6a___RS_HL 6291.jpg,3,healthy
plantvillage_leakfree/train/healthy/ea6534d4-60f0-4607-b02b-fbd25fe9a9b4___RS_HL 5681.jpg,3,healthy
plantvillage_leakfree/train/healthy/eabe5670-2b40-4677-bc58-b30410ddbab0___RS_HL 7605.jpg,3,healthy
plantvillage_leakfree/train/healthy/ebfb312e-5c9c-40ed-a193-955439232491___RS_HL 7512.jpg,3,healthy
plantvillage_leakfree/train/healthy/ec41f18f-cd53-43db-ac79-954871449e40___RS_HL 7789.jpg,3,healthy
plantvillage_leakfree/train/healthy/ec5b9329-e53e-4578-ba60-03950b3e4883___RS_HL 7784.jpg,3,healthy
plantvillage_leakfree/train/healthy/ec9b03af-1ead-4a8f-ac8b-cf68ae3c46bb___RS_HL 7885.jpg,3,healthy
plantvillage_leakfree/train/healthy/ec9e541f-ebe0-4985-8a34-26f9daf88b5d___RS_HL 5948.jpg,3,healthy
plantvillage_leakfree/train/healthy/ed151c2d-14c0-49e0-bab4-48e5d879d9ca___RS_HL 7554.jpg,3,healthy
plantvillage_leakfree/train/healthy/ed921a4f-b7a5-4086-bcab-cbfe7a97d053___RS_HL 7449.jpg,3,healthy
plantvillage_leakfree/train/healthy/edf2aa3e-8736-4931-99dc-4a05252526b6___RS_HL 7710.jpg,3,healthy
plantvillage_leakfree/train/healthy/ee4eddac-1368-4d79-950f-e9b09e7cbd24___RS_HL 7704.jpg,3,healthy
plantvillage_leakfree/train/healthy/ee80e1f5-3e45-49a2-9766-ee6ec0981f91___RS_HL 5690.jpg,3,healthy
plantvillage_leakfree/train/healthy/eed4b520-3e7c-4a4f-8e7a-26cd9a893a32___RS_HL 5661.jpg,3,healthy
plantvillage_leakfree/train/healthy/eee67012-27f6-45d5-9365-2561429f046d___RS_HL 8165.jpg,3,healthy
plantvillage_leakfree/train/healthy/ef16aa29-f7bd-4bad-be8e-4877760a3712___RS_HL 5871.jpg,3,healthy
plantvillage_leakfree/train/healthy/ef39563c-7897-48be-b7d5-5371b873b110___RS_HL 8024.jpg,3,healthy
plantvillage_leakfree/train/healthy/efcddd81-0718-4555-ac8f-f417cc6e6280___RS_HL 7912.jpg,3,healthy
plantvillage_leakfree/train/healthy/f0033a40-7a27-46e8-bf31-5af5cd0a9691___RS_HL 7941.jpg,3,healthy
plantvillage_leakfree/train/healthy/f0194580-8ee6-4149-a63d-7935bc29c09e___RS_HL 7761.jpg,3,healthy
plantvillage_leakfree/train/healthy/f0327e86-a56c-4ed1-bcdb-ed0a46ccd5a9___RS_HL 5926.jpg,3,healthy
plantvillage_leakfree/train/healthy/f03b4260-bf5c-41be-a4fe-96a5c341e7fc___RS_HL 7262.jpg,3,healthy
plantvillage_leakfree/train/healthy/f09b090f-bff1-4fc9-87ad-1b9e05373698___RS_HL 6035.jpg,3,healthy
plantvillage_leakfree/train/healthy/f0cc8fe8-a9ec-42bb-83b7-274f8f5f00f0___RS_HL 7940.jpg,3,healthy
plantvillage_leakfree/train/healthy/f0fb0e55-8a67-4df0-be6f-90913f64bc28___RS_HL 7352.jpg,3,healthy
plantvillage_leakfree/train/healthy/f109ab3b-0e85-47e6-9c7b-fe1b7a52a530___RS_HL 7975.jpg,3,healthy
plantvillage_leakfree/train/healthy/f17a1770-7878-4f53-a432-e93429328836___RS_HL 6090.jpg,3,healthy
plantvillage_leakfree/train/healthy/f1953fa5-9c15-40a5-b9cd-43341f14dc4d___RS_HL 6115.jpg,3,healthy
plantvillage_leakfree/train/healthy/f1ff3bc9-8483-4255-a252-95433e00d5e2___RS_HL 7509.jpg,3,healthy
plantvillage_leakfree/train/healthy/f205d63f-9621-4509-b6e9-6d0ec7e3a402___RS_HL 7811.jpg,3,healthy
plantvillage_leakfree/train/healthy/f22abe65-38c0-4b02-b837-2ec8acb3803f___RS_HL 7868.jpg,3,healthy
plantvillage_leakfree/train/healthy/f2314f38-fd6f-4bee-b26e-ad095508beab___RS_HL 6145.jpg,3,healthy
plantvillage_leakfree/train/healthy/f2cda910-55c7-46d7-b1a2-9a3bb9792148___RS_HL 6274.jpg,3,healthy
plantvillage_leakfree/train/healthy/f2e3e754-4307-440e-8055-1261b7c5c53f___RS_HL 7724.jpg,3,healthy
plantvillage_leakfree/train/healthy/f31086c2-e23e-4ae1-85a4-89eb742271bc___RS_HL 7611.jpg,3,healthy
plantvillage_leakfree/train/healthy/f3113ef9-20d8-4c82-9bff-66fe60e41065___RS_HL 7790.jpg,3,healthy
plantvillage_leakfree/train/healthy/f32ff514-bb33-437d-96bb-526b36662981___RS_HL 6121.jpg,3,healthy
plantvillage_leakfree/train/healthy/f3676c6a-f226-4bc7-b3d4-c9537de075f4___RS_HL 7963.jpg,3,healthy
plantvillage_leakfree/train/healthy/f38f938c-4c62-49f0-b271-d0616057e84e___RS_HL 7843.jpg,3,healthy
plantvillage_leakfree/train/healthy/f3f9c00a-94b1-43bf-aa9a-a712f0925aaa___RS_HL 6308.jpg,3,healthy
plantvillage_leakfree/train/healthy/f472e594-6b98-402a-a097-22f46921df9e___RS_HL 7818.jpg,3,healthy
plantvillage_leakfree/train/healthy/f4a37893-7443-478a-a9af-ba75e1f32767___RS_HL 5653.jpg,3,healthy
plantvillage_leakfree/train/healthy/f4b6cf56-ec35-43f4-b5e4-eebf509c9580___RS_HL 5946.jpg,3,healthy
plantvillage_leakfree/train/healthy/f4de145c-b5e6-4503-b04c-abc3820ca7b9___RS_HL 8099.jpg,3,healthy
plantvillage_leakfree/train/healthy/f52ac76d-ad63-4561-911a-4b5245d4e91a___RS_HL 6133.jpg,3,healthy
plantvillage_leakfree/train/healthy/f6424729-cfe4-4f67-bd16-d4c5c84daaa0___RS_HL 6195.jpg,3,healthy
plantvillage_leakfree/train/healthy/f681d565-ab7a-4b83-b476-339589e176a3___RS_HL 8160.jpg,3,healthy
plantvillage_leakfree/train/healthy/f71f7765-379e-407d-911a-ef80cfde5c1d___RS_HL 7602.jpg,3,healthy
plantvillage_leakfree/train/healthy/f7416f1d-cd65-4f2e-be3e-ca701e693df5___RS_HL 7920.jpg,3,healthy
plantvillage_leakfree/train/healthy/f749db98-b26d-40d0-af8e-af6740848dca___RS_HL 7895.jpg,3,healthy
plantvillage_leakfree/train/healthy/f76ff409-9723-4b89-83f9-1ff33edaffbc___RS_HL 7331.jpg,3,healthy
plantvillage_leakfree/train/healthy/f797f26c-c6c4-42b7-af20-69e9c7d8bb35___RS_HL 7737.jpg,3,healthy
plantvillage_leakfree/train/healthy/f7ac955e-05a2-455a-88aa-2771234e9be0___RS_HL 7530.jpg,3,healthy
plantvillage_leakfree/train/healthy/f822b7fc-c28b-4fd8-8cde-037ed35c0b08___RS_HL 7847.jpg,3,healthy
plantvillage_leakfree/train/healthy/f85e6b2c-e4b2-42fe-99db-9583b58bb51b___RS_HL 6112.jpg,3,healthy
plantvillage_leakfree/train/healthy/f85fb3d4-c93d-4ef3-8ff2-47171f8aea77___RS_HL 6132.jpg,3,healthy
plantvillage_leakfree/train/healthy/f864bef8-0fb1-43e1-866f-a1e78336be9f___RS_HL 7521.jpg,3,healthy
plantvillage_leakfree/train/healthy/f867a4ff-fe32-4bc4-9fee-9403c5ade149___RS_HL 5752.jpg,3,healthy
plantvillage_leakfree/train/healthy/f876ed50-410a-4911-b82d-e95d3e73ecd0___RS_HL 6134.jpg,3,healthy
plantvillage_leakfree/train/healthy/f87dbe7e-189e-4dc9-ac5c-9b7737c34551___RS_HL 7665.jpg,3,healthy
plantvillage_leakfree/train/healthy/f8ac1022-aeb5-4d6c-a976-a4117a3c1b57___RS_HL 5892.jpg,3,healthy
plantvillage_leakfree/train/healthy/f8b4d48b-a454-4991-9f79-bba2f921ef9a___RS_HL 7705.jpg,3,healthy
plantvillage_leakfree/train/healthy/f902a6a0-a38b-441d-bd7e-5deb16ed709c___RS_HL 7727.jpg,3,healthy
plantvillage_leakfree/train/healthy/f9438410-18a8-4352-9aca-0d81c4574c2b___RS_HL 7742.jpg,3,healthy
plantvillage_leakfree/train/healthy/f995325a-1135-4bde-89a6-121b0fde8c6c___RS_HL 5891.jpg,3,healthy
plantvillage_leakfree/train/healthy/fa3dec4b-5fed-4ba4-808f-25b6b84c7c87___RS_HL 7525.jpg,3,healthy
plantvillage_leakfree/train/healthy/fa6db5ca-4c60-4ab4-8c23-b6bb852eafbe___RS_HL 7809.jpg,3,healthy
plantvillage_leakfree/train/healthy/fac07867-acdd-4a19-8be5-987958575af0___RS_HL 5972.jpg,3,healthy
plantvillage_leakfree/train/healthy/fac70506-5bb2-40bb-a8bd-249cbe7c27e3___RS_HL 7693.jpg,3,healthy
plantvillage_leakfree/train/healthy/fad6efb7-4486-4c45-8b23-1b6cf2a2912a___RS_HL 6077.jpg,3,healthy
plantvillage_leakfree/train/healthy/faf64a07-ea03-429d-b41d-2a87d2dd066a___RS_HL 5957.jpg,3,healthy
plantvillage_leakfree/train/healthy/fb0953a0-71a5-4c1c-9fb3-f0d9888c2170___RS_HL 8036.jpg,3,healthy
plantvillage_leakfree/train/healthy/fb5116a2-272b-49af-9c27-9b117376a306___RS_HL 8021.jpg,3,healthy
plantvillage_leakfree/train/healthy/fc7a6626-26f1-4edd-9fa3-f4017354ef44___RS_HL 5903.jpg,3,healthy
plantvillage_leakfree/train/healthy/fc90f3d6-25bc-445e-b418-a5df46878d67___RS_HL 5767.jpg,3,healthy
plantvillage_leakfree/train/healthy/fca55eaf-abbb-4941-89f7-e3698c1f77f1___RS_HL 8171.jpg,3,healthy
plantvillage_leakfree/train/healthy/fca87ead-171e-4dd8-9b2d-669f69158dc5___RS_HL 6113.jpg,3,healthy
plantvillage_leakfree/train/healthy/fd35b750-8672-4801-895f-88a1bab1ac70___RS_HL 7277.jpg,3,healthy
plantvillage_leakfree/train/healthy/fd4a1e5a-cba8-4f4d-a11a-8e131e907728___RS_HL 6154.jpg,3,healthy
plantvillage_leakfree/train/healthy/fd7d6a50-e28f-4014-8e15-6028b5f349d0___RS_HL 5953.jpg,3,healthy
plantvillage_leakfree/train/healthy/fda25357-1076-4707-83e7-d409448a11a8___RS_HL 6221.jpg,3,healthy
plantvillage_leakfree/train/healthy/fdbfa6f7-f887-442d-8df1-1f0cf839fc4d___RS_HL 6274.jpg,3,healthy
plantvillage_leakfree/train/healthy/fdc0d1ae-70a8-40a6-aab8-2be6c10391a6___RS_HL 8145.jpg,3,healthy
plantvillage_leakfree/train/healthy/fdd77f89-e3b1-4492-9da3-f46bbc8666d9___RS_HL 6219.jpg,3,healthy
plantvillage_leakfree/train/healthy/fe0701b3-d2f2-46b1-b88d-6ce5a6b2a687___RS_HL 7507.jpg,3,healthy
plantvillage_leakfree/train/healthy/fe768ce6-56c8-408f-921d-7c7d991bb742___RS_HL 7357.jpg,3,healthy
plantvillage_leakfree/train/healthy/fe89ea86-5245-49a9-9f61-fae47ecc51e9___RS_HL 8116.jpg,3,healthy
plantvillage_leakfree/train/healthy/fea00538-32c3-4876-8833-40652becc30c___RS_HL 5761.jpg,3,healthy
plantvillage_leakfree/train/healthy/feb2c7d8-0cfd-4eb1-86d0-78a893dd8943___RS_HL 7866.jpg,3,healthy
plantvillage_leakfree/train/healthy/fed54ef2-dab8-4f5f-9cdc-f6c76b9314fb___RS_HL 6118.jpg,3,healthy
plantvillage_leakfree/train/healthy/ff2e08fe-a803-4159-a9ec-0de65dbaad36___RS_HL 7368.jpg,3,healthy
plantvillage_leakfree/train/healthy/ff716adb-c699-4135-a62f-dfd35184a6bf___RS_HL 5875.jpg,3,healthy
plantvillage_leakfree/train/healthy/ff89a869-8eb9-4a0a-9132-dc63e94421bd___RS_HL 7649.jpg,3,healthy
plantvillage_leakfree/train/healthy/ffb59eab-a2c5-471b-96f9-7699d5504b4d___RS_HL 7390.jpg,3,healthy
